"fid" "mean_elev" "aspect" "canopy_height" "area_pa" "agricuture" "shifting_cultivation" "evergreen_deciduous_forest" "road_length" "X_populationmean.x" "hunting.24"
"1" 2 0.0108754082077476 0.532125461447865 0.531677997304098 -0.40107192792502 0.0405763007287862 -0.15429048696977 -1.8133468012696 1.80104815314566 0.156588224182843 "yes"
"2" 3 0.379596424923488 0.571781873286075 0.57133132867585 -0.40107192792502 -0.0712771359638681 -0.0856894220581517 -2.38526067095245 0.786819578069842 -0.155122864040456 "yes"
"3" 6 -0.156860001883915 0.493161937471602 0.492733107804662 -0.40107192792502 -0.356191190258794 1.74825863001674 -1.69876459872991 1.12858394982557 1.37306537080268 "yes"
"4" 7 -0.21028908546826 0.532835633623847 0.532403756701883 -0.40107192792502 -0.356191190258794 5.92798695114199 -1.65982350699345 0.863801603350167 0.171637912673629 "yes"
"5" 8 -0.216673114147746 0.572507657844885 0.572072697012065 -0.40107192792502 -0.149715663858035 7.01514953442071 -2.25167372096113 2.16974134208813 -0.155122864040456 "yes"
"6" 9 0.690550899799586 0.61217797341965 0.61173989203085 -0.40107192792502 -0.343782579520872 -0.504335036439768 0.169966400341994 -0.410833450040437 -0.339072633379834 "yes"
"7" 12 -0.243557600794976 0.493858129631938 0.493444927235553 -0.40107192792502 -0.356191190258794 2.6959424392208 -1.18381380420524 1.54910601220562 0.308894083775721 "yes"
"8" 13 -0.485410017706788 0.533547477732484 0.533131224688267 -0.40107192792502 -0.356191190258794 6.2224419810487 -1.72140689277278 0.524487908493724 0.362044118092822 "yes"
"9" 14 -0.621436003593556 0.573235151051528 0.572815810641247 -0.40107192792502 -0.169732000837698 4.19345793632077 -1.72087784232646 2.0776409972791 0.64622824445672 "yes"
"10" 15 -0.157275465168095 0.612921112811503 0.612498648327984 -0.40107192792502 0.811359842933108 3.15694500773145 -2.30992231919392 1.33701950643149 0.92098933300916 "yes"
"11" 16 0.336076767327775 0.652605326244625 0.652179700991361 -0.40107192792502 -0.00806130627675568 0.902984416240811 -0.460685094594716 0.56180721524649 0.647125634551401 "yes"
"12" 19 -0.583297415786128 0.494555959788532 0.494158421391523 -0.40107192792502 0.612001832058762 3.19043044449546 -1.64831051682731 0.0741865054693484 0.248398994360592 "yes"
"13" 20 -0.484377208449956 0.534260996624261 0.533860404175889 -0.40107192792502 -0.356191190258794 6.58461972294411 -2.46173265595502 1.96319197123892 0.479628108358599 "yes"
"14" 21 -0.88735034104572 0.573964355818744 0.573560672538422 -0.40107192792502 -0.356191190258794 6.58985887905415 -2.80672545811025 0.230865009895248 0.64622824445672 "yes"
"15" 22 0.127949482830136 0.613666000531959 0.613259189650059 -0.40107192792502 -0.356191190258794 3.62944220404979 -0.937200537802859 1.70383677224723 1.10601921790623 "yes"
"16" 23 0.680049946763289 0.653365893933563 0.652955918691161 -0.40107192792502 -0.356191190258794 0.616768820189619 0.31945666632256 0.555671941606697 0.739102992908786 "yes"
"17" 24 1.43731108278911 0.693063999202643 0.692650822852333 -0.40107192792502 -0.158672953947898 -0.56089602659842 -0.869389083503077 -0.58076651259919 -0.216360305239114 "yes"
"18" 31 -0.70013190344635 0.455533024720298 0.45515420772533 -0.40107192792502 -0.356191190258794 1.23553010992394 -1.46539682105436 -0.58076651259919 0.0999088009696055 "yes"
"19" 32 -0.247344823334753 0.495255430738593 0.49487359313207 -0.40107192792502 -0.356191190258794 3.462723159823 -1.53302415143643 1.27786303951953 0.349811611947602 "yes"
"20" 33 -0.697483901272141 0.534976193158775 0.534591298086937 -0.40107192792502 -0.332460910989068 4.74976341687124 -1.68819621525907 1.53820852555079 1.82889543219285 "yes"
"21" 34 -1.00356598531164 0.574695275068823 0.574307285688289 -0.40107192792502 -0.356191190258794 -0.481115842879201 -1.13270526869489 1.5156435489032 1.79499029413937 "yes"
"22" 35 -0.597763922018028 0.61441263956582 0.614021519044172 -0.40107192792502 -0.356191190258794 3.81052721947901 -1.19743632253292 0.871005386136686 1.34281217238643 "yes"
"23" 36 0.345670438404353 0.654128249756531 0.653733961272628 -0.40107192792502 -0.356191190258794 -0.551944287138728 -0.372899020595528 0.760448167627194 0.745158496598052 "yes"
"24" 37 0.724197940333577 0.693842068757718 0.693444575501336 -0.40107192792502 -0.356191190258794 0.0421322617886151 -0.493325655541719 0.866903742915048 -0.15732486352952 "yes"
"25" 38 1.0697403242044 0.733554059695783 0.733153324868334 -0.40107192792502 0.133446902561978 -0.304258621274807 0.241880954167983 -0.528659234568963 -0.022737775053826 "yes"
"26" 39 0.694234269350814 0.773264185707486 0.772860172521982 -0.40107192792502 -0.294575676292927 0.0787189331699236 -0.770080520966538 0.823243568047054 0.142559947072187 "yes"
"27" 42 -1.32667748543222 -1.96945085686627 -1.96969957324235 0.276820196793887 0.247011667466483 -0.56089602659842 -0.426228483411575 1.23510139812546 0.738416692796044 "yes"
"28" 43 -1.1938657341567 -1.92968241639012 -1.92993189281738 2.04482925153132 -0.356191190258794 -0.56089602659842 0.377499221417992 -0.58076651259919 0.657252980358206 "yes"
"29" 44 -1.22052980341463 -1.88991335727739 -1.89016363093303 0.751839787981249 -0.349957552461369 -0.533798852111458 0.00902602555700832 -0.58076651259919 0.259567104714966 "yes"
"30" 45 -1.3280665385977 -1.85014371668512 -1.85039482474819 1.77591430224094 0.374139334789888 -0.56089602659842 -0.73562701695009 -0.58076651259919 1.08324674043499 "yes"
"31" 51 -1.39785556687246 -1.25355460522686 -1.2538226916052 -0.40107192792502 -0.301326521221552 -0.56089602659842 -1.23292633817833 -0.58076651259919 0.902792053433498 "yes"
"32" 52 -1.44585385351161 -1.21378071634054 -1.21405023209102 -0.40107192792502 -0.356191190258794 -0.56089602659842 -1.44190881073684 -0.58076651259919 1.0696539064546 "yes"
"33" 58 -0.797751624676517 0.495956545288249 0.495590445326175 -0.40107192792502 -0.356191190258794 2.02226245933339 -1.13525037554948 0.971157987898851 0.360397782225002 "yes"
"34" 59 -0.844839511747639 0.535693070205105 0.535323909352979 -0.40107192792502 -0.295591471697646 0.866489886224829 -1.64564315618508 2.78787574440354 1.88551559182736 "yes"
"35" 60 -0.957508519845653 0.575427911733435 0.575055653085073 -0.40107192792502 -0.356191190258794 2.33355138312776 -0.923823557206577 1.42312624300467 2.08218072949472 "yes"
"36" 61 -0.776405976896025 0.615161032907416 0.61478563956761 -0.40107192792502 -0.356191190258794 1.74326693309847 -1.47920076111044 1.22378952170741 1.23137462100972 "yes"
"37" 62 -0.0902059766036745 0.654892396770918 0.654513831855504 -0.40107192792502 -0.356191190258794 1.67908774119367 -0.893708291743266 -0.0334977598268917 0.773447075265697 "yes"
"38" 63 0.679620952026649 0.694621966377574 0.694240193013721 -0.40107192792502 -0.356191190258794 0.270926650543037 0.206201814416472 -0.165800521066152 0.152401188568569 "yes"
"39" 64 0.203565662841009 0.734349704791073 0.733964686117442 -0.40107192792502 -0.356191190258794 0.343667981089564 -1.38936370610469 1.81462653419953 0.18969122582564 "yes"
"40" 65 0.32211203422502 0.774075575085311 0.77368727425228 -0.40107192792502 -0.356146742002934 2.11861448933284 -0.887634494683606 0.520167644335072 0.307019474195892 "yes"
"41" 66 0.95304343380329 0.813799540344624 0.813407920514474 -0.40107192792502 0.443142611909095 -0.56089602659842 -1.42390943114502 -0.58076651259919 -0.262628567950198 "yes"
"42" 67 0.857361713898014 0.853521563663971 0.853126588010957 -0.40107192792502 0.886454733118991 -0.56089602659842 -0.778822080419243 -0.58076651259919 -0.473724616782757 "yes"
"43" 70 -0.719008231788425 -1.9697306553135 -1.96996350827456 1.06369663331371 0.000111721544846342 0.308940611838845 -1.53679907674146 2.02808014959978 -0.221847901583314 "yes"
"44" 71 -0.291472872214411 -1.92994636057257 -1.93017997307151 0.0700984783107654 -0.356191190258794 0.0337106928235355 0.390214128845738 0.288782049089524 -0.268227980881713 "yes"
"45" 72 -0.56497215560451 -1.89016144613209 -1.89039585541001 -0.40107192792502 -0.356191190258794 0.978511535414158 -0.246411369677502 -0.428770138709827 -0.522892560052502 "yes"
"46" 73 -0.813802591254226 -1.85037594921299 -1.85061119251284 -0.236548513188022 -0.356191190258794 -0.56089602659842 0.544372354833512 -0.58076651259919 -0.206703651104614 "yes"
"47" 74 -0.909563589750517 -1.8105899070393 -1.81082602160594 0.407715635167695 -0.356191190258794 -0.56089602659842 0.459419237447481 -0.58076651259919 -0.158090298124036 "yes"
"48" 75 -1.18459051723383 -1.77080335683826 -1.77104037991806 0.0543267323021769 -0.356191190258794 -0.56089602659842 0.512326463247326 -0.58076651259919 -0.0564400146047304 "yes"
"49" 76 -1.31680368126077 -1.73101633583994 -1.73125430468063 -0.40107192792502 -0.343823709560813 -0.56089602659842 -0.543501252398278 0.407794918052023 -0.511407227376988 "yes"
"50" 77 -1.16738898654066 -1.69122888127702 -1.69146783312741 -0.40107192792502 -0.356191190258794 -0.56089602659842 -1.190792184914 -0.58076651259919 -0.350371079477106 "yes"
"51" 78 -1.41744638567548 -1.65144103038458 -1.65168100249443 0.927348179915308 -0.356191190258794 -0.535909190207823 -1.14974042160269 -0.58076651259919 -0.046328086146481 "yes"
"52" 79 -1.46689820138055 -1.61165282039994 -1.6118938500198 0.299899491571529 -0.356191190258794 -0.56089602659842 -1.18188901274225 -0.58076651259919 0.188172620846176 "yes"
"53" 82 -1.48845290601347 -1.33312842423295 -1.33337789945386 2.32538252348085 -0.356191190258794 -0.56089602659842 -0.0290399502223838 -0.58076651259919 -0.497458586735175 "yes"
"54" 83 -1.5467777223481 -1.29333868225279 -1.29358951298872 2.95954552162108 -0.0927890624029143 -0.553374117357074 -0.0666775477195123 -0.154911085780274 -0.101930531031346 "yes"
"55" 84 -1.43254795814422 -1.25354891638203 -1.25380113988063 -0.140875465019717 -0.0618902951579615 -0.549710626868689 0.148973350034757 -0.254664511205964 -0.102619704936211 "yes"
"56" 85 -1.32863898643039 -1.2137591638688 -1.21401281737627 -0.40107192792502 -0.356191190258794 -0.56089602659842 0.717358532922079 -0.58076651259919 -0.11487675588567 "yes"
"57" 86 -1.4882458119665 -1.17396946196105 -1.17422458272203 1.26768382630329 -0.294670541575317 -0.240198479104712 0.121709820846692 -0.179150734178182 -0.0803673395379165 "yes"
"58" 87 -1.49470434755388 -1.13417984790647 -1.13443647316389 0.52319445572264 -0.356191190258794 -0.384640155415534 0.373944267633564 -0.216602538926731 -0.308842239429271 "yes"
"59" 88 -1.31223529403664 -1.09439035895232 -1.09464852594716 -0.40107192792502 -0.276969577899253 -0.56089602659842 0.221544519460402 -0.58076651259919 0.118956878503557 "yes"
"60" 89 -1.08713227155163 -1.05460103234521 -1.05486077831605 -0.40107192792502 -0.356191190258794 -0.56089602659842 -0.322474282919003 -0.58076651259919 0.00915540860561284 "yes"
"61" 90 -1.17265139584888 -1.01481190533064 -1.01507326751373 -0.40107192792502 -0.356191190258794 -0.56089602659842 -0.858650151531943 -0.58076651259919 0.233119357505361 "yes"
"62" 91 -1.31682386852493 -0.975023015153071 -0.975286030782226 1.11919992192257 -0.345538046168931 -0.56089602659842 -0.581674803926624 -0.115075761768519 -0.131607287780018 "yes"
"63" 92 -1.41650295863818 -0.935234399055818 -0.9354991053617 -0.40107192792502 -0.356191190258794 -0.183663623772561 -0.0138397826687708 -0.0331227990970414 1.01654102206607 "yes"
"64" 93 -1.56015519489214 -0.895446094280336 -0.895712528490942 -0.40107192792502 1.60356760557901 -0.222299219123751 -0.882531713370382 0.652553830570488 1.09851211070286 "yes"
"65" 94 -1.60610599429449 -0.855658138066706 -0.855926337406406 -0.40107192792502 1.54654652272829 -0.299423633403192 -1.10943923263216 -0.0826228326741694 1.41560574524896 "yes"
"66" 95 -1.64588459184188 -0.815870567652673 -0.816140569342593 -0.40107192792502 1.09983854738827 -0.353420074074422 -1.25042384976914 1.69663860210396 1.76300583146203 "yes"
"67" 99 -1.17476281779241 0.496659306252808 0.496308980852119 -0.40107192792502 -0.267380380261698 1.14335934841159 -0.509995541750114 1.72540411489208 0.195263535671189 "yes"
"68" 100 -1.00284122574228 0.536411630641632 0.536058240915324 -0.40107192792502 -0.349030783001589 2.78490559178284 -1.47381655134579 0.913681087036372 0.802086682469095 "yes"
"69" 101 -1.1273921083022 0.576162268753989 0.575805777733042 -0.40107192792502 -0.356191190258794 1.66973393648635 -1.50507525811868 0.238245396095587 0.958768938873305 "yes"
"70" 102 -0.478446959414415 0.615911183561117 0.615551554287285 -0.40107192792502 -0.356191190258794 0.470547709037049 -0.777935111838301 1.00926949835767 0.413206386169816 "yes"
"71" 103 0.0546422496036397 0.655658338043744 0.655295533569693 -0.40107192792502 -0.356191190258794 0.768738309220928 -0.149134011807805 0.469121487014729 1.0884862377041 "yes"
"72" 104 0.0412957693806618 0.695403695192228 0.69503767858232 -0.40107192792502 -0.356191190258794 1.70303565054572 -0.636232382529734 0.455770559434218 2.12034996628327 "yes"
"73" 105 0.423780455706934 0.735147218007339 0.734777952337262 -0.40107192792502 -0.356191190258794 0.0360197234127807 -0.249231340822613 0.30169981563551 1.03480903098312 "yes"
"74" 106 -0.0668083326332083 0.774888869499891 0.774516317857016 -0.40107192792502 -0.356191190258794 2.00889378599248 -1.69709320047605 2.05523272856454 -0.00027853330893865 "yes"
"75" 107 0.112802981878926 0.814628612691099 0.814252738174997 -0.40107192792502 -0.356191190258794 0.594646893345883 -0.0112065256004941 0.0160965683722916 -0.0423089339690364 "yes"
"76" 108 0.22251868084755 0.854366410613096 0.853987176335201 -0.40107192792502 -0.329442892949181 -0.214212320191814 0.0547718914906521 -0.544997201922482 -0.0808332690035032 "yes"
"77" 111 0.0226241261996846 -1.9700111106783 -1.97022806298541 -0.40107192792502 -0.356191190258794 2.22166508037909 -1.1807921884787 0.725152870242224 -0.157772210511557 "yes"
"78" 112 0.268751736181539 -1.93021092445515 -1.93042863578468 -0.40107192792502 -0.356191190258794 -0.424770259790524 0.402094238290113 -0.504180496594827 -0.359059836761169 "yes"
"79" 113 0.568814561468118 -1.89041011746605 -1.89062862512316 -0.40107192792502 -0.356191190258794 -0.347610066496763 0.751596880701138 -0.58076651259919 -0.43332413203153 "yes"
"80" 114 0.523603287788788 -1.85060872699592 -1.85082806828775 -0.40107192792502 -0.356191190258794 -0.56089602659842 0.804715269795827 -0.58076651259919 -0.51755248079532 "yes"
"81" 115 -0.108990716748012 -1.81080679033297 -1.81102700256831 0.654275810240323 -0.356191190258794 -0.56089602659842 0.73542444599793 -0.58076651259919 -0.52307980071829 "yes"
"82" 116 -0.638163448272945 -1.77100434476836 -1.7712254652577 1.02353731556143 -0.308484098924071 -0.56089602659842 0.652698990253004 -0.27439381389653 -0.49789391231482 "yes"
"83" 117 -0.608889740034455 -1.73120142759621 -1.73142349365137 1.08906920754911 -0.356191190258794 -0.502773486193014 0.646641069923423 0.386159288368648 -0.429081097774795 "yes"
"84" 118 -0.541311502122748 -1.6913980761133 -1.69162112504722 0.47365679774177 -0.356191190258794 -0.56089602659842 0.723716625915173 -0.58076651259919 -0.397013812855776 "yes"
"85" 119 -0.843594357904136 -1.6515943276188 -1.65181839674529 -0.14297526480977 -0.356191190258794 -0.56089602659842 0.576460885883115 -0.58076651259919 -0.207106328551967 "yes"
"86" 120 -1.34480674591809 -1.61179021941405 -1.61201534604781 2.04680468897126 -0.0277782147736088 -0.478461368404455 -0.0112579695316537 -0.231476268561731 -0.0645629303894335 "yes"
"87" 121 -1.51335397680709 -1.57198578880258 -1.57221201025871 0.600324190555724 -0.0704198875991635 -0.56089602659842 -1.63489360106869 1.84948154582728 0.204690024582013 "yes"
"88" 126 -1.53170674952929 -1.37296010537878 -1.37319236067704 2.56172445341987 -0.356191190258794 -0.56089602659842 -0.124621585743827 -0.58076651259919 -0.502935190888075 "yes"
"89" 127 -1.29993740665333 -1.33315452378555 -1.33338809779604 3.18160338528454 -0.356191190258794 -0.56089602659842 0.726215563644564 -0.58076651259919 -0.511654944179438 "yes"
"90" 128 -1.00548158504343 -1.29334888094853 -1.29358381098414 3.18160339879446 -0.356191190258794 -0.56089602659842 0.741452308893828 -0.58076651259919 -0.441595871726082 "yes"
"91" 129 -1.43457757238837 -1.25354321417977 -1.25377953755227 1.2875087924309 0.199521422964314 -0.539917439718742 -0.577187825670993 0.111269375974372 -0.392582597820605 "yes"
"92" 130 -1.26042268279924 -1.21373756079152 -1.21397531481121 -0.40107192792502 -0.351169192025815 -0.509902850179664 0.265779671097526 0.0467411356115977 -0.427448919722391 "yes"
"93" 131 -1.17888697678018 -1.17393195809584 -1.17417118007157 -0.40107192792502 -0.105131867343923 -0.22415646549193 -0.369721307291658 -0.103322608944768 -0.430864932901431 "yes"
"94" 132 -1.3013051022318 -1.13412644340462 -1.13436717064335 -0.40107192792502 -0.232716215803797 -0.204355040377008 0.0167233222223588 -0.58076651259919 -0.397777350934056 "yes"
"95" 133 -1.31605085843399 -1.09432105402916 -1.09456332383581 -0.40107192792502 -0.356191190258794 -0.56089602659842 0.695390712460274 -0.58076651259919 -0.342139351001583 "yes"
"96" 134 -1.24215692407071 -1.05451582728003 -1.05475967695752 -0.40107192792502 -0.276903635240616 -0.496935372741179 0.675109784441469 -0.58076651259919 -0.295079696782672 "yes"
"97" 135 -1.11712392200115 -1.01471080046707 -1.01495626731569 -0.40107192792502 -0.356191190258794 -0.477482093801678 0.717149211806291 -0.58076651259919 -0.26060859620649 "yes"
"98" 136 -1.40433472455787 -0.974906010898798 -0.975153132216284 -0.246594773506056 0.466660173301914 -0.151398619398994 -0.0868722182045485 -0.344101127545331 -0.18472631346521 "yes"
"99" 137 -1.42051877525309 -0.935101495882475 -0.935350308963696 -0.40107192792502 0.432744932714212 -0.56052553407486 0.090790602254361 0.0338523619997617 -0.114939294223199 "yes"
"100" 138 -1.18936348087468 -0.895297292723777 -0.895547834860701 -0.40107192792502 -0.356191190258794 -0.330676325933098 0.672856224783734 -0.308521124327603 -0.0575469200775692 "yes"
"101" 139 -1.18109799324866 -0.855493438726777 -0.855745747207892 -0.40107192792502 -0.356191190258794 -0.144800415054042 0.663775451772961 -0.58076651259919 2.05345855613922 "yes"
"102" 140 -1.35223797086425 -0.815689971193359 -0.815944083303975 -0.40107192792502 -0.341611442286601 0.66987243321612 0.290780753965069 0.483100772643874 3.43631925946423 "yes"
"103" 141 -1.45572964764544 -0.775886927423525 -0.776142880444874 -0.40107192792502 -0.338096395794551 0.698000081966827 0.413767255810455 -0.482021568481551 4.55796499132351 "yes"
"104" 142 -1.58983795866419 -0.73608434471449 -0.736342175924381 -0.40107192792502 1.39456153929422 -0.42324649546177 -1.47256749601596 -0.010627698597988 4.22882385739067 "yes"
"105" 144 -1.43287304929957 0.457593903486143 0.457262420355089 -0.40107192792502 -0.356191190258794 0.472634014868295 -1.46334481069851 0.928835811132278 0.964467199400321 "yes"
"106" 145 -1.2832675989848 0.497363716457024 0.497029202597484 -0.40107192792502 -0.356191190258794 0.430487311729782 0.0550978996618982 1.17325695000002 0.626275245545996 "yes"
"107" 146 -1.24171270778298 0.53713187735604 0.536794295724885 -0.40107192792502 -0.279922254283632 2.6322803043306 -0.498102279580664 0.022891834623052 0.334189348138326 "yes"
"108" 147 -1.34492052610573 0.576898349081502 0.576557662646314 -0.40107192792502 -0.356191190258794 1.25514538434446 -0.803472199444835 0.475890401921725 0.209827789163018 "yes"
"109" 148 -1.06615547223954 0.616663094541148 0.616319266280308 -0.40107192792502 -0.356191190258794 2.76630970924267 -1.00769033127851 0.817180341683479 -0.0039719749204699 "yes"
"110" 149 -0.889360807132009 0.656426076652228 0.656079069555481 -0.40107192792502 -0.356191190258794 1.41926812247779 -1.06769146007396 0.935967256608773 1.17036490057632 "yes"
"111" 150 -0.581292192278479 0.696187258342071 0.695837035410434 -0.40107192792502 -0.356191190258794 0.646254114133572 -0.813385593215552 2.83709804026016 2.81241764297801 "yes"
"112" 151 -0.287954496803868 0.735946602547993 0.735593126793987 -0.40107192792502 -0.310764479393889 -0.286321835550315 0.235859325180496 0.3092990409433 1.1951196651489 "yes"
"113" 152 0.578892275507099 0.775704072217531 0.775347306665501 -0.40107192792502 -0.356191190258794 -0.212495337114956 0.454215399052401 -0.0478803772063164 -0.166904401202915 "yes"
"114" 153 -0.185457538104432 0.815459630308759 0.815099537995126 -0.40107192792502 -0.353059173994126 1.24204609785367 -0.534439944051408 -0.126575548551012 0.0701050272144144 "yes"
"115" 154 -0.146759350274373 0.855213239790546 0.854849783763844 -0.40107192792502 -0.332680604260898 3.64916935490595 -0.795826868163991 1.35446302673475 0.0926126775447705 "yes"
"116" 155 0.670362124041834 0.89496486364259 0.894598006963689 -0.40107192792502 0.247256642407171 -0.557459539270592 -0.332889134015757 -0.58076651259919 -0.405924436698766 "yes"
"117" 157 1.26777997040481 -2.01010767989652 -2.01030797310899 -0.40107192792502 -0.356191190258794 -0.223381032457127 -0.394374942796772 -0.473935660687861 0.296989174543435 "yes"
"118" 158 -0.00929489314312617 -1.97029222409104 -1.97049323844122 -0.40107192792502 0.254934064220038 0.951460124189414 -2.05873146437095 3.10545200184714 0.483608691410512 "yes"
"119" 159 0.851279632201272 -1.93047610910421 -1.93067788195915 -0.40107192792502 0.214050227216687 0.37299104588897 -1.13986939894433 -0.403419147457284 -0.0591766677621698 "yes"
"120" 160 1.42664748471919 -1.89065937228152 -1.89086194101073 -0.40107192792502 -0.356191190258794 0.381249998680236 0.417279928866947 -0.58076651259919 -0.298971488967947 "yes"
"121" 161 1.6704380326903 -1.85084205097221 -1.85104545294709 0.101600418951248 -0.356191190258794 -0.56089602659842 0.804715265123995 -0.58076651259919 -0.492230607675172 "yes"
"122" 162 0.794089436348069 -1.81102418252872 -1.81122845512234 3.0513264879933 -0.356191190258794 -0.56089602659842 0.802636555743552 -0.58076651259919 -0.528064722299834 "yes"
"123" 163 0.229882041977224 -1.77120580430646 -1.77141098489354 3.18160323296613 -0.356191190258794 -0.494257183902167 0.758092789967065 0.413704266011333 -0.514107640407245 "yes"
"124" 164 0.500074530092172 -1.73138695366375 -1.7315930796204 3.62973907417235 -0.356191190258794 -0.56089602659842 0.708920071254799 0.238034355915886 -0.305591896490674 "yes"
"125" 165 0.252120145417743 -1.69156766796163 -1.69177477666512 3.4296203786846 -0.356191190258794 -0.476227831787074 0.661886735703371 -0.58076651259919 -0.133187354415111 "yes"
"126" 166 -0.438506774755379 -1.65174798456358 -1.65195611339214 1.85831858306001 -0.356191190258794 -0.55170187970442 0.647769544910654 -0.58076651259919 -0.0393501304985309 "yes"
"127" 167 -1.026611148336 -1.61192794083534 -1.61213712716776 0.839825227325726 -0.327272021457335 -0.418280552049185 0.315206363539178 0.0253696508975941 -0.0204895269208309 "yes"
"128" 168 -1.10658934317225 -1.57210757414451 -1.57231785536032 3.15485520908241 -0.356191190258794 -0.56089602659842 0.686496291813128 -0.58076651259919 -0.306594586664955 "yes"
"129" 169 -1.43502090171376 -1.53228692186071 -1.53249833533971 3.1731158520083 -0.356191190258794 -0.56089602659842 0.394456022417045 -0.58076651259919 -0.532391634161932 "yes"
"130" 170 -1.46575300475984 -1.49246602135514 -1.49267860447714 3.1816033275691 -0.356191190258794 -0.56089602659842 0.61286188195596 -0.58076651259919 -0.490346601281601 "yes"
"131" 171 -1.5408028461476 -1.45264491000029 -1.45285870014494 3.18160334107833 -0.356191190258794 -0.56089602659842 0.20633785610416 -0.58076651259919 -0.509475379744392 "yes"
"132" 172 -1.27284378053437 -1.4128236251698 -1.41303865971674 3.18160335458557 -0.356191190258794 -0.56089602659842 0.681409324795448 -0.58076651259919 -0.529451059373415 "yes"
"133" 173 -0.879703681801125 -1.3730022042386 -1.37321852056651 3.18160336809311 -0.356191190258794 -0.56089602659842 0.681160684709883 -0.58076651259919 -0.529745910168215 "yes"
"134" 174 -0.776862669457667 -1.33318068458194 -1.33339832006903 2.42160392415002 -0.356191190258794 -0.361490052544581 0.63483396993727 -0.58076651259919 -0.532949479593242 "yes"
"135" 175 -0.838559468842509 -1.29335910357591 -1.29357809559952 2.005449800138 -0.356191190258794 -0.56089602659842 0.72254172066143 -0.58076651259919 -0.522642350778326 "yes"
"136" 176 -0.765069890315614 -1.25353749859701 -1.25375788453301 0.76185941904983 -0.356191190258794 -0.393529913523611 0.608576247631578 -0.58076651259919 -0.516952180185978 "yes"
"137" 177 -0.332589315688897 -1.21371590702159 -1.21393772424481 -0.40107192792502 -0.356191190258794 -0.546234116688316 0.671430882111199 -0.58076651259919 -0.517924468594815 "yes"
"138" 178 -0.60060690537029 -1.17389436622622 -1.17411765210955 -0.40107192792502 -0.356191190258794 -0.555475170204972 0.640575720683558 -0.58076651259919 -0.517538924383265 "yes"
"139" 179 -0.288530022965018 -1.13407291358686 -1.13429770550182 -0.40107192792502 -0.356191190258794 -0.56089602659842 0.687649543865623 -0.58076651259919 -0.531180021588644 "yes"
"140" 180 -0.808641057224281 -1.09425158647937 -1.09447792179513 -0.40107192792502 -0.356191190258794 -0.501658209787193 0.701460150092275 -0.58076651259919 -0.501592785787169 "yes"
"141" 181 -0.636414504031851 -1.05443042227858 -1.05465833836229 -0.40107192792502 -0.233133351081151 -0.262470480514323 0.462971946751595 -0.58076651259919 -0.447458138687576 "yes"
"142" 182 -1.03423388101374 -1.01460945835858 -1.01483899257491 -0.40107192792502 0.0331825831324716 -0.439071525258919 -0.238357127773517 -0.0560274817010399 -0.393569368433671 "yes"
"143" 183 -1.01156600844716 -0.974788732092275 -0.975019921803158 -0.40107192792502 0.635736965518497 -0.248058008985951 -0.408008102014985 -0.0758501320394094 -0.26440484098367 "yes"
"144" 184 -1.10827689088889 -0.934968280851138 -0.93520116341584 -0.40107192792502 0.59209424513853 -0.381837187607627 -0.466653696600157 0.183102950937015 -0.175025302952046 "yes"
"145" 185 -1.38330642713087 -0.895148142005262 -0.895382754779872 -0.40107192792502 1.19852302449411 0.138450779367036 -0.724291917122897 1.37526803316608 -0.0987358210970121 "yes"
"146" 186 -1.31827694861582 -0.85532835292286 -0.855564733260262 -0.40107192792502 0.565706713827964 0.865645449842779 -0.24599206837298 1.0600108380661 5.71180061734665 "yes"
"147" 187 -1.47333437024022 -0.815508950970238 -0.815747136219912 -0.40107192792502 0.0453121746257747 0.450935064049027 -0.921560004562077 5.84468743722358 9.02783023337029 "yes"
"148" 188 -1.4888618420155 -0.775689973511592 -0.775930001019096 -0.40107192792502 0.187204770002209 0.300514193393927 -0.139202646785832 1.64643375274507 8.75013689278717 "yes"
"149" 189 -1.3934081934737 -0.735871457908491 -0.736113365015812 -0.40107192792502 -0.356191190258794 0.334278426742295 0.581263236961063 -0.58076651259919 6.90484896509943 "yes"
"150" 190 -1.55151334906469 -0.696053441520229 -0.696297265564959 -0.40107192792502 0.586109203991838 0.269879701786093 -0.422268359103806 0.889702009522314 3.06488436376483 "yes"
"151" 194 -1.45609400421491 0.498069778734428 0.49775111345937 -0.40107192792502 -0.356191190258794 -0.370105556277718 -2.27303885368907 0.65774758372408 2.86117299000011 "yes"
"152" 195 -1.35716817063665 0.537853813245527 0.537532076742056 -0.40107192792502 -0.356191190258794 0.145677191679339 0.172098146021057 -0.372709205156107 0.505985953542241 "yes"
"153" 196 -1.37723729693735 0.57763615567647 0.577311310848524 -0.40107192792502 -0.356191190258794 0.736495539080523 -0.0966808948426131 -0.326762919212834 0.154345390638988 "yes"
"154" 197 -1.30419083235054 0.617416768871247 0.617088778633869 -0.40107192792502 -0.356191190258794 0.621885268728668 -0.221266440479197 0.239524020933792 -0.0521924428229508 "yes"
"155" 198 -1.16129389172184 0.657195615683666 0.656864442963252 -0.40107192792502 -0.356191190258794 0.185643712347276 -1.36347599758811 0.412715497503347 0.611140294248797 "yes"
"156" 199 -1.05366901069873 0.696972658977599 0.696638266711595 -0.40107192792502 -0.356191190258794 0.337464518144335 -0.633793258475572 -0.113710894027964 1.5003981124805 "yes"
"157" 200 -0.83138771691795 0.736747861626681 0.736410212764436 -0.40107192792502 -0.326992460407612 1.63157429893551 -0.498188103817413 1.10660860806917 0.845797361180237 "yes"
"158" 201 -0.0518730095847194 0.776521186515164 0.77618024401769 -0.40107192792502 -0.356191190258794 -0.0892445992078123 0.498160697646684 -0.258494209477569 0.0162489416184685 "yes"
"159" 202 -0.028441178714554 0.816292596537678 0.815948323378058 -0.40107192792502 -0.356191190258794 0.116132456865762 0.532009261454021 -0.58076651259919 -0.0595085101331286 "yes"
"160" 203 -0.350146348094734 0.856062054599636 0.855714413763258 -0.40107192792502 -0.274422633710565 1.79889626461187 -0.597493262141802 1.33312150544754 -0.0949244875134234 "yes"
"161" 204 0.187055755304223 0.895829523617471 0.895478478101926 -0.40107192792502 -0.356191190258794 -0.369058783244677 0.702841818660908 -0.339645017018626 -0.262669237161355 "yes"
"162" 205 0.686393853954566 0.935594966518533 0.935240479334221 -0.40107192792502 0.535081491837037 -0.56089602659842 -0.021391753259628 -0.58076651259919 -0.388838644833145 "yes"
"163" 206 0.188972877020068 0.975358346241699 0.975000380411906 -0.40107192792502 0.894018564443519 -0.56089602659842 -0.736926073308496 -0.58076651259919 -0.437749855900527 "yes"
"164" 209 0.477760204346244 -2.01040541746284 -2.01058973593545 -0.40107192792502 -0.133209171445896 0.222091836537812 -1.25489574570939 1.20415171578996 0.227219015174292 "yes"
"165" 210 0.503160294856545 -1.97057399668581 -1.97075903571183 -0.40107192792502 -0.309188312875605 0.592583789219365 -1.66066669296286 3.50320811596823 0.410700962563364 "yes"
"166" 211 1.42809661289161 -1.93074191558962 -1.93092771260059 -0.40107192792502 0.480416320464558 -0.0732261720989382 -0.183864592914996 0.813697805758743 -0.0685605256479085 "yes"
"167" 212 1.54237994203764 -1.89090921158422 -1.89109580401416 -0.40107192792502 -0.141965889423298 -0.0660631293394255 -0.190119551202251 1.07616597118 -0.278136767095891 "yes"
"168" 213 1.74062724041889 -1.85107592208334 -1.851263347368 -0.34790921886801 -0.16631973968303 -0.352590110497219 0.0173445549531862 0.497471527877953 -0.360614708247947 "yes"
"169" 215 1.47737863079338 -1.7714077362653 -1.77159693957402 3.03318468503095 -0.356191190258794 -0.56089602659842 0.765265638998264 -0.226518403479974 -0.32567032176967 "yes"
"170" 216 1.71814574541749 -1.73157291479102 -1.73176306327191 3.79169466729922 -0.356191190258794 -0.56089602659842 0.424744291267007 0.290593152086819 -0.18161584750277 "yes"
"171" 217 1.25526697772366 -1.69173765750623 -1.6919287886011 3.18295549076278 -0.356191190258794 -0.411826674178988 0.0300754247109364 -0.58076651259919 -0.0555464664997621 "yes"
"172" 218 0.047905109811968 -1.65190200183894 -1.65209415299057 3.17214756130112 -0.356191190258794 -0.178936974472771 0.598866049116696 0.89370134729618 -0.0412923110665025 "yes"
"173" 219 -1.05109108638073 -1.61206598521941 -1.6122591938711 1.46450425484853 -0.29357205600531 -0.391606637090232 -0.0526393648867185 1.15095285969537 -0.0678968580310475 "yes"
"174" 220 -0.60776330602504 -1.57222964507972 -1.57242394867548 3.18160329689618 -0.356191190258794 -0.56089602659842 0.710441741494356 -0.58076651259919 -0.34620949731162 "yes"
"175" 221 -0.901505141023062 -1.53239301885396 -1.53258845483817 3.18160331040118 -0.356191190258794 -0.56089602659842 0.689110874758336 -0.58076651259919 -0.4802553308467 "yes"
"176" 222 -1.20342003202824 -1.49255614397791 -1.49275274979482 3.1816033239069 -0.356191190258794 -0.56089602659842 0.64508929492767 -0.58076651259919 -0.518411188167873 "yes"
"177" 223 -1.35366925643501 -1.45271905788849 -1.45291687098252 3.18160333741133 -0.356191190258794 -0.56089602659842 0.39242362725941 -0.58076651259919 -0.532646544968302 "yes"
"178" 224 -0.934282465243976 -1.41288179802409 -1.41308085583909 3.18160335091361 -0.356191190258794 -0.461860684013412 0.605488836221062 -0.58076651259919 -0.53321944113447 "yes"
"179" 225 -0.50000197083949 -1.37304440182383 -1.37324474180322 3.18160336441537 -0.356191190258794 -0.156672014181624 0.634066371851571 -0.58076651259919 -0.533144531214094 "yes"
"180" 226 -0.779740080578463 -1.33320690672771 -1.3334085663143 1.27935973871805 -0.356191190258794 -0.264635914622256 0.591622648896941 -0.58076651259919 -0.532999577032661 "yes"
"181" 227 -0.709503872564488 -1.2933693501764 -1.29357236681181 -0.341523184169785 -0.356191190258794 -0.56089602659842 0.630554571215427 -0.58076651259919 -0.532868688071023 "yes"
"182" 228 -0.634100715809842 -1.2535317696107 -1.25373618073555 -0.267823752382842 -0.356191190258794 -0.56089602659842 0.669903814979808 -0.58076651259919 -0.531726078448203 "yes"
"183" 229 -0.0117837935388626 -1.21369420247169 -1.21390004552515 -0.325719791144069 -0.356191190258794 -0.518663807527981 0.697205687347897 -0.58076651259919 -0.504958452728699 "yes"
"184" 230 0.0752929828923301 -1.1738566862003 -1.17406399862001 -0.40107192792502 -0.356191190258794 -0.440080193263507 0.722496583505373 -0.58076651259919 -0.482629228154566 "yes"
"185" 231 0.290649253428309 -1.13401925823723 -1.13422807745913 -0.40107192792502 -0.356191190258794 -0.56089602659842 0.786243634282003 -0.58076651259919 -0.452675415514651 "yes"
"186" 232 -0.235181377115395 -1.09418195602278 -1.09439231948048 -0.40107192792502 -0.356191190258794 -0.56089602659842 0.774357449060717 -0.58076651259919 -0.434817735194055 "yes"
"187" 233 -0.421545449710831 -1.05434481699623 -1.05455676212142 -0.40107192792502 -0.184402394279647 0.0985404296742945 0.466361199630191 -0.58076651259919 -0.454455874192561 "yes"
"188" 234 -0.673449735616794 -1.01450787859621 -1.01472144281811 -0.40107192792502 -0.313572614266066 0.14865251454793 0.494167389050767 -0.58076651259919 -0.417832903787804 "yes"
"189" 235 -0.280898148255399 -0.974671178260196 -0.974886399005276 -0.40107192792502 -0.356191190258794 0.507340510825249 0.542565070662441 -0.58076651259919 -0.308390702774814 "yes"
"190" 236 -0.497045388666018 -0.934834753424214 -0.935051668116165 -0.40107192792502 -0.356191190258794 -0.56089602659842 0.714489641353295 -0.58076651259919 -0.241563913378267 "yes"
"191" 237 -0.859683704252211 -0.894998641522801 -0.895217287582279 -0.40107192792502 -0.28479767516801 -0.504808525498115 -0.0498172569452905 -0.58076651259919 -0.176469532489128 "yes"
"192" 238 -0.601033184644155 -0.85516287998876 -0.855383294833058 -0.40107192792502 -0.217448940117554 0.460711757766676 0.332952920411418 -0.58076651259919 5.02589001950515 "yes"
"193" 239 -1.213224269118 -0.815327506252827 -0.815549727295764 -0.40107192792502 0.305798867259105 0.952211382678897 -1.4212391569524 7.98328589100775 7.99438293964027 "yes"
"194" 240 -1.41523031223358 -0.775492557743564 -0.775716622395394 -0.40107192792502 0.00208688196785576 0.635428719127107 -1.34732080390609 7.8989419157946 7.02292910762673 "yes"
"195" 241 -1.5935169147856 -0.735658071887262 -0.735884017554238 -0.40107192792502 0.486450398236804 -0.217122551471819 -1.48311892075635 10.8415570004971 6.17040491222305 "yes"
"196" 242 -1.52111600799602 -0.695824086107512 -0.696051950191706 0.130659160061755 -0.348030016029031 0.026854553058965 0.408456855530096 0.813718791668518 2.99877869709013 "yes"
"197" 243 -1.60310516675718 -0.655990637825018 -0.656220457724377 0.912002520367327 -0.136592494526079 0.186932778304191 -0.498512972349558 3.28380444808712 3.64220657551899 "yes"
"198" 247 -1.49441436509992 0.578375691509131 0.578066725373417 -0.40107192792502 -0.114465551934623 0.0466935512359463 -0.858057856070246 1.25161414637562 0.502932333759892 "yes"
"199" 248 -1.38265717601133 0.618172209585265 0.617860094445211 -0.40107192792502 -0.298273501488119 -0.247617407754601 0.430140922111534 -0.19032943238132 0.0660712407657264 "yes"
"200" 249 -1.3200177247616 0.657966958235407 0.657651656953623 -0.40107192792502 -0.298194613549571 -0.255696486398983 -0.167935245078205 0.440718710133878 0.290978946660835 "yes"
"201" 250 -1.18823396346547 0.697759900259535 0.697441375710089 -0.40107192792502 -0.356191190258794 0.694621372260379 -0.564018169463912 0.298527704760294 0.59533968353101 "yes"
"202" 251 -0.679178969270352 0.737550998467798 0.737229213536255 -0.40107192792502 -0.356191190258794 1.94682509225745 -0.451537388466829 -0.0973949909497403 0.321813965778558 "yes"
"203" 252 -0.551005073270481 0.777340215680551 0.777015133264596 -0.40107192792502 -0.356191190258794 0.769102531882172 -0.313895942476653 1.76699450866779 0.160324745817813 "yes"
"204" 253 -0.387230259770261 0.817127514728982 0.816799097738123 -0.40107192792502 -0.356191190258794 0.697889443844401 0.290067763400456 -0.456155864461777 -0.0290486961989947 "yes"
"205" 254 -0.693767524347778 0.856912858454812 0.856581069810954 -0.40107192792502 -0.29764078340418 2.60913892119632 -0.27129244572153 0.407638526266703 -0.0829839707824093 "yes"
"206" 255 -0.233188340675379 0.896696209710874 0.896361012348364 -0.40107192792502 -0.307081797573823 1.29688785395519 0.170752829401908 0.821831599662734 -0.0687017571125677 "yes"
"207" 256 0.456500272164076 0.936477531361153 0.936138888227058 -0.40107192792502 -0.356191190258794 -0.56089602659842 0.803573911900106 0.199814528265935 -0.225977953141531 "yes"
"208" 257 -0.280256378454195 0.976256786281068 0.975914660335131 -0.40107192792502 -0.356191190258794 -0.10735191569022 0.553127597622551 1.02288901920723 -0.434422982776676 "yes"
"209" 258 -0.132863652487664 1.01603393735743 1.01568829157272 -0.40107192792502 -0.233208641126476 -0.382552604989201 0.619204138331778 -0.208541514408152 -0.501288531930131 "yes"
"210" 260 1.2312799670656 -2.05055057697864 -2.05071820080932 -0.40107192792502 -0.356191190258794 -0.446006163067971 -1.56295058921692 1.14751644635145 -0.357751572083036 "yes"
"211" 261 0.962436887860878 -2.01070385275531 -2.01087215905876 -0.40107192792502 -0.236170724676737 -0.454983010657711 0.0591515155673881 -0.155225224571233 -0.444591861251071 "yes"
"212" 262 1.21187768719265 -1.97085642960031 -1.97102545587049 -0.40107192792502 -0.356191190258794 -0.328877486267502 0.0419046655659779 -0.526345388944111 -0.467699894166624 "yes"
"213" 263 1.75617098525623 -1.89115963638307 -1.89133021507779 -0.40107192792502 -0.288312174679595 -0.163354781724569 -0.10481094031169 0.644685004711106 -0.194797868598327 "yes"
"214" 264 1.59602763741241 -1.85131034127366 -1.85148175243041 -0.40107192792502 0.269628380893283 -0.377984479524552 -0.760601510958621 0.819539470788282 0.198062811952728 "yes"
"215" 265 1.57847287822266 -1.77161014146065 -1.77178333005028 -0.385247547766079 -0.213271773134871 -0.56089602659842 -0.589563961029784 -0.158590395371984 0.518110620000814 "yes"
"216" 266 1.60264521038112 -1.69190804543373 -1.69208316147728 2.18015889901063 -0.356191190258794 -0.258365284162258 0.459055796688786 -0.147327761497086 0.108902928452748 "yes"
"217" 267 1.12108557054078 -1.652056380067 -1.65223251609816 2.00933060270843 -0.356191190258794 -0.518642314100524 0.705891179310217 0.434349529023616 -0.144721341112083 "yes"
"218" 268 -0.352389218618068 -1.61220435312385 -1.61238154665077 -0.0798281110030057 -0.315185449772611 -0.375290352796974 0.385163125247171 0.441987659711315 -0.287887414619272 "yes"
"219" 269 -0.92227171917493 -1.57235200210119 -1.57253029063261 1.65275171933454 -0.286254427935822 -0.381567267250211 0.161882117636502 0.251126968108536 -0.232212432272406 "yes"
"220" 270 -0.947451742101812 -1.53249936449782 -1.53267878554278 2.89558097382613 -0.264873152190389 -0.285694681950049 0.43554954808773 0.271655512752796 -0.271710114833437 "yes"
"221" 271 -0.685308985668191 -1.49264647781415 -1.49282706888178 3.18160332024728 -0.356191190258794 -0.56089602659842 0.706601722928989 -0.58076651259919 -0.464368760020763 "yes"
"222" 272 -0.714352781794708 -1.45279337955198 -1.45297517815124 3.18160333374538 -0.356191190258794 -0.56089602659842 0.721459490968898 -0.58076651259919 -0.53321997820407 "yes"
"223" 273 -0.311344597996525 -1.41294010721423 -1.41312315085387 3.18160334724089 -0.356191190258794 -0.56089602659842 0.674850680504838 -0.58076651259919 -0.533219978204062 "yes"
"224" 274 -0.219572246878561 -1.37308669830492 -1.37327102449312 3.18160336073763 -0.356191190258794 -0.56089602659842 0.488638204026256 -0.58076651259919 -0.533213051844962 "yes"
"225" 275 -0.50671018531069 -1.33323319032879 -1.33341883657297 1.43311557530892 -0.356191190258794 -0.56089602659842 0.440866196698771 -0.58076651259919 -0.533199966826622 "yes"
"226" 276 -0.202692870593543 -1.29337962079113 -1.2935666245978 2.06533470015266 -0.356191190258794 -0.56089602659842 0.612522308019569 -0.58076651259919 -0.533205719450737 "yes"
"227" 277 0.0681492970265789 -1.25352602719761 -1.25371442607207 3.03961595822075 -0.356191190258794 -0.56089602659842 0.775904522902432 -0.58076651259919 -0.528709644242219 "yes"
"228" 278 0.00584158928736531 -1.213672447054 -1.21386227850016 1.69671916961714 -0.356191190258794 -0.52382245236625 0.715160721022502 -0.58076651259919 -0.414217059740332 "yes"
"229" 279 0.121675978690336 -1.17381891786597 -1.1740102193862 -0.40107192792502 -0.176423051164946 -0.460531105411121 0.604614041704557 0.539389805045579 -0.310442747889391 "yes"
"230" 280 0.328575250433548 -1.13396547713897 -1.13415828623389 -0.40107192792502 0.0101080572375137 -0.432322491226923 0.161147442997184 -0.0661630793632588 -0.138656991046655 "yes"
"231" 281 0.303397039569488 -1.09411216237798 -1.09430651654601 -0.40107192792502 0.00205734707109931 -0.548856385989878 0.44219882460285 -0.119824081492414 -0.101172837251816 "yes"
"232" 282 0.186177784701001 -1.05425901108709 -1.05445494782466 -0.40107192792502 -0.343815279574922 -0.41443990208714 0.762704857018228 -0.58076651259919 -0.404841301656492 "yes"
"233" 283 0.477548390507638 -1.0144060607697 -1.01460361757066 -0.40107192792502 -0.356191190258794 -0.56089602659842 0.804715622008446 -0.58076651259919 -0.445237137017045 "yes"
"234" 284 0.405623907805981 -0.97455334892792 -0.974752563283436 -0.40107192792502 -0.356191190258794 -0.0748546356874562 0.671759422216097 -0.58076651259919 -0.484334122416072 "yes"
"235" 285 0.133336410470685 -0.934700913062484 -0.934901822461106 -0.40107192792502 -0.356191190258794 -0.56089602659842 0.759407008530677 -0.58076651259919 -0.480744090690943 "yes"
"236" 286 0.388815940735312 -0.894848790672811 -0.895051432599696 -0.305881184063603 -0.356191190258794 -0.56089602659842 0.747123699912999 -0.58076651259919 -0.477313731698452 "yes"
"237" 287 -0.135445574791914 -0.854997019256225 -0.855201431193399 1.52898738469939 -0.300327434620714 0.299341816494988 0.485493647750517 -0.58076651259919 -0.459697033551772 "yes"
"238" 288 -0.551306641326563 -0.81514563630822 -0.815351855734357 1.50157299292711 -0.308804371328739 0.416680320409279 0.473596044525688 -0.58076651259919 -0.343321707894111 "yes"
"239" 289 -0.819535470872639 -0.775294679322237 -0.775502743712017 0.533624566389106 -0.356191190258794 0.299941860983545 0.527361184171755 -0.58076651259919 0.114099001861917 "yes"
"240" 290 -1.39327341597811 -0.735444185789021 -0.735654132613492 1.07079385664272 0.704703400325216 0.256229342508765 -0.722062150903645 2.83776401889829 0.991537196841159 "yes"
"241" 291 -1.62919069890389 -0.695594193196989 -0.695806059922857 1.63037612805724 1.30163190758589 0.239251407383589 -2.85713809848555 13.5025138662825 4.16125464556305 "yes"
"242" 292 -1.6027778167761 -0.65574473903151 -0.655958563121277 0.38397441261647 0.815785694583152 -0.25489879827332 -1.52105901018362 2.39045822929305 5.31360894902144 "yes"
"243" 296 -1.46566984665383 0.658740107414911 0.658440714697825 -0.20358847126625 0.0931650873541819 -0.345660372598731 -0.755604777550836 0.624491229887708 1.00265465692632 "yes"
"244" 297 -1.16867981202359 0.698548985359224 0.698246365640531 -0.40107192792502 -0.334878124044196 0.896586350446458 -0.15559428007148 1.43542326978431 0.96951166679138 "yes"
"245" 298 -0.733933043773241 0.738356016306072 0.738050132407739 -0.40107192792502 -0.356191190258794 -0.0272208237039601 0.101680180135008 -0.262721445182538 0.474090282247991 "yes"
"246" 299 -0.67102056677179 0.778161163012101 0.777851977768111 -0.40107192792502 -0.356191190258794 0.564187384998736 -0.0304948737347559 -0.576556172993686 0.143809373898172 "yes"
"247" 300 -0.635758370921585 0.817964388244681 0.817651864500722 -0.40107192792502 -0.356191190258794 0.882284674718142 -0.143202362248911 0.636863140620662 1.18885138209633 "yes"
"248" 301 -1.05331636223256 0.857765654781598 0.857449755396093 -0.40107192792502 -0.0775604108886312 3.49270417361031 -1.42367115002718 3.10485966422455 0.966085164180311 "yes"
"249" 302 -0.837553737323773 0.897564925412081 0.897245613255594 -0.40107192792502 -0.0797021706911039 1.07853008531454 -0.117568100338483 1.36726028353423 0.343194403965335 "yes"
"250" 303 -0.438671714211652 0.937362162936212 0.93703940089231 -0.40107192792502 -0.356191190258794 -0.160639617222505 0.451356217978182 0.395971283489501 -0.12724615093732 "yes"
"251" 304 0.105197422286817 0.977157330165787 0.976831081130817 -0.40107192792502 -0.356191190258794 -0.56089602659842 0.804716491310907 -0.58076651259919 -0.348904474058619 "yes"
"252" 305 -0.681728502849253 1.01695038992409 1.01662061680753 -0.40107192792502 -0.356191190258794 0.187925414889332 0.515517433373034 -0.0223158616065665 -0.431747368303851 "yes"
"253" 306 -0.145863339312478 1.05674130504625 1.05640797077091 -0.40107192792502 0.17798234444128 -0.405587730968051 -0.202404626924775 -0.58076651259919 -0.426255343737968 "yes"
"254" 310 1.78083304794745 -2.01100298698006 -2.01115524362047 -0.40107192792502 -0.356191190258794 -0.56089602659842 0.516944880156043 -0.58076651259919 -0.476242685809725 "yes"
"255" 311 1.59290768391763 -1.89141064769017 -1.89156517514914 -0.40107192792502 0.0708896742176569 -0.281270509991482 -1.06885170088717 1.62737868037826 -0.194797868598327 "yes"
"256" 312 1.46734163227854 -1.85154530949073 -1.8517006690173 -0.40107192792502 0.0388964866426417 1.27760725212805 -1.37751571896469 1.29995592545346 0.126769837836809 "yes"
"257" 313 1.3227044312406 -1.81167942131433 -1.81183565047576 -0.40107192792502 0.119045313761042 -0.20754331487032 -1.82607429574099 3.01604792422944 0.347307201496299 "yes"
"258" 314 0.83828726187238 -1.77181302071046 -1.77197015707575 -0.40107192792502 0.654727962137839 -0.41042843070351 -2.30702887034879 5.27221549378702 0.787731240616433 "yes"
"259" 315 1.10838403848933 -1.73194614523165 -1.73210422637096 -0.40107192792502 -0.227588934372406 0.117099657513976 -1.39512951122115 0.39468972034479 0.314288384229166 "yes"
"260" 316 0.5602501718432 -1.69207883243291 -1.6922378959176 -0.397733989855523 -0.309245010554415 -0.56089602659842 -1.83303901856893 3.94954647703752 0.149225085542527 "yes"
"261" 317 0.532927641433078 -1.65221111987173 -1.65237120327427 -0.40107192792502 -0.34694458736716 -0.56089602659842 -0.277186461131703 0.233090917694443 -0.138711294894411 "yes"
"262" 318 0.153641921690335 -1.61234304510804 -1.61250418600152 -0.40107192792502 -0.174106567539334 -0.135756811032661 -0.812289449730027 2.79852637984059 -0.304151675254942 "yes"
"263" 319 0.202159131578556 -1.57247464570366 -1.57263688166166 -0.40107192792502 -0.356191190258794 0.0657679194534197 0.296285299025287 0.637555256004447 -0.240350329343854 "yes"
"264" 320 -0.429151813768272 -1.53260595922222 -1.53276932781886 -0.271188766079752 -0.320617291214697 -0.148948243021518 0.341645219930364 3.1850828382617 -0.271710114833437 "yes"
"265" 321 -0.931962252806635 -1.4927370232292 -1.49290156203836 1.0445005690017 -0.356191190258794 -0.471365722000452 0.310533097773179 -0.371219496199605 -0.440502262210955 "yes"
"266" 322 -0.701989730937426 -1.45286787529113 -1.45303362188701 0.636576095204503 -0.356191190258794 -0.56089602659842 0.553455816347754 -0.58076651259919 -0.487157367617463 "yes"
"267" 323 -0.532319125723051 -1.41299855297616 -1.41316554493221 1.1548838103825 -0.356191190258794 -0.56089602659842 0.664685037221582 -0.58076651259919 -0.410749290008411 "yes"
"268" 324 -0.823539979262716 -1.37312909385299 -1.37329736874252 2.52682024402638 -0.356191190258794 -0.56089602659842 0.645062967596372 -0.58076651259919 -0.444747567845029 "yes"
"269" 325 -0.266659173377791 -1.33325953549151 -1.33342913088683 3.18160337054986 -0.356191190258794 -0.520432826752834 0.655468552322373 -0.58076651259919 -0.533199966826622 "yes"
"270" 326 0.200713590547383 -1.29338991546188 -1.29356086893443 3.18160338403853 -0.356191190258794 -0.56089602659842 0.786806914668177 -0.58076651259919 -0.456392410035713 "yes"
"271" 327 0.141985555389033 -1.2535202713347 -1.25369262045476 3.17755913089739 -0.356191190258794 -0.56089602659842 0.799067755339716 -0.562477117795024 -0.411272929870491 "yes"
"272" 328 0.414600690844591 -1.21365064068072 -1.21382442301711 1.65914669703811 -0.342962364555269 -0.519719611316357 0.756659288991763 -0.260202147603859 -0.30619419741731 "yes"
"273" 329 0.286466670276729 -1.17378106107054 -1.17395631419069 -0.40107192792502 0.258232557766595 -0.268685883100659 0.246496358929934 1.19102335014884 -0.237458644545552 "yes"
"274" 330 0.702356591382187 -1.13391157007465 -1.13408833154397 -0.40107192792502 -0.346655098022151 -0.328040162211917 0.732793257371708 0.368510912970172 -0.138656991046655 "yes"
"275" 331 0.609812519236365 -1.09404220526284 -1.09422051264493 -0.40107192792502 0.217125339393957 0.0702701961192494 0.250250221347865 0.970193421705216 -0.164677199714139 "yes"
"276" 332 0.423928678182423 -1.05417300420438 -1.0543528950603 -0.40107192792502 0.11471530794505 0.643475217956248 0.155521047434424 1.09543754503911 -0.371753011365329 "yes"
"277" 333 0.296472957882989 -1.01430400446731 -1.01448551635606 -0.40107192792502 0.0527397428801731 -0.150927382792286 0.354507175862467 0.455962659304486 -0.396840063385849 "yes"
"278" 334 0.299158778367285 -0.97443524361892 -0.97461841409652 -0.40107192792502 0.175708381243556 -0.226887513118005 0.278792315482224 0.120569980403083 -0.484334122416072 "yes"
"279" 335 0.591567972086481 -0.934566759224811 -0.934751625844657 -0.40107192792502 -0.225287396013436 -0.31966984621087 0.65636453020177 -0.58076651259919 -0.375156317793337 "yes"
"280" 336 0.279595735033449 -0.894698588849263 -0.894885189161528 0.416417541535947 -0.332807876642595 0.373381833278926 0.47144692300916 0.482985093879082 -0.33757363390792 "yes"
"281" 337 0.395561065711658 -0.854830770054639 -0.85501914160624 2.72815828695889 -0.356191190258794 -0.528059197482238 0.777181469403031 -0.58076651259919 -0.394503476479807 "yes"
"282" 338 -0.346920879923034 -0.814963340401345 -0.815153520735754 3.18160354578923 0.169940568466153 -0.0432956550024837 0.112286870153365 0.0931770766970377 -0.341415831898025 "yes"
"283" 339 -0.670924692079276 -0.775096337447647 -0.775288364104454 3.18160355926055 0.400571922142548 0.0161641153349599 0.132609484977034 0.511141018103284 0.114099001861917 "yes"
"284" 340 -0.642813767338902 -0.735229798749228 -0.735423709264308 2.16002234051136 -0.173081978501163 0.00605173653458009 0.438144859396694 -0.143177735727052 0.800160858410026 "yes"
"285" 341 -1.16221450971026 -0.695363761859361 -0.695559593764391 -0.401040657303972 -0.236747281688742 2.54902781568262 -0.188185468737364 1.63313480018881 3.78658142996787 "yes"
"286" 342 -1.50587187565736 -0.65549826432842 -0.655696055150636 -0.40107192792502 1.04797455416949 -0.0953761651331681 -0.547618914460847 2.50640109510924 4.80271275417996 "yes"
"287" 343 -1.52952606907977 -0.615633343703642 -0.615833130965778 -0.40107192792502 -0.356191190258794 -0.552612648960108 -0.54111504803741 1.09180606918762 6.90235930038423 "yes"
"288" 346 -1.28527787781583 0.699339917457936 0.699053239748211 -0.40107192792502 -0.267791259775435 -0.361598327102788 0.6483312447993 -0.58076651259919 1.16969521517046 "yes"
"289" 347 -0.98951898592178 0.739162918386906 0.738872972688045 -0.40107192792502 -0.356191190258794 -0.284780060718245 0.519567937075417 0.153911523796394 0.575607819221394 "yes"
"290" 348 -1.02304193809175 0.778984031819085 0.778690780901047 -0.40107192792502 -0.348837604490837 0.246215881227225 0.263477378900733 -0.474817565428391 0.131047358736381 "yes"
"291" 349 -0.852702453692996 0.818803220457705 0.818506627102514 -0.40107192792502 -0.228625906631636 1.12285764330271 0.121664362936294 -0.542608183504348 1.8499769735687 "yes"
"292" 350 -0.486420481343755 0.858620447016769 0.858320474018862 -0.40107192792502 -0.356191190258794 0.382735710345988 0.298186926363106 0.0266968428288369 2.15777660116902 "yes"
"293" 351 -1.06526439507584 0.898435674221402 0.89813228438756 -0.40107192792502 0.156242325266089 2.95653817172946 -0.79267155495074 1.86103641180396 0.860339761128003 "yes"
"294" 352 -0.996526570428649 0.93824886480778 0.937942020957825 -0.40107192792502 -0.110866105010282 0.00271130411983463 -0.0952008219248547 0.397152514645108 0.267681090907505 "yes"
"295" 353 -0.602686256284972 0.97805998152383 0.977749646490363 -0.40107192792502 -0.356191190258794 -0.138095750519447 0.674763750051189 -0.128588109200148 -0.256569224378359 "yes"
"296" 354 -0.881453392062685 1.01786898712897 1.0175551237577 -0.40107192792502 -0.356191190258794 0.961431713194724 0.336571918996077 0.92020549711103 -0.346706331949308 "yes"
"297" 355 -0.276955867999056 1.05767584439442 1.05735841554467 -0.40107192792502 -0.356191190258794 -0.521095857292416 0.794884482871624 -0.58076651259919 -0.30096659469204 "yes"
"298" 359 1.01980199088186 1.93280798739568 1.93240275107727 -0.40107192792502 0.00347391835392776 -0.56089602659842 0.565800673237545 -0.58076651259919 -0.533219978204074 "yes"
"299" 360 1.60384223269136 1.97255518815337 1.97214553628336 -0.40107192792502 0.17993272402763 -0.56089602659842 0.328219030416994 -0.58076651259919 -0.533219978204074 "yes"
"300" 361 1.5893634568202 -1.89166224652121 -1.89180068517885 -0.40107192792502 -0.178718551486858 -0.239688200318242 -0.979439339256132 1.5312170047592 -0.322677102775586 "yes"
"301" 362 1.71209897601255 -1.85178082768523 -1.8519200980142 -0.40107192792502 -0.179518944550684 0.431573056054968 -1.9593826978877 -0.58076651259919 -0.332369370564639 "yes"
"302" 363 1.35018662160419 -1.81189885791851 -1.81203899755134 -0.40107192792502 -0.324074574910229 -0.289933908040546 -1.88123437950614 0.228864474036507 0.281168169028162 "yes"
"303" 364 1.42615002909378 -1.77201637483579 -1.77215742140645 -0.40107192792502 -0.356191190258794 -0.0330846512952615 -1.71931683309917 0.247455230723556 2.28276543487821 "yes"
"304" 365 1.1868262215142 -1.73213341605454 -1.73227540719823 -0.40107192792502 -0.294472053528591 -0.135701442204004 -2.85943854168208 2.27782418725989 1.32104463318453 "yes"
"305" 366 0.895326885405828 -1.69225001919477 -1.69239299254834 -0.40107192792502 -0.322454804869039 0.413509809282724 -2.70557198419801 1.09619064917802 0.359323831490864 "yes"
"306" 367 1.07337243734922 -1.65236622187945 -1.65251021508014 -0.40107192792502 -0.356191190258794 -0.335438237057593 -1.52308872124092 0.437253555827702 -0.112100947627177 "yes"
"307" 368 0.691220912388754 -1.61248206173324 -1.61262711241951 -0.40107192792502 -0.356191190258794 -0.483515174778173 0.729891063817298 -0.15662816043858 -0.384869269700371 "yes"
"308" 369 0.334419065736891 -1.57259757638334 -1.57274372219397 -0.40107192792502 -0.278888543626002 -0.407360586929343 0.144503830797898 1.51020807335403 -0.279391762002812 "yes"
"309" 370 -0.126417416337725 -1.53271280345854 -1.53286008203262 -0.40107192792502 -0.351456941143406 -0.288321587609774 0.117206340888452 1.82173903967649 -0.255394750388012 "yes"
"310" 371 0.191282935544844 -1.49282778058928 -1.49297622956611 -0.40107192792502 -0.356191190258794 -0.533706647834876 0.512410835324399 0.185328514816435 -0.330920547495705 "yes"
"311" 372 0.0887095031203482 -1.45294254540749 -1.45309220242618 -0.40107192792502 -0.356191190258794 -0.56089602659842 0.714784726275769 -0.58076651259919 -0.275030917017151 "yes"
"312" 373 -0.0135664842636466 -1.41305713554623 -1.41320803824559 -0.40107192792502 -0.356191190258794 -0.56089602659842 0.775651393233763 -0.58076651259919 0.147756759670634 "yes"
"313" 374 -0.804447257848841 -1.37317158863956 -1.37332377465799 -0.312149254201436 -0.356191190258794 -0.485529158490828 0.529166251367397 -0.58076651259919 -0.0433865690135781 "yes"
"314" 375 -0.45502218749215 -1.33328594232243 -1.33343944929739 0.264811133386136 -0.356191190258794 -0.56089602659842 0.679198867142676 -0.58076651259919 -0.411227003333595 "yes"
"315" 376 -0.574297834942813 -1.29340023423016 -1.29355509979825 0.634435941604032 -0.356191190258794 -0.56089602659842 0.719091025352179 -0.58076651259919 -0.110588971466953 "yes"
"316" 377 -0.636026490736266 -1.25351450199851 -1.2536707637952 0.226722933143788 0.822203668476955 -0.228718352430876 -0.139676658476806 1.27274927983929 0.117812006078609 "yes"
"317" 378 -0.0911984679202661 -1.21362878326342 -1.21378647892285 -0.40107192792502 -0.316195939132016 -0.47757234655358 0.72368220111465 -0.013755586236559 0.182207720353339 "yes"
"318" 379 0.220403345016554 -1.1737431156608 -1.17390228281537 -0.40107192792502 0.426877934961911 -0.550654365716589 0.181258397131863 -0.58076651259919 0.0936752496746817 "yes"
"319" 380 0.634982912403468 -1.13385753682614 -1.1340182131064 -0.40107192792502 -0.248743550753047 -0.367734187971121 0.649455170717101 -0.58076651259919 -0.292365286921143 "yes"
"320" 381 0.969609080398318 -1.09397208439436 -1.09413430742903 -0.40107192792502 -0.356191190258794 -0.56089602659842 0.79921202590578 -0.58076651259919 -0.459161372466366 "yes"
"321" 382 0.496654938891963 -1.05408679599987 -1.05425060341548 -0.40107192792502 -0.0639126703153597 0.742658181424947 0.205195867505472 -0.523444813850263 -0.212041435191887 "yes"
"322" 383 0.0709306930134091 -1.01420170927619 -1.01436713869644 -0.40107192792502 0.485068470895812 2.25452943372981 -0.897516224161585 0.454208925917474 -0.163193682699533 "yes"
"323" 384 0.101489582999219 -0.974316861855323 -0.974483950901715 -0.40107192792502 -0.0270975265856143 1.24045570760587 -0.0827326110088753 0.0316634909631866 -0.0856954758436232 "yes"
"324" 385 -0.0535134655562898 -0.934432291368362 -0.934601077659227 -0.40107192792502 0.035530460722412 0.806184528213638 -0.0142411461622373 0.0138752355915087 0.157297154381605 "yes"
"325" 386 -0.228109073686579 -0.894548035444546 -0.894718556595206 -0.40107192792502 -0.0321170501336539 0.242517078821533 -0.339878710798505 3.00910882019381 0.384832854453456 "yes"
"326" 387 -0.431233911267771 -0.854664131711407 -0.854836425333873 -0.37998974146258 0.498680178430314 1.16787616524453 -0.549696523282018 1.63036270692523 -0.0500982112389674 "yes"
"327" 388 -0.229011948977708 -0.814780617794471 -0.81495472149736 1.01757978957093 -0.148139697120845 0.89701301088984 -0.000442233068344522 -0.175163114237337 -0.302701646802571 "yes"
"328" 389 -0.381059356343567 -0.774897531317172 -0.775073482705242 2.22652436771095 -0.0580032213745011 0.495874735939275 0.0974671766358024 0.782990654180024 -0.280975379676351 "yes"
"329" 390 -0.844962409780075 -0.735014909900391 -0.73519274657449 1.20269953346343 -0.103623084519287 1.27650276290971 -0.347156678194239 1.8130753543244 -0.0496391862453669 "yes"
"330" 391 -0.984347958102516 -0.695132791162402 -0.695312550719235 -0.40107192792502 -0.263163118874115 0.406078596408945 0.235629809128095 1.12426272361999 1.16950277651708 "yes"
"331" 392 -1.27168572078553 -0.655251212718641 -0.655432932750537 -0.40107192792502 0.463047868879808 -0.135279261666717 -0.0934346192921372 1.36933559522043 1.02905160236397 "yes"
"332" 393 -1.45298213020303 -0.615370212181471 -0.615553930276288 -0.40107192792502 -0.356191190258794 -0.428247122094219 0.505487641350194 -0.574018335913124 -0.420744513942025 "yes"
"333" 396 -1.5318194155473 0.700132699747706 0.699862001288919 -0.40107192792502 -0.353782697463804 -0.56089602659842 0.748760406986751 -0.58076651259919 0.648739835290499 "yes"
"334" 397 -1.27594392621335 0.739971707966204 0.739697737696978 -0.258451821464206 -0.346858314990195 -0.56089602659842 0.400143287718458 0.147175238252548 1.34459306128524 "yes"
"335" 398 -1.34776831781383 0.779808825421424 0.779531546047415 -0.189897324058813 0.655423581763443 0.761566523800038 -1.20505001299288 -0.0806725581792678 1.36001358694051 "yes"
"336" 399 -1.20028004745136 0.81964401475218 0.819363388991412 -0.40107192792502 0.2522335193024 -0.0222771946932027 0.19476346693696 -0.384533729438993 8.4951383849939 "yes"
"337" 400 -1.19147182945219 0.859477238608357 0.8591932291911 -0.40107192792502 -0.356191190258794 0.950386419312298 0.334680273741545 1.02352019847396 7.80579690569833 "yes"
"338" 401 -0.957286602749227 0.899308459650794 0.899021029319991 -0.40107192792502 -0.356191190258794 0.1526582874085 0.572188502682682 -0.58076651259919 1.73108822062461 "yes"
"339" 402 -0.957457633229069 0.939137640551708 0.938846752063064 -0.40107192792502 -0.241042957724562 0.164759071583654 0.135621569084062 0.203763687578845 0.522109456066899 "yes"
"340" 403 -1.24743088814568 0.978964743994783 0.978670360116942 -0.40107192792502 -0.146106849218432 1.17798861926065 -0.334586706961105 0.503236830223311 -0.301753249369065 "yes"
"341" 404 -1.25356142472607 1.01878973267535 1.01849181619029 -0.40107192792502 -0.243373111440993 0.622537015559388 0.298577348439255 1.64515990833081 -0.286075187505316 "yes"
"342" 405 -0.703364557216952 1.05861256930078 1.05831108300391 -0.40107192792502 -0.356191190258794 0.083684076668584 0.4917392653779 0.461392715023747 -0.262558102966688 "yes"
"343" 406 0.0651362187079664 1.09843321659059 1.0981281232907 -0.40107192792502 0.0512333537961308 -0.56089602659842 0.381440120872318 0.632921867697029 -0.0581743824435171 "yes"
"344" 409 0.211993227682129 1.8147880696178 1.81441170737243 -0.40107192792502 1.45795851593548 -0.56089602659842 -0.737993144893845 -0.58076651259919 -0.35582798659227 "yes"
"345" 410 0.162409622238156 1.85456005387031 1.85417938085638 -0.40107192792502 1.94190265159166 -0.536423642892254 -0.885290632381363 0.81558618181132 -0.0842926670341734 "yes"
"346" 411 0.272919676024184 1.89432910604178 1.89394408538401 -0.40107192792502 -0.240977028302973 -0.471040437071671 0.561000608489628 -0.410376299144491 -0.347398408897467 "yes"
"347" 412 1.01916117556606 1.934095189154 1.9337057839952 -0.40107192792502 -0.356191190258794 -0.56089602659842 0.746231161027037 -0.58076651259919 -0.533219978204074 "yes"
"348" 413 1.66519781065301 -1.77222020466018 -1.7723451238007 -0.40107192792502 -0.124015176861668 0.349985354795599 -0.656067682379707 0.983143868912734 1.64831059180417 "yes"
"349" 414 1.73584734725208 -1.73232112495616 -1.73244698846782 -0.40107192792502 -0.356191190258794 -0.43487419536779 -0.660283972155684 1.81810998267518 1.32104463318453 "yes"
"350" 415 1.18340937828727 -1.69242160641283 -1.69254845199755 -0.40107192792502 -0.356191190258794 -0.353035971232109 0.681284081913526 -0.58076651259919 0.191372997681883 "yes"
"351" 416 0.542263274329904 -1.65252168671821 -1.65264955207888 -0.40107192792502 -0.356191190258794 -0.56089602659842 -0.301984868346708 0.991428475919603 -0.0486340037511193 "yes"
"352" 417 0.404630144147443 -1.61262140356259 -1.61275032640277 -0.40107192792502 -0.356191190258794 -0.325246972490438 -0.392102333846779 0.321401681626613 -0.198920364520335 "yes"
"353" 418 -0.206598228662579 -1.57272079463824 -1.57285081266231 -0.40107192792502 -0.356191190258794 -0.362276902932681 -0.676227847320741 0.869370764383244 -0.267621138357083 "yes"
"354" 419 -0.421272984940302 -1.53281989763955 -1.53295104855187 -0.40107192792502 -0.338896545389097 0.431065259379047 -0.566430386708948 0.634479916080989 -0.255394750388012 "yes"
"355" 420 -0.574470772235633 -1.4929187502622 -1.49305107176743 -0.40107192792502 -0.350801077213023 0.355988859711531 -0.0644115148791659 0.779899936995547 -0.259239149135875 "yes"
"356" 421 -0.301994071871228 -1.45301739020348 -1.45315092000614 -0.40107192792502 -0.340180008044536 -0.357643322949016 0.284303679044913 1.00029942515496 -0.205055604781718 "yes"
"357" 422 -0.753846704272136 -1.41311585516184 -1.41325063096614 -0.40107192792502 0.72760803598396 0.450266403313423 -0.494401510238977 0.699245549441198 0.013343628921861 "yes"
"358" 423 -0.934545969222699 -1.37321418283673 -1.37335024234643 -0.40107192792502 -0.220938130703343 -0.460567448612396 0.306524026066994 1.30361635843286 -0.123732407808997 "yes"
"359" 424 -0.909606173226966 -1.33331241092847 -1.33344979184644 -0.40107192792502 -0.257530217601635 0.218866492662775 0.267994632592696 0.575957525037603 -0.411227003333595 "yes"
"360" 425 -0.256340004202538 -1.29341057713777 -1.29354931716596 -0.40107192792502 -0.325572190723175 -0.321289549830745 0.723841093123561 -0.511051606421316 0.669484550503888 "yes"
"361" 426 -0.420537633538927 -1.25350871916575 -1.25364885600511 -0.40107192792502 0.259437096198785 0.0803367488795161 0.195379331999208 1.66491526212553 1.4245031730209 "yes"
"362" 427 -0.579783757015081 -1.21360687471382 -1.21374844606363 -0.40107192792502 0.962630773121958 0.910010392431481 -0.743956216118393 1.7942681682641 0.482724099894147 "yes"
"363" 428 -0.231572312884592 -1.17370508148304 -1.17384812504123 -0.40107192792502 0.104757519938705 -0.0663245479012586 -0.147316120189143 0.484911782240551 -0.063865712730889 "yes"
"364" 429 0.585430433310138 -1.13380337717442 -1.13394793063699 -0.40107192792502 -0.356191190258794 -0.398215398396345 0.731235426604573 -0.58076651259919 -0.292365286921143 "yes"
"365" 430 1.24613716111378 -1.09390179948836 -1.09404790054933 -0.40107192792502 -0.356191190258794 -0.52283120027699 0.786478805456981 -0.58076651259919 -0.460798240344858 "yes"
"366" 431 1.11657393596248 -1.05400038612457 -1.05414807247573 -0.40107192792502 -0.356191190258794 -0.395318309998981 0.765688368896875 -0.58076651259919 -0.294833091891631 "yes"
"367" 432 0.582864730659553 -1.01409917478185 -1.01424848411238 -0.40107192792502 -0.318881128849389 0.398300775097271 0.303318481915308 -0.58076651259919 -0.259532102317227 "yes"
"368" 433 0.8025915741194 -0.974198203157673 -0.974349173154267 -0.40107192792502 -0.356191190258794 0.122308960992645 0.427543564855391 -0.58076651259919 -0.0856954758436232 "yes"
"369" 434 0.66296239650558 -0.934297508948364 -0.934450177294869 -0.40107192792502 -0.310321161575391 0.223260975357525 0.558305050313309 -0.58076651259919 0.0284434812205968 "yes"
"370" 435 0.179776104421763 -0.894397129848691 -0.894551534225703 -0.40107192792502 -0.293197838789802 1.67420933574347 -0.11376757774373 2.89099978372952 0.242096237455637 "yes"
"371" 436 0.436579495965356 -0.854497103551481 -0.854653281636394 -0.40107192792502 -0.320764958741561 0.177393687825044 0.483644356198742 -0.387061550311463 -0.139428696543442 "yes"
"372" 437 0.561010381380182 -0.814597467747666 -0.814755457214179 -0.40107192792502 -0.346601047448855 -0.551116762751687 0.796606232559425 -0.58076651259919 -0.356320678710898 "yes"
"373" 438 0.0571147830437483 -0.774698260125787 -0.774858098644194 -0.40107192792502 -0.347048500742264 1.40372373787025 0.198311125478756 0.40469487357625 -0.280975379676351 "yes"
"374" 439 0.14877410851808 -0.734799518372289 -0.734961243608613 -0.40107192792502 -0.356183604376971 0.0889335936045908 0.564616332989086 -0.267955514548071 -0.12194100286112 "yes"
"375" 440 -0.122851956429256 -0.694901280170653 -0.695064929786963 -0.40107192792502 -0.356191190258794 -0.244216201371715 0.592889906551343 -0.426833232908032 0.960110493823451 "yes"
"376" 441 -0.838582420143099 -0.655003583201711 -0.655169194855506 -0.40107192792502 -0.246008533794783 -0.154210501314709 0.255532254490497 1.06918013707252 0.832533354955072 "yes"
"377" 442 -1.01543059738582 -0.61510646514303 -0.615274076487451 -0.40107192792502 -0.356191190258794 -0.529939023195145 0.732767590805466 -0.58076651259919 -0.404177837424786 "yes"
"378" 443 -1.4685934804956 -0.575209963669127 -0.575379612352361 -0.40107192792502 -0.217930740865031 -0.490920715251921 0.0382339914535513 -0.470368221721053 0.657939622756957 "yes"
"379" 450 -1.46482402266192 0.860336033015504 0.86006802443611 -0.40107192792502 -0.356190476292062 0.207208265695564 -2.06374497359261 0.54073855503095 11.5850277214119 "yes"
"380" 451 -1.31286927138984 0.900183285223685 0.899911851640238 -0.40107192792502 -0.356191190258794 1.07657733581126 -0.531522392796946 0.177959211141038 2.17788170722862 "yes"
"381" 452 -1.32975746103931 0.940028493755472 0.939753597859448 -0.40107192792502 -0.356191190258794 0.560309682247574 0.274361529672996 -0.32441970669129 0.464847754714113 "yes"
"382" 453 -1.17765182943187 0.979871621230195 0.979593225726182 -0.40107192792502 -0.327505235492667 0.131681186098135 -0.736053206234373 -0.58076651259919 -0.140429469356663 "yes"
"383" 454 -1.17057189485793 1.019712630279 1.01943069788481 -0.40107192792502 -0.347091491975516 0.690647067858139 -0.0308923524688091 0.785562752662894 -0.223727240037938 "yes"
"384" 455 -1.27928570953369 1.05955148354497 1.05926597699189 -0.40107192792502 -0.273339887219921 0.591530355596182 0.344029933569386 0.520180426951334 -0.204230434062996 "yes"
"385" 456 -1.03569288036281 1.09938814368335 1.09909902571641 -0.40107192792502 -0.356191190258794 0.301724465397518 0.592108714282767 0.491394995542979 -0.297732922845859 "yes"
"386" 457 -0.913704401522624 1.13922257336186 1.1389298067398 -0.40107192792502 -0.330624850307773 0.205653887466172 0.586459173651778 0.0330631193470547 -0.334578793856271 "yes"
"387" 458 -0.810324111559003 1.17905473526061 1.17875828275641 -0.40107192792502 0.799082487021419 -0.56089602659842 -0.392554983484745 0.127551505429752 0.742562566918217 "yes"
"388" 461 0.596809812168136 1.77623969365432 1.77588349588166 -0.40107192792502 -0.165033741562841 -0.56089602659842 -1.88769434771404 -0.58076651259919 -0.232926552759925 "yes"
"389" 462 0.0897293641655976 1.81603050666237 1.81567002945903 -0.40107192792502 0.106983165940112 -0.56089602659842 0.300764632231761 0.493917170483642 -0.286426687724314 "yes"
"390" 463 0.118173603143247 1.85581841958111 1.85545362599109 -0.40107192792502 1.30823568199094 -0.56089602659842 -0.501626249336858 -0.214615013438731 -0.381843035908724 "yes"
"391" 464 0.920205619092246 1.89560339535272 1.89523424843775 -0.40107192792502 -0.356191190258794 -0.56089602659842 0.742305472075051 -0.58076651259919 -0.46434179666591 "yes"
"392" 465 1.46358751688128 -1.89216721083348 -1.89227335893144 -0.40107192792502 -0.0887295258788102 -0.158784280463246 0.0509174104247119 0.598539459250896 0.614817393350538 "yes"
"393" 466 1.24737603379428 -1.85225351782474 -1.85236049679601 -0.40107192792502 0.20838887243234 -0.259523532758848 -1.35005773815022 0.791155598692205 0.211463864953212 "yes"
"394" 467 1.10100459746813 -1.8123392719683 -1.81244711957638 -0.40107192792502 -0.152227980698313 0.697994555666792 -0.971775172686597 1.64643476122807 0.0612712962677272 "yes"
"395" 468 0.696773436183708 -1.77242451100982 -1.77253326501951 -0.40107192792502 0.219148529935834 -0.214583874010931 -1.69201620138148 2.15409772201806 0.0101832613545806 "yes"
"396" 469 0.454801967394017 -1.73250927269755 -1.73261897087511 -0.40107192792502 -0.312148131006287 -0.176191327849777 -2.00462854923373 1.03833774864988 0.0173346880044804 "yes"
"397" 470 0.422734731590908 -1.6925935947825 -1.69270427489548 -0.40107192792502 -0.0476809859649004 0.0631421326306334 -0.86863121996293 0.75900170760648 -0.226256265883328 "yes"
"398" 471 0.318054118092697 -1.6526775150183 -1.65278921483523 -0.40107192792502 -0.293093650818324 -0.542798826156457 -1.98448865912867 -0.405982928104792 0.0995865896671133 "yes"
"399" 472 -0.257983903212505 -1.61276107116085 -1.61287382845077 -0.40107192792502 -0.356191190258794 -0.541130052733651 -3.82374424271921 1.02251659023118 0.250182888693784 "yes"
"400" 473 0.40059769577644 -1.57284430096788 -1.57295815350081 -0.40107192792502 -0.356191190258794 -0.399490418014477 -2.06029437721973 0.557320123992327 -0.238257604399463 "yes"
"401" 474 0.37644623196241 -1.53292724219941 -1.53304222774525 -0.40107192792502 -0.302128052982322 0.0415636885190658 -0.830773761598448 1.13902104991505 -0.353473985574709 "yes"
"402" 475 -0.407229085843877 -1.49300993261663 -1.49312608894569 -0.40107192792502 -0.343535701751896 1.76715603268003 -0.64917819715728 2.49704615360548 -0.0928271744280234 "yes"
"403" 476 -0.702927037135433 -1.45309240998248 -1.45320977486491 -0.40107192792502 -0.309989030676495 0.329381125665401 -0.784564665706907 0.486979338918776 -0.0423631731620236 "yes"
"404" 477 -0.272184444994348 -1.41317471206102 -1.41329332326654 -0.40107192792502 -0.237313275658588 -0.443032675257113 0.550667753987572 -0.58076651259919 -0.294935689727379 "yes"
"405" 478 -0.290982350787236 -1.37325687661722 -1.37337677191525 -0.40107192792502 -0.217650297352161 -0.443821815736863 0.693268457374274 -0.425886307104926 -0.309108250706264 "yes"
"406" 479 -0.445563783927859 -1.33333894141703 -1.33346015857598 -0.40107192792502 -0.310416504154961 -0.0709796431603608 0.590866839329935 0.489011711705577 -0.339502892780834 "yes"
"407" 480 -0.840715863788889 -1.29342094422671 -1.29354352101412 -0.40107192792502 -0.352320762695279 0.706370580648009 0.269967280074312 1.35982473994299 2.45255955683368 "yes"
"408" 481 -0.882991949005316 -1.25350292281296 -1.25362689699543 -0.40107192792502 -0.100273753552644 1.22428895112787 -0.131597696048973 3.51269185856738 4.41246460765949 "yes"
"409" 482 0.146860453400599 -1.21358491494286 -1.21371032428524 -0.40107192792502 -0.356191190258794 0.238304620051675 0.602297850922819 -0.186848314471004 1.17000518688747 "yes"
"410" 483 0.833338893632331 -1.17366695838303 -1.1737938406489 -0.40107192792502 -0.356191190258794 -0.380123929911308 0.760254820007142 -0.482758355758033 -0.425625072085732 "yes"
"411" 484 0.311907959559264 -1.13374909090014 -1.13387748385095 -0.40107192792502 -0.332283413907041 2.77473027766754 -0.122578826701497 0.5940257541389 -0.433238608804925 "yes"
"412" 485 1.08306221989262 -1.09383135026003 -1.09396129165538 -0.40107192792502 -0.356191190258794 -0.187434972453614 0.66196726101163 -0.58076651259919 -0.464893405138198 "yes"
"413" 486 1.41709025614594 -1.05391377422802 -1.05404530182542 -0.40107192792502 -0.356191190258794 -0.56089602659842 0.804715585369186 -0.58076651259919 -0.490646668606651 "yes"
"414" 487 1.21483117076234 -1.01399640056862 -1.01412955212276 -0.40107192792502 -0.356191190258794 -0.56089602659842 0.80471560276331 -0.58076651259919 -0.488978394199597 "yes"
"415" 488 1.36620651377372 -0.974079267044855 -0.974214080307928 -0.40107192792502 -0.356191190258794 -0.56089602659842 0.804715620155304 -0.58076651259919 -0.443715078832917 "yes"
"416" 489 0.811385348095266 -0.934162411418553 -0.934298924140031 -0.40107192792502 -0.3379462262021 0.233112724535835 0.49084584391419 0.221957499285131 -0.287846491095743 "yes"
"417" 490 0.453139227523573 -0.894245871450126 -0.894384121376038 -0.40107192792502 -0.0345591637716265 1.53941986049943 -0.0890450006944579 1.26146486816094 -0.111800091854851 "yes"
"418" 491 0.732604823062913 -0.854329684897856 -0.85446970977125 -0.40107192792502 -0.222076467154898 -0.179846294658514 0.579863524644096 -0.475226070652982 -0.358662207211059 "yes"
"419" 492 1.11370640778718 -0.814413889518352 -0.814555727078465 -0.40107192792502 -0.356191190258794 -0.56089602659842 0.804715689708099 -0.58076651259919 -0.494043228968315 "yes"
"420" 493 0.970069166569222 -0.774498523065719 -0.774642211048247 -0.40107192792502 -0.356191190258794 -0.543707912943766 0.783187479245664 -0.58076651259919 -0.446012010366113 "yes"
"421" 494 0.478037330098928 -0.734583623291833 -0.734729199428333 -0.40107192792502 0.00835175556430139 0.416376192392828 -0.345685974128507 0.514303614160444 -0.319829718811592 "yes"
"422" 495 0.228794208181041 -0.694669227945738 -0.694816729963859 -0.40107192792502 -0.327474763157226 0.405194373996504 -0.125099068187886 -0.0140740104232013 0.367406282641006 "yes"
"423" 496 -0.428876999676527 -0.654755374773879 -0.654904840396535 -0.40107192792502 -0.206998172438126 0.0588399037505395 -0.803550194729752 2.63354142600148 0.304032212395594 "yes"
"424" 497 -0.397597976702073 -0.614842101519274 -0.614993568465111 -0.40107192792502 -0.356191190258794 -0.226815909963962 0.613812283072498 0.0654304170434478 -0.355916751683583 "yes"
"425" 498 -0.876346005139981 -0.574929445921982 -0.575082951904523 -0.40107192792502 -0.356191190258794 -0.348569452605918 0.623401476785989 -0.58076651259919 0.202968662900746 "yes"
"426" 499 -1.36677483669021 -0.535017445718245 -0.535173028446224 -0.40107192792502 -0.237990291535812 -0.161309002141459 0.350250475617246 -0.126079391230093 0.875181179277654 "yes"
"427" 505 -1.3927344845083 1.06049259091873 1.06022310136462 -0.40107192792502 -0.342110950556375 1.05317773529776 -0.064211623434097 0.256156739665822 0.485475370153026 "yes"
"428" 506 -1.4824897150292 1.1003453012382 1.10007219584531 -0.40107192792502 -0.0958369343609687 1.76765985921466 -0.0806195408523294 1.18354527878537 0.333102668382541 "yes"
"429" 507 -1.34189399036719 1.14019577722916 1.1399190186921 -0.40107192792502 -0.0547700207289814 0.934801711289582 -0.0941426448417835 0.797485079045029 -0.182129435074804 "yes"
"430" 508 -1.28131727400475 1.18004398150746 1.17976353253504 -0.40107192792502 0.309266909157128 0.161436024246628 -0.525297583766283 1.44081790720247 0.120228000063676 "yes"
"431" 509 -1.142483090946 1.21988987670186 1.21960570001728 -0.40107192792502 -0.194332806811573 -0.0996704248704696 0.44683831622581 0.161985367731312 0.122491942141102 "yes"
"432" 510 -0.975473718859721 1.25973342545422 1.25944548379509 -0.40107192792502 0.498094431693572 -0.337718213876689 -0.168889754944819 0.0299823164970295 -0.282533067738127 "yes"
"433" 511 -1.0769031057912 1.29957459041951 1.29928284653822 -0.40107192792502 0.98818322833352 0.0690327216086905 -1.09404337834384 -0.375239035658588 -0.365749798454679 "yes"
"434" 517 -0.103786794032528 1.77746906004773 1.77712878984584 -0.40107192792502 1.99398707210475 -0.56089602659842 -1.08931218791596 -0.308953049582732 -0.259393384790234 "yes"
"435" 518 0.0410545377934917 1.81727584379909 1.81693128859377 -0.40107192792502 -0.119308705344474 -0.56089602659842 0.388965632324358 0.674613561196472 -0.31004302031589 "yes"
"436" 519 0.961009931849498 1.85707972244187 1.85673084521396 -0.40107192792502 -0.356191190258794 -0.552183511042712 0.732690194129614 -0.58076651259919 -0.381843035908724 "yes"
"437" 520 1.60532511888095 -1.93234987341974 -1.93243902698379 -0.40107192792502 0.485834094017986 0.271380897372475 -0.802703568844476 2.21648960260856 0.451766215688429 "yes"
"438" 521 0.982588725477021 -1.89242057836249 -1.89251052457112 -0.40107192792502 0.731432710506732 -0.38971662073918 -1.44920366408049 2.49278686075728 0.849191009125071 "yes"
"439" 522 1.16815912764221 -1.8524906916866 -1.85258146836686 -0.40107192792502 0.84657383068539 0.038769886930605 -1.67453784718891 1.97098600172551 0.179967562925199 "yes"
"440" 524 1.16918267273279 -1.77262929471372 -1.77272184582618 -0.40107192792502 0.340087869463619 0.443409770200621 -1.79868064112229 0.346579785085418 -0.368845354007732 "yes"
"441" 525 1.46499711954841 -1.73269786004204 -1.73279135511802 -0.40107192792502 -0.333707275202913 -0.551829700264649 -0.676361113138192 -0.58076651259919 -0.374014840909754 "yes"
"442" 526 0.770050589311259 -1.69276598500173 -1.69286046187451 -0.40107192792502 0.306206356548573 0.207486035178774 -2.13736169298893 0.602630480487222 -0.302415069728316 "yes"
"443" 527 0.116594961544855 -1.6528337074121 -1.65292920391594 -0.40107192792502 -0.298620875840836 -0.482717165749273 -2.42600042263858 4.25752009739609 0.0642869806956419 "yes"
"444" 528 0.468452400823852 -1.61290106509478 -1.61299761906466 -0.40107192792502 -0.266426469819022 0.382793819223493 -3.48229254431694 1.9713199880147 0.155962485044633 "yes"
"445" 529 0.875836562233302 -1.57296809587341 -1.573065745145 -0.40107192792502 -0.356191190258794 -0.149044524951901 -0.641865282188494 -0.2948063054627 -0.225989292751275 "yes"
"446" 530 1.49654080821649 -1.53303483757364 -1.53313361998284 -0.40107192792502 -0.356191190258794 -0.56089602659842 0.72476230766519 -0.58076651259919 -0.394302546338068 "yes"
"447" 531 0.330250677109302 -1.49310132802266 -1.49320128140545 -0.40107192792502 -0.356191190258794 0.361688804931359 0.0159197120203802 -0.321115017473705 -0.0490174750947614 "yes"
"448" 532 -0.54672946740767 -1.45316760504905 -1.45326876724131 -0.40107192792502 -0.287497591695681 -0.0163572815832506 0.353409946436513 0.737111391364076 -0.115350492969395 "yes"
"449" 533 -0.555978765953572 -1.41323370648261 -1.41333611532013 -0.40107192792502 -0.0317740129228948 -0.0126320473832326 0.349380759687106 0.021853885281609 -0.380682542449266 "yes"
"450" 534 0.809799870372289 -1.37329967015434 -1.37340336347199 -0.40107192792502 -0.356191190258794 -0.56089602659842 0.804715441422602 -0.58076651259919 -0.380682542449266 "yes"
"451" 535 0.233804614925222 -1.33336553389566 -1.333470549528 -0.40107192792502 -0.356191190258794 0.156557823846382 0.599819693403336 -0.58076651259919 -0.342560134138115 "yes"
"452" 536 -0.200724452989455 -1.29343133553897 -1.29353771131927 -0.40107192792502 -0.254135228505751 -0.152103959800936 0.549200199477476 0.130632470792096 3.05783308947876 "yes"
"453" 537 -0.941963778480289 -1.2534971129167 -1.25360488667716 -0.40107192792502 -0.165513423002946 0.975023855972586 -0.545049725677595 3.30825485482923 3.90793135272182 "yes"
"454" 538 0.0423463181964456 -1.21356290386152 -1.21367211343302 -0.40107192792502 -0.33614794725904 0.291051668267639 0.533687523152362 -0.55106441540414 1.40315001333775 "yes"
"455" 539 1.05414271256054 -1.17362874620609 -1.17373942941795 -0.40107192792502 -0.356191190258794 -0.558449702448079 0.804138921622674 -0.58076651259919 -0.266704202826428 "yes"
"456" 540 1.33244963637156 -1.13369467778282 -1.13380687246227 -0.40107192792502 -0.356191190258794 -0.341865161904779 0.749098456231468 -0.58076651259919 -0.383993122248052 "yes"
"457" 541 1.02959091897165 -1.09376073642336 -1.09387448039585 -0.40107192792502 -0.356191190258794 -0.336702631547759 0.702841508903069 -0.58076651259919 -0.454051837712784 "yes"
"458" 542 1.44939339879171 -1.05382695995886 -1.0539422910475 -0.40107192792502 -0.356191190258794 -0.56089602659842 0.801767228095227 -0.58076651259919 -0.533219978204074 "yes"
"459" 543 1.60965206066836 -0.973960053034181 -0.974078671814432 -0.40107192792502 -0.356191190258794 -0.56089602659842 0.804715615341234 -0.58076651259919 -0.533219978204074 "yes"
"460" 544 0.941365100335357 -0.934026998230641 -0.934147317580829 -0.40107192792502 -0.319247159901109 -0.142124526524914 0.652365063317296 -0.491705506281523 -0.314609498889704 "yes"
"461" 545 0.976414638710947 -0.894094259634945 -0.894216317366923 -0.40107192792502 -0.356191190258794 -0.385998966454502 0.763491828403597 -0.58076651259919 -0.259956873556446 "yes"
"462" 546 0.378458780348091 -0.854161875071219 -0.854285708993644 -0.40107192792502 -0.154866469485119 0.642146525346021 0.253541166736467 0.307937360116924 -0.366997483054215 "yes"
"463" 547 0.781093496923476 -0.814229882361705 -0.814355530279701 -0.40107192792502 -0.356191190258794 -0.56089602659842 0.753220329794755 -0.58076651259919 -0.438357891794352 "yes"
"464" 548 0.695423985083989 -0.774298319326423 -0.774425819041378 -0.40107192792502 -0.356191190258794 -0.56089602659842 0.751174625545811 -0.58076651259919 -0.487271168038553 "yes"
"465" 549 0.184146842670614 -0.734367223782967 -0.734496613092245 -0.40107192792502 -0.320145444524056 1.03973639413074 0.194498295358299 -0.424613093084018 -0.223174035330078 "yes"
"466" 550 -0.515957347557188 -0.694436633546219 -0.694567950242964 -0.40107192792502 0.377595354001116 1.85529933831892 -1.64583000786639 1.71618385531197 0.5109299942817 "yes"
"467" 551 -0.0531816712061635 -0.654506586428152 -0.654639868301125 -0.40107192792502 -0.193180787666392 0.506047799122205 -0.418954306717037 0.781957373047784 0.40064554384973 "yes"
"468" 552 -0.614762012121957 -0.614577120237666 -0.614712405071151 -0.40107192792502 -0.186672245745961 0.969455032198545 0.111734067572819 0.358846893614006 -0.394758487064122 "yes"
"469" 553 -0.826391213615203 -0.574648272780495 -0.574785598353754 -0.40107192792502 -0.0468327515392004 -0.268424371153398 0.303058170552174 0.196642320331525 0.0892259311936901 "yes"
"470" 554 -0.996864800239888 -0.53472008185866 -0.534859485946007 -0.40107192792502 0.329289513112609 0.0827540978066917 -0.139060400514301 0.242234625108265 0.387042284635811 "yes"
"471" 555 -1.30249215134425 -0.494792585270547 -0.49493410564098 -0.40107192792502 -0.134777956763542 -0.389570594300451 -0.073147124291198 -0.255806028517102 0.659675547014912 "yes"
"472" 556 -1.50975050951281 -0.454865820810534 -0.455009495227601 -0.40107192792502 -0.0284446750418664 -0.26683559620465 -0.966247295067356 -0.576330849893596 1.04373640015132 "yes"
"473" 558 -1.57178408868326 1.10130469312369 1.10104763761027 -0.40107192792502 1.55518938577839 -0.139749958629382 -1.55671762273878 2.38953011871352 0.486205829561007 "yes"
"474" 559 -1.12406397377344 1.14117125281127 1.14091053965043 -0.40107192792502 -0.253883427524442 -0.343795958378256 0.612209607720695 -0.296755144264516 -0.0316871434136016 "yes"
"475" 560 -1.32586618143237 1.18103553684038 1.18077112867669 -0.40107192792502 -0.356191190258794 -0.0741421196954033 0.584976852838217 -0.58076651259919 -0.352889448217618 "yes"
"476" 561 -1.17082221341833 1.22089750777541 1.22062936726772 -0.40107192792502 -0.171102688207753 -0.0285527618611304 0.406547748539102 -0.386263357988579 -0.405345134735216 "yes"
"477" 562 -1.15696814015606 1.26075712819371 1.26048521801532 -0.40107192792502 -0.314518864008507 0.511708568817763 0.488928709786064 -0.545609055398332 -0.426458018939521 "yes"
"478" 563 -1.1158591408627 1.30061436068581 1.30033864352509 -0.40107192792502 -0.356191190258794 0.0839332306811171 0.602304266580539 0.160730319816358 -0.251926547261435 "yes"
"479" 564 -0.856636652158822 1.340469167856 1.34018960641615 -0.40107192792502 -0.356191190258794 0.199206513208897 0.486586864373656 -0.213335453128497 0.101535022525464 "yes"
"480" 565 -0.633016550229101 1.3803215123221 1.38003806932157 -0.40107192792502 -0.356191190258794 -0.191861640016517 0.675947586186008 -0.58076651259919 -0.152366964555156 "yes"
"481" 566 -0.820551843741325 1.42017135671589 1.41988399488859 0.265768934344367 -0.303091857233096 -0.56089602659842 0.718132901646851 -0.58076651259919 -0.533219978204074 "yes"
"482" 567 -0.513669857092675 1.46001866368332 1.45972734577879 2.97465597301411 -0.218364420815352 -0.56089602659842 0.67918130960819 -0.58076651259919 -0.533219978204074 "yes"
"483" 568 0.223409905708362 1.49986339588466 1.49956808466829 3.05083606170006 -0.130354615789853 -0.56089602659842 0.652379072650443 -0.58076651259919 -0.533219978204074 "yes"
"484" 570 0.312233543429222 1.73887562983996 1.7385555777388 1.0743305344455 1.07768010968295 -0.56089602659842 -1.03040810328059 -0.58076651259919 -0.505173472705583 "yes"
"485" 571 -0.0377101286014562 1.77870129441477 1.77837698882043 0.29666920741357 -0.356191190258794 -0.56089602659842 0.669803173512672 0.272876936968505 -0.470784270785296 "yes"
"486" 572 0.808294573468114 1.81852408604692 1.81819548985899 -0.389059881904086 -0.356191190258794 -0.56089602659842 0.797452005365318 -0.58076651259919 -0.485978756790209 "yes"
"487" 573 1.73149207081488 -1.97256495798956 -1.97263711802277 -0.40107192792502 -0.356191190258794 1.88211623562807 -2.08120418775217 2.60005489172874 0.0122883745092555 "yes"
"488" 574 1.36995590829853 -1.93262006301095 -1.93269297732807 -0.40107192792502 0.322337310478189 -0.0301893782251878 -2.47181882071923 0.166552084866736 0.0767527347911761 "yes"
"489" 575 1.4744490209439 -1.89267453751087 -1.89274824400286 -0.40107192792502 0.406920358539017 1.17048368107238 -0.690617332107863 -0.399366996343946 0.080416903989078 "yes"
"490" 576 0.990286601911731 -1.85272841935973 -1.85280295591984 -0.40107192792502 0.508069337937228 -0.00408153566561206 -1.6854000242469 1.05998711907339 -0.076831335933785 "yes"
"491" 577 1.59900320684569 -1.81278174643155 -1.81285715095489 -0.40107192792502 -0.148865493714351 -0.283790436826647 -1.3451785605545 -0.401357154379261 -0.157659259507213 "yes"
"492" 578 1.67537466583157 -1.73288688775562 -1.73296414189667 -0.40107192792502 -0.356191190258794 -0.556518391421683 0.485150366567324 -0.526755329614296 -0.407849066064175 "yes"
"493" 579 0.752377697301082 -1.69293877777065 -1.69301701356891 -0.40107192792502 0.318759964895094 2.58203143838179 -1.94011445524024 1.40755331048586 -0.290913149433135 "yes"
"494" 580 0.675124157427602 -1.65299026453392 -1.65306951988967 -0.40107192792502 -0.289761228875886 0.934648123210464 -0.66731832248161 2.04533096318441 -0.284423899847266 "yes"
"495" 581 1.45475215837688 -1.61304138593306 -1.61312169874726 -0.40107192792502 -0.356191190258794 0.613534568411209 -0.42783680323442 0.194636835728084 -0.291966810048885 "yes"
"496" 582 0.870568416146374 -1.57309217985767 -1.57317358803206 -0.40107192792502 -0.356191190258794 0.242762929078398 -1.39311309369333 1.11203085518602 -0.415907946452024 "yes"
"497" 583 1.58119547605823 -1.53314268419945 -1.53322522563584 -0.40107192792502 -0.356191190258794 -0.56089602659842 0.783503840470167 0.81681192420402 -0.432356290835112 "yes"
"498" 584 0.548100395257748 -1.49319293685149 -1.49327664945201 -0.40107192792502 -0.356191190258794 2.12218441480696 -0.466895551183108 2.10207594386785 -0.28484725392017 "yes"
"499" 585 -0.287336470553115 -1.45324297570851 -1.45332789737508 -0.40107192792502 -0.356191190258794 -0.156869620273833 0.349905966031717 -0.0165074778886644 -0.264097621642127 "yes"
"500" 586 -0.237494588141381 -1.41329283866633 -1.41337900730058 -0.40107192792502 -0.104354456355947 -0.528885728001412 0.610806566728407 -0.239294140149353 -0.421011739420329 "yes"
"501" 587 0.620086747149511 -1.3733425636218 -1.3734300171248 -0.40107192792502 -0.356191190258794 -0.56089602659842 0.804715436681853 -0.58076651259919 -0.407939057743019 "yes"
"502" 588 0.454399214771372 -1.33339218847251 -1.33348096474476 -0.40107192792502 -0.356191190258794 -0.482470789782703 0.786230363603498 -0.58076651259919 -0.391532754454664 "yes"
"503" 589 -0.67820349124475 -1.29344175111681 -1.29353188805766 -0.40107192792502 -0.310281913051257 1.73286055594393 -0.0204740277217839 1.04166519592608 0.655549690487718 "yes"
"504" 590 -0.442427773294636 -1.2534912894532 -1.25358282496086 -0.40107192792502 -0.201296746522264 0.239235355476365 0.401687064921067 -0.0936527528911631 1.39956232589326 "yes"
"505" 591 -0.482077477945456 -1.21354084138037 -1.2136338133518 -0.40107192792502 -0.356191190258794 2.17930458905091 -0.405852157353668 -0.58076651259919 0.56352611179017 "yes"
"506" 592 0.503517446079403 -1.17359044479706 -1.17368489112735 -0.40107192792502 -0.356191190258794 -0.227952184543577 0.549123697330847 -0.58076651259919 0.0596062434957069 "yes"
"507" 593 1.60857355249789 -1.13364013760147 -1.13373609618419 -0.40107192792502 -0.356191190258794 -0.56089602659842 0.804715541007825 -0.58076651259919 -0.186910883777959 "yes"
"508" 594 1.74530250251622 -1.09368995769157 -1.093787466418 -0.40107192792502 -0.356191190258794 -0.56089602659842 0.804715558390821 -0.58076651259919 -0.420073524912243 "yes"
"509" 595 1.77657499153426 -0.933891268834739 -0.933995357001525 -0.40107192792502 -0.356191190258794 -0.56089602659842 0.804715627903122 -0.58076651259919 -0.47738948595769 "yes"
"510" 596 0.951129319679832 -0.893942293787389 -0.894048121516708 -0.40107192792502 -0.312007433622885 -0.522818509075427 0.768998323003131 -0.58076651259919 -0.426726647495255 "yes"
"511" 597 0.219605891297796 -0.853993673389899 -0.854101278556287 -0.40107192792502 -0.110832490918389 2.00365420383663 -0.212105950193331 1.50478166750307 -0.330450705253188 "yes"
"512" 598 0.458306957714963 -0.814045445530412 -0.814154866004935 -0.40107192792502 -0.356191190258794 -0.410576683299764 0.745449918569266 -0.58076651259919 -0.262740232631918 "yes"
"513" 599 -0.153786140944348 -0.774097648094918 -0.774208921744904 -0.40107192792502 -0.101184049183301 0.935419663609398 -0.0417490480993556 -0.58076651259919 -0.18315172057745 "yes"
"514" 600 -0.511927656232196 -0.734150318966979 -0.734263483655731 -0.40107192792502 0.164448151378936 2.30116952716271 -1.28480187077379 -0.0496567032493984 0.123667628788839 "yes"
"515" 601 -0.57138761439921 -0.694203496027446 -0.694318589614 -0.40107192792502 0.418409663612311 3.0340510715182 -2.40689233151606 1.51499300808975 1.17161420646259 "yes"
"516" 602 0.28833034074064 -0.654257217154217 -0.654374277493367 -0.40107192792502 -0.153055409929715 0.419693180621227 0.352618069873594 -0.54259800657044 1.17161420646259 "yes"
"517" 603 0.71932772745157 -0.61431152022226 -0.614430585164054 -0.40107192792502 -0.356191190258794 -0.381147378745796 0.680314124249946 -0.58076651259919 -0.495839419823185 "yes"
"518" 604 -0.216428090641577 -0.57436644310311 -0.574487550492683 -0.40107192792502 -0.356191190258794 -0.212786394596463 0.551388346383464 -0.58076651259919 -0.39998037873234 "yes"
"519" 605 -0.466206048063836 -0.534422023664703 -0.534545211342284 -0.40107192792502 -0.356191190258794 -0.402438095136345 0.588645651825687 -0.58076651259919 -0.256191814859803 "yes"
"520" 606 -0.249087373959476 -0.49447829977138 -0.494603605571836 -0.40107192792502 -0.356191190258794 -0.56089602659842 0.41600483052403 -0.58076651259919 -0.193089237119646 "yes"
"521" 607 -1.11917393556992 -0.454535309283433 -0.454662771036212 -0.40107192792502 -0.267369487041009 -0.45748034521649 0.385764663272488 -0.58076651259919 -0.151020837280435 "yes"
"522" 611 -1.43972099571761 1.10226632322109 1.10202535495683 -0.40107192792502 0.337999750383202 0.727629315897195 -1.27663228801202 -0.197724672771347 1.53676795978314 "yes"
"523" 612 -1.16612194043001 1.14214900405387 1.1419043736249 -0.40107192792502 -0.356191190258794 1.36659644059427 0.34317522850115 -0.58076651259919 1.11765167466275 "yes"
"524" 613 -1.53134954528911 1.18202940526963 1.18178107525585 -0.40107192792502 0.177138092320864 0.678194746370781 -0.532876798156544 -0.355471002745789 0.310944365063359 "yes"
"525" 614 -1.36940960579447 1.22190748936795 1.22165542236373 -0.40107192792502 -0.21860976355327 -0.153173133036684 0.461396643691379 -0.478477565885955 0.0837590340399196 "yes"
"526" 615 -0.937927396019531 1.26178321886157 1.26152737747582 -0.40107192792502 -0.356191190258794 -0.384584088936329 0.740353328467263 -0.58076651259919 -0.291862594562407 "yes"
"527" 616 -0.693067345551497 1.30165655627646 1.30139690313298 -0.40107192792502 -0.356191190258794 -0.476566614879671 0.764066542637178 -0.58076651259919 -0.293074875386445 "yes"
"528" 617 -0.37244229065715 1.34152746415221 1.34126396189003 -0.124550632279865 -0.356191190258794 -0.56089602659842 0.804716616016946 -0.58076651259919 -0.112805172865427 "yes"
"529" 618 0.113681858650213 1.38139590504233 1.38112851631548 0.291410722101295 -0.356191190258794 -0.56089602659842 0.80471663331899 -0.58076651259919 -0.271739865324812 "yes"
"530" 619 -0.328034331518178 1.42126184151402 1.42099052899214 2.69004675639874 -0.356191190258794 -0.56089602659842 0.800343250035885 -0.58076651259919 -0.533083596439234 "yes"
"531" 620 -0.0318803087979927 1.46112523614879 1.46084996251729 3.1816042916414 -0.356191190258794 -0.56089602659842 0.801524738975007 -0.58076651259919 -0.533167933430306 "yes"
"532" 621 0.0112738298927787 1.50098605154266 1.50070677950273 3.18160430502859 -0.356191190258794 -0.56089602659842 0.769785323424182 -0.58076651259919 -0.533219978204072 "yes"
"533" 622 0.366024295566363 1.54084425030608 1.54056094257497 3.07340661366136 -0.134961465543054 -0.56089602659842 0.642145490773194 -0.58076651259919 -0.521091450891166 "yes"
"534" 623 0.727256014693189 1.58069979506431 1.58041241437579 1.62229846984934 1.12005474254338 -0.56089602659842 -1.29963719738577 -0.58076651259919 -0.523819026650294 "yes"
"535" 624 0.898500985590935 1.62055264845782 1.62026115756182 1.4517280865117 1.14453101722095 -0.56089602659842 -1.34921421945479 -0.58076651259919 -0.531868032175557 "yes"
"536" 626 0.00248714359013963 1.70025013178783 1.69995030879479 2.03922892400449 1.11120103382108 -0.56089602659842 -0.657433026658128 -0.143335576595208 -0.532196227045559 "yes"
"537" 627 -0.0810590637934704 1.74009468708212 1.73979064223331 3.18160438370883 -0.354867791811025 -0.56089602659842 0.696447282493262 0.21554431240243 -0.527655119677059 "yes"
"538" 628 0.67900441408698 1.77993640172717 1.77962809784092 3.18160439872662 -0.356191190258794 -0.56089602659842 0.751704478147939 -0.545374872556566 -0.519664352119253 "yes"
"539" 629 1.62819440915475 1.81977523844155 1.81946263835368 2.3863007925026 -0.356191190258794 -0.56089602659842 0.498357123738123 -0.58076651259919 -0.52530458407639 "yes"
"540" 631 1.69465863370888 -1.89292908931072 -1.89298651819294 -0.40107192792502 -0.34302936296133 -0.510291886184346 -0.148465954756404 -0.58076651259919 -0.280353969062315 "yes"
"541" 632 1.50033519107875 -1.81300375856363 -1.81306288473247 -0.40107192792502 -0.28741965958668 -0.447415387131832 -0.554664791988238 -0.58076651259919 -0.290163880873616 "yes"
"542" 633 1.15427728280357 -1.73307635660668 -1.7331373319135 -0.40107192792502 -0.356191190258794 -0.466154787855365 -0.0956680191097132 -0.393219143056903 -0.455867365185159 "yes"
"543" 634 0.981845415727156 -1.69311197379171 -1.6931739306151 -0.40107192792502 -0.259246251983292 0.0292674543749007 -0.425771833224669 -0.380516101949167 -0.385728910991139 "yes"
"544" 635 0.920328867574466 -1.6531471870202 -1.65321016332675 -0.40107192792502 -0.355261612470788 -0.17489529981038 -0.733113437917529 -0.550431944361588 -0.411523170374743 "yes"
"545" 636 1.58637416068224 -1.57321655342514 -1.57328168260031 -0.40107192792502 -0.356191190258794 -0.56089602659842 0.723061229494654 -0.58076651259919 -0.474640395570268 "yes"
"546" 637 0.997026689927613 -1.49328475947567 -1.49335219339191 -0.40107192792502 -0.356191190258794 -0.542792051784384 0.800448212396912 -0.348750714844088 -0.311117404942769 "yes"
"547" 638 -0.00173942145592029 -1.45331852226741 -1.45338716550648 -0.40107192792502 -0.356191190258794 0.534647466645139 -0.0823418712574278 0.397525949438479 -0.286599835451787 "yes"
"548" 639 0.733858941621166 -1.41335210885247 -1.41342199938235 -0.40107192792502 -0.356191190258794 -0.56089602659842 0.80471541455535 -0.58076651259919 -0.409851717038619 "yes"
"549" 640 0.300875905952277 -1.37338555719404 -1.37345673298196 -0.40107192792502 -0.356191190258794 -0.540210319145413 0.799839741724482 -0.58076651259919 -0.358948805912348 "yes"
"550" 641 0.584697609854755 -1.33341890525587 -1.33349140426865 -0.40107192792502 -0.356191190258794 -0.56089602659842 0.80471544932549 -0.58076651259919 -0.182942802029556 "yes"
"551" 642 -0.0639521637385033 -1.29345219100262 -1.29352605120574 -0.40107192792502 -0.350844080707284 0.044225257250238 0.605523124529435 -0.310152731024093 0.159220985765236 "yes"
"552" 643 -0.607305453317688 -1.25348545239893 -1.25356071175689 -0.40107192792502 -0.315524639644272 2.38586404152198 -0.0935914274520758 1.34469291612638 0.464275044529161 "yes"
"553" 644 -0.0868553630749016 -1.21351872740977 -1.21359542388572 -0.40107192792502 -0.356191190258794 2.03476851435127 -0.616538073701962 -0.563688045482895 0.261599907792036 "yes"
"554" 645 0.119626446344921 -1.17355205400007 -1.17363022555549 -0.40107192792502 -0.356191190258794 2.03520375692678 -0.166099748415646 -0.58076651259919 0.0664072112013747 "yes"
"555" 646 0.835731494872871 -1.13358547013443 -1.13366515472891 -0.40107192792502 -0.356191190258794 -0.0975980841260792 0.320766474908926 -0.58076651259919 -0.270220899298661 "yes"
"556" 647 1.23907562407334 -1.09361901377685 -1.09370024936804 -0.40107192792502 -0.356191190258794 -0.56089602659842 0.761940667931606 -0.58076651259919 -0.429209166239 "yes"
"557" 648 1.23832999377052 -0.933755222678881 -0.933843041784353 -0.40107192792502 -0.356191190258794 -0.550406417791359 0.783612759882296 -0.58076651259919 -0.426114871007058 "yes"
"558" 649 0.599996177244843 -0.893789973289669 -0.893879533141684 -0.40107192792502 -0.196140751219406 0.459325341223527 0.370757284113272 -0.58076651259919 -0.344668890969652 "yes"
"559" 650 0.278923663879192 -0.85382507917016 -0.85391641770941 -0.40107192792502 -0.111372788185549 1.26698457307832 0.0167849090169083 0.286959846930268 -0.237879710412539 "yes"
"560" 651 -0.238262539741803 -0.813860578274679 -0.813953733438432 -0.40107192792502 0.0375883003416507 0.726735042402537 -0.072076782520022 0.797041659411944 -0.168644439733944 "yes"
"561" 652 -0.470091507631634 -0.773896508555441 -0.773991518277125 -0.40107192792502 -0.0691344053506499 2.20939827926711 -0.851932013706323 0.69419720989858 -0.0902312977230471 "yes"
"562" 653 -0.547918656774107 -0.733932907962137 -0.734029810171237 -0.40107192792502 -0.194979730489582 2.39238808991335 -3.57910016313748 0.585520640130012 0.177303247889714 "yes"
"563" 654 -0.193950257578911 -0.693969814441832 -0.694068647063522 -0.40107192792502 -0.228263868140798 0.318862042654494 -3.76942095708787 0.667117260367726 1.45978205889351 "yes"
"564" 655 0.104200896613211 -0.654007265938594 -0.65410806689376 -0.40107192792502 -0.168997777847507 0.779861461736051 -2.41412590389634 -0.58076651259919 1.32968871705166 "yes"
"565" 656 0.861063153524207 -0.614045300393518 -0.614148107598297 -0.40107192792502 -0.356191190258794 -0.273361385784192 0.457871822087765 -0.58076651259919 0.292077961139256 "yes"
"566" 657 1.38589021644584 -0.574083955744266 -0.574188807109957 -0.40107192792502 -0.356191190258794 -0.449281430869153 0.639987234026234 -0.58076651259919 0.318851641358575 "yes"
"567" 658 0.711516280702384 -0.534123269924977 -0.534230203357914 -0.40107192792502 -0.356191190258794 -0.56089602659842 0.630212347177669 -0.58076651259919 -0.473816672017413 "yes"
"568" 659 0.271069641665481 -0.49416328086614 -0.494272334267229 -0.40107192792502 -0.356191190258794 -0.56089602659842 0.781585041961118 -0.58076651259919 -0.509556920296708 "yes"
"569" 660 -0.361158523876032 -0.45420402649413 -0.454315237758739 -0.40107192792502 -0.356191190258794 -0.56089602659842 0.657016251652984 -0.58076651259919 -0.465357529956894 "yes"
"570" 661 -1.04567366881203 -0.414245544731101 -0.414358951749122 -0.40107192792502 -0.356191190258794 -0.525643144486763 0.526612511890247 -0.58076651259919 -0.310298058161948 "yes"
"571" 664 -1.65598799905809 0.983520351264948 0.983306282722423 -0.40107192792502 4.05445445867852 -0.56089602659842 -3.70934248140488 -0.58076651259919 3.2856421611076 "yes"
"572" 666 -1.63641697338668 1.06332910992252 1.06310789553904 -0.40107192792502 4.72230927086489 -0.56089602659842 -3.72600558324817 0.975451953966492 1.80527833044723 "yes"
"573" 667 -1.62052855229849 1.10323019542425 1.10300535184354 -0.40107192792502 4.54593598476143 -0.56089602659842 -3.6663738840907 1.890958256533 2.23714268390635 "yes"
"574" 668 -1.5499419326818 1.14312903491565 1.14290052463866 -0.40107192792502 2.82293181658135 0.32220764989557 -2.22665720996674 1.51970081412519 2.34673634613338 "yes"
"575" 669 -1.54123087793193 1.1830255908185 1.18279337636039 -0.40107192792502 2.65159186589028 -0.321978922577886 -1.59854786199029 1.45132884383491 1.13286966805946 "yes"
"576" 670 -1.45139004205558 1.22291982556749 1.22268386945775 -0.40107192792502 0.00164978958402613 -0.389105928681654 0.512035908286017 -0.3653955423148 0.738450458174556 "yes"
"577" 671 -1.20371739860983 1.26281170161035 1.26257196639339 -0.40107192792502 -0.356191190258794 -0.560783060054103 0.779488118560854 -0.58076651259919 -0.091823015623388 "yes"
"578" 672 -0.556681752009556 1.30270118140842 1.30245762964347 -0.387863371301121 -0.356191190258794 0.0475441306908173 0.661305214760894 -0.58076651259919 -0.324966863509428 "yes"
"579" 673 -0.0827301917057011 1.34258822743656 1.3423408216978 2.89418810747497 -0.356191190258794 -0.56089602659842 0.804716610777566 -0.58076651259919 -0.427489002568115 "yes"
"580" 674 -0.17697570148576 1.38247280218326 1.3822215050605 3.17471672688142 -0.356191190258794 -0.56089602659842 0.804716628072889 -0.58076651259919 -0.480207739957729 "yes"
"581" 675 -0.257262854869937 1.42235486815137 1.4220996422497 3.18160427418582 -0.356191190258794 -0.56089602659842 0.80471664536512 -0.58076651259919 -0.532872932561788 "yes"
"582" 676 0.273717628741597 1.4622343878577 1.46197519579805 3.18160428757008 -0.356191190258794 -0.56089602659842 0.804716662658166 -0.58076651259919 -0.533046495624847 "yes"
"583" 677 0.107997871496243 1.50211132383362 1.50184812825281 3.18160430095062 -0.356191190258794 -0.56089602659842 0.804716679946379 -0.58076651259919 -0.53321997820407 "yes"
"584" 678 0.0717531005876497 1.54198563862507 1.54171840217608 3.18160431433375 -0.356191190258794 -0.56089602659842 0.804716697237944 -0.58076651259919 -0.505782377922638 "yes"
"585" 679 0.21421487045605 1.58185729479287 1.58158598014506 3.18160432771425 -0.356191190258794 -0.56089602659842 0.790112188646055 -0.58076651259919 -0.50087723962043 "yes"
"586" 680 0.126985648367917 1.62172625491291 1.6214508247523 3.18160434109479 -0.356191190258794 -0.56089602659842 0.804716731814333 -0.487762999665785 -0.526751430452941 "yes"
"587" 681 -0.170861301810364 1.66159248157645 1.66131289860564 3.18160435447413 -0.356191190258794 -0.56089602659842 0.601464384526642 0.0175979727225838 -0.533100416480525 "yes"
"588" 682 -0.201213319979808 1.70145593739003 1.70117216432883 3.18160436785361 -0.356191190258794 -0.56089602659842 0.64104060859676 -0.198891862792315 -0.532918445626 "yes"
"589" 683 0.473235322242963 1.74131658497611 1.74102858456138 3.18160438123151 -0.356191190258794 -0.56089602659842 0.709859547002243 -0.58076651259919 -0.531448764395201 "yes"
"590" 684 1.77897840938129 1.78117438697291 1.78088212195894 3.18160439460901 -0.356191190258794 -0.56089602659842 0.268635962463287 -0.58076651259919 -0.529075809752427 "yes"
"591" 686 0.375938566705264 -2.3329022668772 -2.33293676751636 -0.40107192792502 -0.093489363900856 -0.0852540357751109 -2.60313189543527 2.59437424185668 0.298692920750239 "yes"
"592" 687 0.623759571547217 -2.29293220357043 -2.29296711533176 -0.40107192792502 0.783820908469849 -0.457478171292229 -2.33630424874762 4.47628853507279 0.246623248684034 "yes"
"593" 688 1.65438742412007 -2.25296116569601 -2.25299652657476 -0.40107192792502 -0.247589459237012 -0.364812707741535 0.21406781564987 -0.0205458922057879 0.375685104841763 "yes"
"594" 689 1.64821319691253 -1.69328557376958 -1.69333121365168 -0.40107192792502 -0.356191190258794 -0.384942579341391 0.647420360458459 -0.58076651259919 -0.527952540942652 "yes"
"595" 690 1.27053425936292 -1.65330447550955 -1.65335113479964 -0.40107192792502 -0.350548464540909 -0.448180540450787 -0.446031383908003 -0.58076651259919 -0.497618024891193 "yes"
"596" 691 1.8205345169577 -1.61332301060621 -1.613370727338 -0.40107192792502 -0.356191190258794 -0.56089602659842 -1.17693068134369 -0.58076651259919 -0.506447538311095 "yes"
"597" 692 1.80166375683877 -1.53335913296071 -1.5334090786791 -0.40107192792502 -0.356191190258794 -0.56089602659842 0.804715357676946 -0.58076651259919 -0.460342546770252 "yes"
"598" 693 1.00383323917626 -1.49337679626868 -1.49342791353244 -0.40107192792502 -0.356191190258794 1.36574596037084 0.346682709830713 -0.58076651259919 -0.263572200649918 "yes"
"599" 694 0.0203116173809194 -1.45339424503305 -1.45344657187672 -0.40107192792502 -0.318259016125855 0.477060209119983 0.0904253060376762 0.749911148090766 -0.216848268727822 "yes"
"600" 695 -0.0377272598423421 -1.41341151728224 -1.41346509174038 -0.40107192792502 -0.340784778325972 0.184056294103545 0.502297935504394 0.0569086601029327 -0.352972587383421 "yes"
"601" 696 -0.193429290957322 -1.37342865104602 -1.37348351115225 -0.40107192792502 -0.356191190258794 -0.0255996923296221 0.666222243840382 0.145143697777127 -0.219933730802626 "yes"
"602" 697 -0.577005131722277 -1.33344568435452 -1.333501868142 -0.40107192792502 -0.321397094710091 0.0465791349896222 0.492572925209178 0.075771610439224 0.129942110094109 "yes"
"603" 698 -0.617284587342252 -1.29346265523874 -1.29352020073967 -0.40107192792502 -0.341657911771145 1.35799473303651 0.104566353021328 1.39508243875291 0.0519876858944103 "yes"
"604" 699 -0.347815754497842 -1.25347960173004 -1.25353854697517 -0.40107192792502 -0.356191190258794 2.05325518177455 -0.0483422805651832 2.10022820498578 0.0539360967160694 "yes"
"605" 700 -0.201408486773309 -1.21349656185962 -1.21355694487867 -0.40107192792502 -0.356191190258794 2.73377876189375 -0.0597147487698507 1.92739015769542 -0.0680988498993354 "yes"
"606" 701 0.48164964775909 -1.17351357365901 -1.17357543247986 -0.40107192792502 -0.356191190258794 -0.13167436872862 0.63789603358096 0.530256047275267 -0.179223322069479 "yes"
"607" 702 1.51573240668373 -1.1335306751592 -1.13359404780782 -0.40107192792502 -0.356191190258794 -0.56089602659842 0.804715531446303 -0.58076651259919 -0.395185908818051 "yes"
"608" 703 1.20887454750357 -0.973600738765594 -0.973670546942384 -0.40107192792502 -0.356191190258794 -0.519698106656346 0.717061485227886 -0.58076651259919 -0.474740069441862 "yes"
"609" 704 0.684011360008768 -0.933618859209496 -0.933690371309648 -0.40107192792502 -0.285551562507198 0.329918707624261 0.480157734293872 -0.58076651259919 -0.243407473093182 "yes"
"610" 705 0.216922663880398 -0.8936372975221 -0.893710551555938 -0.40107192792502 -0.144091896046758 2.08804272012633 -0.271476771890988 -0.58076651259919 -0.0316498590674416 "yes"
"611" 706 0.261370892053548 -0.853656091726068 -0.853731125700925 -0.40107192792502 0.262659784619054 2.21640535193013 -0.685526227880199 -0.58076651259919 -0.0652458641080181 "yes"
"612" 707 0.383203249579787 -0.813675279842388 -0.8137521317618 -0.40107192792502 -0.211284681304138 1.0147749334236 0.0381088738146111 -0.498552198665517 -0.0869538925359639 "yes"
"613" 708 -0.218030621146539 -0.773694899889571 -0.773773607753443 -0.40107192792502 -0.00345723909514296 2.70614259004909 -1.05838563021001 1.53832343001507 -0.0648954388652577 "yes"
"614" 709 0.12341612821099 -0.733714989883814 -0.733795591687998 -0.40107192792502 -0.168786510575163 2.75932733708205 -1.93876660149338 2.3475145227649 0.257606751010936 "yes"
"615" 710 -0.0581341057098465 -0.693735587838578 -0.693818121574475 -0.40107192792502 -0.117419585085846 0.10452386160351 -3.63580498778033 0.317563198297593 2.00735342261613 "yes"
"616" 711 0.449252931882086 -0.653756731764191 -0.653841235419204 -0.40107192792502 -0.160614719890591 1.23824137931357 -3.01979684710158 0.332728607147875 2.2413254309964 "yes"
"617" 712 0.702281223232745 -0.613778459668302 -0.613864971224712 -0.40107192792502 0.257781240092782 -0.0306381352984346 -0.00292760042643233 0.240239449239262 2.2763100266877 "yes"
"618" 713 1.53988056659317 -0.573800809554753 -0.573889366990371 -0.325105632503264 -0.356191190258794 -0.56047032857572 0.804615436000723 -0.58076651259919 1.58055202055814 "yes"
"619" 714 1.15717995743099 -0.493847527273413 -0.493940290379584 0.364950246791965 -0.356191190258794 -0.552353515823713 0.701281306677411 -0.58076651259919 -0.526383458894219 "yes"
"620" 715 -0.185817666491676 -0.453871971095006 -0.453966893981833 0.926171510139793 -0.356191190258794 -0.56089602659842 0.697023762754953 -0.58076651259919 -0.512249768076577 "yes"
"621" 716 -0.733445290637838 -0.413897188877621 -0.413994309501062 0.0556996878957229 -0.356191190258794 -0.56089602659842 0.475350773731594 -0.58076651259919 -0.524501970978037 "yes"
"622" 717 -1.04564755372139 -0.373923218605364 -0.374022574915324 -0.40107192792502 -0.325779381410596 -0.56089602659842 0.686806572781861 -0.58076651259919 -0.234762848690001 "yes"
"623" 718 -1.34166947023178 -0.333950098257606 -0.334051728198017 -0.40107192792502 -0.256544887365513 -0.513871103985297 -0.850321418071268 -0.325353274014907 0.738907042190357 "yes"
"624" 720 -1.652119975689 0.984437857514267 0.984239964401797 -0.40107192792502 2.57763244158086 -0.56089602659842 -3.63469214945521 -0.345287675020389 4.01122706503664 "yes"
"625" 721 -1.64362611317846 1.0243595300503 1.02415807843018 -0.40107192792502 5.65864574197429 -0.56089602659842 -2.94372258600996 0.871178463568425 2.86932134520811 "yes"
"626" 722 -1.63594145523893 1.06427902798176 1.0640739802618 -0.40107192792502 5.79907483409333 -0.56089602659842 -3.45527066246708 -0.17072930894754 1.91240429584175 "yes"
"627" 723 -1.61940235941945 1.10419631363976 1.10398763224185 -0.40107192792502 4.85112063197451 -0.56089602659842 -3.46702158303569 -0.570770990989517 2.69668796526847 "yes"
"628" 724 -1.59872520457065 1.14411134936819 1.14389899672809 -0.40107192792502 4.11312373831808 -0.56089602659842 -3.39952394615737 0.740087609721947 3.21332946744251 "yes"
"629" 725 -1.56854096214404 1.18402409752351 1.18380803609132 -0.40107192792502 4.90847388744485 -0.56089602659842 -2.94173645595647 -0.165433112490244 1.51858723759599 "yes"
"630" 726 -1.50959953131118 1.2239345204752 1.2237147127158 -0.40107192792502 3.03421382968899 -0.354604551754786 -1.92889401567443 1.47602917133465 1.14255593304071 "yes"
"631" 727 -1.014081938198 1.26384258060624 1.26361898899895 -0.40107192792502 -0.327384310217805 -0.56089602659842 0.399278087088273 0.446163746865765 0.511774998136971 "yes"
"632" 728 -0.83763107662249 1.30374824031273 1.30352082735189 0.0464890418149537 -0.356191190258794 -0.56089602659842 0.776616173358755 -0.58076651259919 0.015130491483046 "yes"
"633" 729 -0.550273364454644 1.34365146200449 1.34342019019972 3.025297429142 -0.356191190258794 -0.56089602659842 0.804716605544277 -0.58076651259919 -0.361568029440759 "yes"
"634" 730 -0.583049122897298 1.38355220810532 1.38331703998153 3.1816042567446 -0.356191190258794 -0.56089602659842 0.795709987176017 0.125879856004942 -0.469291847314817 "yes"
"635" 731 -0.990729950511826 1.42345044105301 1.42321133915064 3.18160427012233 -0.356191190258794 -0.56089602659842 0.408490378659353 0.781101346281238 -0.524097853593584 "yes"
"636" 732 -0.512956726922095 1.46334612329956 1.46310305017484 3.18160428349925 -0.356191190258794 -0.56089602659842 0.489907726940756 0.0942264164592422 -0.525192310834243 "yes"
"637" 733 -0.444531586127445 1.50323921731149 1.50299213553683 3.18160429687729 -0.356191190258794 -0.56089602659842 0.780753839660334 -0.23709687475439 -0.530310960048907 "yes"
"638" 734 -0.760040381442791 1.54312968557016 1.54287855773388 3.18160431025253 -0.356191190258794 -0.56089602659842 0.418216149859777 0.0343527793685722 -0.506798247632324 "yes"
"639" 735 -0.719937775861343 1.58301749057157 1.58276227927872 3.18160432362825 -0.356191190258794 -0.56089602659842 0.664016839183543 0.038914490669766 -0.507463784310325 "yes"
"640" 736 -0.457621056415456 1.62290259482715 1.62264326269913 3.18160433700178 -0.356191190258794 -0.56089602659842 0.700242734597528 0.020369351265336 -0.529347865739348 "yes"
"641" 737 0.28506586546839 1.66278496086338 1.66252147053865 3.18160435037559 -0.356191190258794 -0.56089602659842 0.559502450681659 -0.58076651259919 -0.533219978204074 "yes"
"642" 738 1.0150428706589 1.70266455122247 1.7023968653563 3.18160436374912 -0.356191190258794 -0.56089602659842 0.801568830010608 -0.58076651259919 -0.533219978204074 "yes"
"643" 739 1.71935414963185 1.74254132846219 1.74226940972721 3.18160437712115 -0.356191190258794 -0.56089602659842 0.719841864160715 -0.58076651259919 -0.533219978204074 "yes"
"644" 740 0.758555878434964 -2.33333772190482 -2.33335587784426 -0.40107192792502 1.70302024193405 -0.0285206249121197 -2.26982400328348 5.49491848085001 0.360166210999158 "yes"
"645" 741 1.64309204646678 -2.29335132842828 -2.29336989434853 -0.40107192792502 -0.0206206525580335 0.409433006307136 -1.9552700738103 3.14599749711777 0.319348559497741 "yes"
"646" 742 1.59489293024475 -2.25336395867654 -2.25338297263939 -0.40107192792502 -0.340005466167413 -0.114119234411723 -2.52777643689896 1.23844269539754 0.302371379170662 "yes"
"647" 743 1.31622371398821 -2.21337565067886 -2.21339515074986 -0.40107192792502 -0.356191190258794 0.551339078773606 -1.73110200591229 1.62358061517387 0.403944232405686 "yes"
"648" 744 1.32705128119116 -2.17338644246959 -2.17340646671848 -0.40107192792502 0.446790690205777 0.606243139090101 -2.50088552647506 4.88156410766994 0.450867122981889 "yes"
"649" 745 1.71938182060599 -2.13339637208857 -2.13341695858844 -0.40107192792502 -0.219506180569481 -0.399769588849024 -1.62944060831642 4.27619149652196 0.523993976869802 "yes"
"650" 746 1.74119961697503 -1.69345957841151 -1.69348886331925 -0.40107192792502 -0.356191190258794 -0.56089602659842 0.580389009729109 -0.58076651259919 -0.529006028532553 "yes"
"651" 747 1.73955397147274 -1.53346773597744 -1.53350132681789 -0.40107192792502 -0.356191190258794 -0.56089602659842 0.764299092513504 -0.58076651259919 -0.471412275179689 "yes"
"652" 748 0.70131054140016 -1.49346904760557 -1.49350381018211 -0.40107192792502 -0.356191190258794 -0.466181790048588 0.688251361716853 -0.58076651259919 -0.291194784468539 "yes"
"653" 749 -0.0579685836388915 -1.45347014431395 -1.45350611672792 -0.40107192792502 -0.339377365626679 0.641729147467741 -0.896174223450784 -0.0144331981898774 -0.246483644377619 "yes"
"654" 750 0.370151067410538 -1.41347106419777 -1.41350828455022 -0.40107192792502 -0.284641406499761 -0.519711256013723 0.744477534278976 -0.353504598401749 -0.367212712395111 "yes"
"655" 751 -0.289987714404103 -1.37347184535329 -1.37351035174473 -0.40107192792502 -0.356191190258794 1.10077329520075 0.282339264206989 1.22497313315524 -0.228289280483089 "yes"
"656" 752 -0.257743138101736 -1.33347252587753 -1.33351235640762 -0.40107192792502 -0.198861288368244 0.650335876896167 0.223443883798651 2.69563920257033 0.0250486061596097 "yes"
"657" 753 -0.510716067893836 -1.29347314386797 -1.29351433663569 -0.40107192792502 -0.346013551068602 0.813659580703695 0.189215769719105 0.912759176369129 0.0118827498840521 "yes"
"658" 754 0.477297356160258 -1.25347373742276 -1.25351633052553 -0.40107192792502 -0.356191190258794 -0.326639090738736 0.749500331747111 -0.558556854604562 -0.0203989669895914 "yes"
"659" 755 -0.0717235341318369 -1.21347434463977 -1.21351837617392 -0.40107192792502 -0.356191190258794 2.32511844965464 0.0279143735903869 1.16701140558085 -0.165351040251755 "yes"
"660" 756 0.124449322701056 -1.17347500361715 -1.17352051167715 -0.40107192792502 -0.356191190258794 2.87828649929522 -0.168417823967701 1.30272825293503 -0.273060134460784 "yes"
"661" 757 0.571769974924168 -1.13347575245247 -1.13352277513122 -0.40107192792502 -0.356191190258794 0.244579846183487 0.492836868675488 -0.58076651259919 -0.412370239668514 "yes"
"662" 758 1.20685410225972 -1.09347662924307 -1.09352520463127 -0.40107192792502 -0.356191190258794 -0.555266709648604 0.720100544686148 -0.58076651259919 -0.491810650782476 "yes"
"663" 759 1.32817968138079 -0.973480408305862 -0.973533870342576 -0.40107192792502 -0.356191190258794 -0.409197906722816 0.740490335690834 -0.58076651259919 -0.486436051194304 "yes"
"664" 760 0.82555978921393 -0.933482177871308 -0.933537344955368 -0.40107192792502 -0.323897386322389 1.55647740158443 0.117754352089751 -0.58076651259919 -0.239642001560168 "yes"
"665" 761 0.713818491533912 -0.893484265862618 -0.893541176071125 -0.40107192792502 -0.345238608250571 1.42399527907469 0.0514460600046154 -0.58076651259919 -0.0261566383945113 "yes"
"666" 762 1.20404531466829 -0.853486710369252 -0.853545401776057 -0.40107192792502 -0.356191190258794 0.0676195791439497 0.646415963490689 -0.58076651259919 -0.085240925801143 "yes"
"667" 763 0.455283721561358 -0.813489549478741 -0.813550060154028 -0.40107192792502 -0.157361793310432 1.41967836473866 0.017210720369135 -0.58076651259919 -0.112845295864571 "yes"
"668" 764 0.00184881641332985 -0.77349282127627 -0.773555189286447 -0.40107192792502 0.0281493789180739 1.67607869568801 -0.637525640415724 -0.471155565383729 -0.0762188869142439 "yes"
"669" 765 0.608780742760283 -0.733496563844566 -0.733560827252129 -0.40107192792502 -0.0817488869174873 0.69334252084108 -0.827848863381932 1.99113826405283 0.238020579999069 "yes"
"670" 766 0.507994157551954 -0.693500815263767 -0.693567012126793 -0.40107192792502 0.12820150497743 0.668585520162038 -2.48151656202646 0.118200884817638 1.81570185600051 "yes"
"671" 767 0.6137166146474 -0.653505613610909 -0.653573781983162 -0.40107192792502 0.160887223547462 -0.0446127721826379 -1.26458894963639 2.67228825788624 2.24208385500005 "yes"
"672" 768 0.591802355257164 -0.613510996960038 -0.613581174890503 -0.40107192792502 2.10286785205366 -0.274182944726901 -1.48462366629072 2.38191331231003 2.97989240669574 "yes"
"673" 769 1.24167318220983 -0.573517003381738 -0.57358922891466 0.214733101148287 -0.356191190258794 -0.504149398827084 0.791340399716214 0.581239458561706 1.31386020391292 "yes"
"674" 770 1.71260953849964 -0.533523670943174 -0.533597982117539 3.09956727316878 -0.356191190258794 -0.56089602659842 -0.153149254436445 -0.155302149228042 -0.371780190468551 "yes"
"675" 771 1.45701733842899 -0.493531037707572 -0.493607472557109 3.18160362318342 -0.356191190258794 -0.56089602659842 0.568067106604047 -0.58076651259919 -0.532941745189425 "yes"
"676" 772 0.777317965905944 -0.45353914173422 -0.453617738287229 3.18160363660018 -0.356191190258794 -0.56089602659842 0.370259474002602 -0.58076651259919 -0.531522456815206 "yes"
"677" 773 -0.530819068970294 -0.413548021078296 -0.413628817357082 2.70471273632844 -0.356191190258794 -0.56089602659842 0.206207271344351 -0.58076651259919 -0.525803313675094 "yes"
"678" 774 -0.917831611634508 -0.373557713790302 -0.373640747811383 -0.276845814546896 -0.356191190258794 -0.56089602659842 0.115891024351576 -0.58076651259919 -0.401311866809272 "yes"
"679" 775 -1.14070709652844 -0.333568257916273 -0.333653567689834 -0.0182172412428016 -0.356191190258794 -0.56089602659842 0.694302457153269 -0.58076651259919 0.277985216228534 "yes"
"680" 778 -1.64763187609708 1.02529541870567 1.02511017575709 -0.40107192792502 6.33842558589596 -0.56089602659842 -3.45816188618183 -0.279798484673571 3.38154811520232 "yes"
"681" 779 -1.6383591376999 1.0652311583165 1.06504231483841 -0.40107192792502 4.33318392540884 -0.56089602659842 -3.25936457856067 -0.580449131520847 2.06942734564753 "yes"
"682" 780 -1.62483462663184 1.10516468178713 1.1049722001361 -0.40107192792502 4.81508037117086 -0.56089602659842 -3.42646441769311 -0.370216870417888 3.54473728460718 "yes"
"683" 781 -1.59999211789603 1.14509595139598 1.14489979394261 -0.40107192792502 4.52204956280786 -0.56089602659842 -3.4865692553589 -0.133516239737323 4.36038570311127 "yes"
"684" 782 -1.56155976389077 1.18502492943421 1.18482505856344 -0.40107192792502 4.5960707194149 -0.56089602659842 -3.32154682040607 -0.0194643373255154 1.93771011668851 "yes"
"685" 783 -1.46599966021127 1.22495157820602 1.22474795631741 -0.40107192792502 2.5867173543887 -0.335721882605772 -2.09207660643651 0.0793446538737575 1.6879435658978 "yes"
"686" 784 -1.32375121284489 1.26487586002891 1.26466844953693 -0.40107192792502 0.457028922508065 -0.48098788634135 -0.441179933283321 -0.0215543096917067 1.41717202428218 "yes"
"687" 785 -1.36191663342672 1.30479773723398 1.30458650056776 0.00482314649345352 1.88563257134902 -0.520329532575061 -1.67886460224435 0.77027954879695 0.681197351914395 "yes"
"688" 786 -1.3488338107004 1.3447171721657 1.34450207177002 0.580148968625266 1.58002707505436 -0.16918395507127 -1.65436360576854 0.803176165189381 -0.0869775969973836 "yes"
"689" 787 -1.22480229420181 1.38463412718289 1.38441512551759 1.5402380503411 1.67897296223241 -0.34799269686117 -1.21518413087202 1.15820517166264 -0.347858036396823 "yes"
"690" 788 -0.8374624503851 1.42454856465809 1.42432562419876 3.18160426605803 -0.356191190258794 -0.56089602659842 0.72031364145553 -0.372489768367231 -0.506091232806535 "yes"
"691" 789 -1.02370489232098 1.46446044697832 1.4642335302164 3.18160427942736 -0.356191190258794 -0.56089602659842 0.113389635527103 -0.58076651259919 -0.513411033438686 "yes"
"692" 790 -0.960584666129828 1.50436973654514 1.50413880598817 3.18160429280051 -0.356191190258794 -0.56089602659842 0.183600426955902 -0.364772217061856 -0.523871662478388 "yes"
"693" 791 -0.651027744112231 1.5442763957749 1.54404141394662 3.18160430616827 -0.356191190258794 -0.56089602659842 0.804716686687804 -0.58076651259919 -0.525686590818032 "yes"
"694" 792 0.133884178916553 1.58418038709885 1.58394131653935 3.18160431953825 -0.356191190258794 -0.56089602659842 0.801467210243838 -0.58076651259919 -0.526653821333802 "yes"
"695" 793 0.6762828298494 1.62408167296329 1.62383847622961 3.18160433290809 -0.356191190258794 -0.56089602659842 0.759635361171856 -0.58076651259919 -0.533219978204074 "yes"
"696" 794 1.20077944251309 1.66398021583018 1.66373285549605 3.18160434627705 -0.356191190258794 -0.56089602659842 0.804716738510024 -0.58076651259919 -0.533219978204074 "yes"
"697" 795 1.67000770551277 1.70387597817684 1.70362441683302 3.18160435964354 -0.356191190258794 -0.56089602659842 0.796272728594441 -0.58076651259919 -0.533219978204074 "yes"
"698" 796 1.68131735191157 1.74376892249634 1.74351312275115 3.18160437301037 -0.356191190258794 -0.56089602659842 0.777764389039051 -0.58076651259919 -0.533219978204074 "yes"
"699" 797 1.05178083582812 -2.33377419123218 -2.33377596441447 -0.40107192792502 -0.172095224084906 0.616227783197005 -2.24857923908687 3.17238653864284 -0.184688684573672 "yes"
"700" 798 1.73735985479136 -1.57359141669597 -1.57360748079827 -0.40107192792502 -0.356191190258794 -0.56089602659842 0.791470210096358 -0.58076651259919 -0.522791834004449 "yes"
"701" 799 1.0545820730265 -1.5335765920081 -1.53359378986914 -0.40107192792502 -0.356191190258794 -0.56089602659842 0.743920624676272 -0.58076651259919 -0.515691194322104 "yes"
"702" 800 0.557756488853999 -1.49356151386238 -1.49357988365035 -0.40107192792502 -0.356191190258794 -0.382503865245751 0.681820463050437 -0.58076651259919 -0.483812515872546 "yes"
"703" 801 0.456369755248682 -1.45354622041954 -1.45356580030269 -0.40107192792502 -0.356191190258794 0.172447231137626 0.547172167286901 -0.58076651259919 -0.48026961324104 "yes"
"704" 802 1.01365698167343 -1.41353074984169 -1.41355157798793 -0.40107192792502 -0.356191190258794 -0.56089602659842 0.779860225496696 -0.58076651259919 -0.511650360627642 "yes"
"705" 803 0.149604721324848 -1.37351514029192 -1.37353725486874 -0.40107192792502 -0.356191190258794 -0.0968386788730931 0.383248766720077 -0.396558007244364 -0.454556239597319 "yes"
"706" 804 -0.0448011557254344 -1.33349942993423 -1.3335228691082 -0.40107192792502 -0.294830971134339 1.7093924482472 0.12091037426511 0.831326118140071 -0.394525420587712 "yes"
"707" 805 -0.168851127591203 -1.29348365693301 -1.29350845886979 -0.40107192792502 -0.257201052553429 0.839664046753115 0.332218937644339 0.844936743925545 -0.0292845285410482 "yes"
"708" 806 -0.430970564991451 -1.25346785945308 -1.25349406231723 -0.40107192792502 -0.317985255130282 1.89380458569418 0.0200258226882564 0.691549009779753 0.19051906502544 "yes"
"709" 807 0.264046854176135 -1.21345207565947 -1.21347971761412 -0.40107192792502 -0.348192722408387 0.474727431856518 0.536489931432434 -0.295322687520496 -0.169165112745377 "yes"
"710" 808 0.525989628531577 -1.17343634371711 -1.1734654629236 -0.40107192792502 -0.326253143897882 1.25204914777484 0.28041781349665 0.891589061094368 -0.373718682659474 "yes"
"711" 809 1.62605061513938 -1.13342070179045 -1.13345133640855 -0.40107192792502 -0.356191190258794 -0.56089602659842 0.791472447696521 -0.58076651259919 -0.481107563070366 "yes"
"712" 810 1.55615924893029 -0.973359797511286 -0.973396875327629 -0.40107192792502 -0.356191190258794 -0.56089602659842 0.759057747255392 -0.58076651259919 -0.533219978204074 "yes"
"713" 811 1.75909560258618 -0.933345178106943 -0.933383962097742 -0.40107192792502 -0.356191190258794 -0.56089602659842 0.801854866524755 -0.58076651259919 -0.493513319923071 "yes"
"714" 812 1.65095878033113 -0.893330877687431 -0.8933714059968 -0.40107192792502 -0.356191190258794 -0.56089602659842 0.804715625983822 -0.58076651259919 -0.463156775736333 "yes"
"715" 813 1.36439809715782 -0.853316934409246 -0.853359245177745 -0.40107192792502 -0.356191190258794 -0.56089602659842 0.804715643327917 -0.58076651259919 -0.434140067830591 "yes"
"716" 814 0.731258530980334 -0.81330338642665 -0.813347517791315 -0.40107192792502 -0.345154105715813 -0.173506753843967 0.68163130657602 -0.58076651259919 -0.358034744965915 "yes"
"717" 815 0.0955074775949954 -0.773290271891707 -0.773336261985795 -0.40107192792502 0.575517157112423 2.8641006096624 -1.21948705700441 0.36195875239623 -0.121512701128857 "yes"
"718" 816 0.414982818676013 -0.733277628954022 -0.733325515906796 -0.40107192792502 0.0712860230808756 1.22572117267721 -0.0808671373039905 -0.307651830625357 0.00732326443063111 "yes"
"719" 817 1.02849007590403 -0.693265495760531 -0.693315317696835 -0.40107192792502 -0.356191190258794 -0.560520297507058 0.790928412838436 -0.58076651259919 -0.0272250210949863 "yes"
"720" 818 0.71422970303028 -0.65325391045507 -0.653305705495453 -0.40107192792502 0.884278025575229 -0.56089602659842 -0.237230883042669 0.9714564699596 0.710780415141857 "yes"
"721" 819 0.630658065468884 -0.613242911178506 -0.613296717438838 -0.40107192792502 1.56803399669795 0.329066680807932 -1.73651841470102 2.13944806612205 2.94065304132002 "yes"
"722" 820 1.40988158825937 -0.573232536068346 -0.57328839165943 -0.326270588892886 -0.332192785364848 -0.449239914022713 0.763006320325665 -0.468350322231604 1.27553126077052 "yes"
"723" 821 1.64437320013379 -0.533222823258353 -0.533280766286077 2.87495079274179 -0.356191190258794 -0.56089602659842 0.651999327683627 -0.58076651259919 -0.378676181892955 "yes"
"724" 822 1.649751267933 -0.493213810878698 -0.493273879443387 3.18160361939529 -0.356191190258794 -0.56089602659842 0.19513038442511 -0.58076651259919 -0.533165872333578 "yes"
"725" 823 1.00897843047734 -0.453205537055309 -0.453267769252017 3.18160363280606 -0.356191190258794 -0.56089602659842 0.746368053330171 -0.58076651259919 -0.532558611658107 "yes"
"726" 824 0.285108436225393 -0.413198039910165 -0.413262473827812 3.18160364621748 -0.356191190258794 -0.56089602659842 -0.300003333936768 -0.58076651259919 -0.531008684291302 "yes"
"727" 825 -0.673107108183799 -0.373191357560433 -0.373258031282328 2.28798269889982 -0.356191190258794 -0.56089602659842 0.431625206183931 -0.58076651259919 -0.501241743871945 "yes"
"728" 826 -1.23126905196299 -0.333185528118992 -0.333254479721863 1.39860495485785 -0.356191190258794 -0.56089602659842 -0.485067013479239 -0.58076651259919 -0.343372917785146 "yes"
"729" 828 -1.01510706339598 -0.253176580386687 -0.253250201956547 0.578056713886959 -0.356191190258794 -0.56089602659842 -1.17752250794144 -0.58076651259919 -0.212649539495931 "yes"
"730" 829 -0.978367559948041 -0.213173538295953 -0.21324955193821 -0.306628144840042 -0.356191190258794 -0.56089602659842 0.121794066784061 -0.58076651259919 -0.529616387499629 "yes"
"731" 830 -1.02710549314849 -0.173171501513139 -0.173249945277603 -0.390400101332823 -0.356191190258794 -0.540614640763507 -1.35117466412516 -0.553151139194255 -0.152803748954313 "yes"
"732" 831 -1.26380775726741 -0.133170508124227 -0.133251420053509 -0.40107192792502 0.191974482750354 0.273027995555111 -0.0337674916856932 -0.197373986494657 0.243844363286155 "yes"
"733" 832 -1.26829302007931 -0.0931705962093193 -0.0932540143385159 -0.40107192792502 -0.346126320471988 0.404241449716538 -0.718146262277 0.489387408778615 0.687393801370459 "yes"
"734" 835 -1.65772898795968 0.986279284524879 0.986113855155387 -0.40107192792502 4.27732070325818 -0.56089602659842 -3.59409047125812 0.355546723390234 4.73387247183234 "yes"
"735" 836 -1.65058405045796 1.02623348576896 1.02606448914944 -0.40107192792502 3.48371530830448 -0.56089602659842 -2.70155608546305 -0.227620602492984 2.90253473716935 "yes"
"736" 837 -1.64098735051608 1.06618550479352 1.06601290320087 -0.40107192792502 6.45189426849194 -0.56089602659842 -3.52345127255315 -0.0590331124825986 1.72223121850609 "yes"
"737" 838 -1.61990042231681 1.10613530379848 1.10595905952374 -0.40107192792502 6.51340182950048 -0.56089602659842 -3.64163765111417 0.585175654424171 2.47699082943268 "yes"
"738" 839 -1.54778470528641 1.1460828449966 1.14590292034495 -0.40107192792502 5.90261000043639 -0.56089602659842 -3.28981455661699 0.337007504254046 3.03795592353376 "yes"
"739" 840 -1.35551528520497 1.18602809061349 1.18584444790454 -0.40107192792502 1.45357823349374 -0.232043929318648 -0.490969683402432 -0.268153856209092 1.24544840997851 "yes"
"740" 841 -1.17013952415861 1.22597100288787 1.2257836044559 -0.40107192792502 -0.356191190258794 -0.307291054915794 0.670959806133604 -0.58076651259919 1.16374594162521 "yes"
"741" 842 -0.917318204528646 1.26591154407181 1.26572035226572 -0.40107192792502 -0.356191190258794 -0.0628515072106344 0.678391876574323 -0.58076651259919 1.03621988262729 "yes"
"742" 843 -1.05063310500077 1.30584967643072 1.30565465361472 -0.40107192792502 -0.248056230598247 1.57794066167876 0.225554327559737 -0.58076651259919 0.500408460392292 "yes"
"743" 844 -1.14563928931761 1.34578536224398 1.3455864707974 -0.40107192792502 -0.194130989424524 2.90032612151881 -0.194895852496918 -0.58076651259919 -0.144051846974932 "yes"
"744" 845 -1.07098015079677 1.3857185638048 1.38551576612246 1.1007852009315 0.485070226347565 -0.0817845742486169 -0.243604094936548 -0.58076651259919 -0.363796037106927 "yes"
"745" 846 -0.869965548956077 1.42564924342058 1.42544250191288 3.18160426199601 -0.356191190258794 -0.56089602659842 0.453263998964129 -0.406082623988746 -0.505693800939809 "yes"
"746" 847 -0.379162433895726 1.46557736341297 1.4653666405064 3.18160427536117 -0.356191190258794 -0.56089602659842 0.766380561868881 -0.58076651259919 -0.516432016944274 "yes"
"747" 848 -0.702342426217408 1.50550288611844 1.50528814425543 3.18160428872578 -0.356191190258794 -0.56089602659842 0.45459516209615 -0.58076651259919 -0.52376323611034 "yes"
"748" 849 -0.278872658334476 1.54542577388806 1.54520697552753 3.18160430209026 -0.356191190258794 -0.56089602659842 0.220553876051092 -0.58076651259919 -0.532408020294724 "yes"
"749" 850 0.320379265072249 1.58534598908809 1.58512309670514 3.18160431545481 -0.356191190258794 -0.56089602659842 0.63329123487476 -0.58076651259919 -0.533219978204074 "yes"
"750" 851 0.426560590597613 1.62526349409969 1.62503647018661 3.18160432881652 -0.356191190258794 -0.56089602659842 0.687180718525032 -0.58076651259919 -0.533219978204074 "yes"
"751" 852 0.877915592774118 1.66517825131989 1.66494705838546 3.18160434217898 -0.356191190258794 -0.56089602659842 0.734525587972818 -0.58076651259919 -0.533219978204074 "yes"
"752" 853 1.16613314683005 1.7050902231609 1.70485482373144 3.18160435553967 -0.356191190258794 -0.56089602659842 0.755791814925345 -0.58076651259919 -0.533219978204074 "yes"
"753" 854 1.42495447331007 1.74499937205118 1.74475972867004 3.18160436890076 -0.356191190258794 -0.56089602659842 0.681954642012339 -0.58076651259919 -0.533219978204074 "yes"
"754" 855 1.62656372697821 -2.29419250868549 -2.2941782686718 -0.40107192792502 -0.356191190258794 0.622468975781724 -1.23887117510436 0.264977923665615 -0.406170932825927 "yes"
"755" 856 1.75550498299836 -1.61374791372068 -1.61374645090416 -0.40107192792502 -0.356191190258794 -0.56089602659842 0.71024102910232 -0.58076651259919 -0.532337192076676 "yes"
"756" 857 1.03612085753122 -1.57371695367383 -1.57371658650457 -0.40107192792502 -0.356191190258794 -0.56089602659842 0.702217126461497 -0.58076651259919 -0.522019607155455 "yes"
"757" 858 0.399409654786885 -1.53368570149693 -1.53368646821018 -0.40107192792502 -0.356191190258794 -0.443780211326637 0.679919821992223 -0.58076651259919 -0.515691194322104 "yes"
"758" 859 0.502631775519021 -1.49365419541645 -1.49365613424755 -0.40107192792502 -0.356191190258794 -0.341729282830816 0.687532636866484 -0.58076651259919 -0.511621733763032 "yes"
"759" 860 1.1561679563697 -1.45362247366024 -1.4536256228447 -0.40107192792502 -0.356191190258794 -0.56089602659842 0.801958636079152 -0.58076651259919 -0.51349451571389 "yes"
"760" 861 0.977571454886104 -1.41359057445766 -1.41359497223031 -0.40107192792502 -0.354338486435419 -0.56089602659842 0.737277009653967 -0.58076651259919 -0.531540457900728 "yes"
"761" 862 0.769189121493067 -1.37355853603871 -1.37356422063422 -0.40107192792502 -0.332922155023906 -0.53745329881975 0.701959303081189 -0.58076651259919 -0.486367587297117 "yes"
"762" 863 0.787304926894126 -1.33352639663457 -1.33353340628662 -0.40107192792502 -0.356191190258794 -0.312752788980912 0.711741061823979 -0.58076651259919 -0.394525420587712 "yes"
"763" 864 -0.052146477321608 -1.29349419447674 -1.29350256741814 -0.40107192792502 -0.22337333283921 0.74196171104113 0.269056859799968 0.073569418584341 -0.0453177813278043 "yes"
"764" 865 -0.624417320606077 -1.25346196779718 -1.25347174225957 -0.40107192792502 -0.1737160645013 1.74375799582645 -0.208305571246446 3.90043799405773 0.203683108539677 "yes"
"765" 866 -0.371314115068623 -1.213429754828 -1.21344096904158 -0.40107192792502 -0.269204584929934 2.14700119402698 0.0180212286216541 2.0995396326192 -0.166513670943178 "yes"
"766" 867 0.49349105050131 -1.17339759380122 -1.17341028599448 -0.40107192792502 -0.276906316820473 0.735499828502127 0.373913821904498 1.15049070924261 -0.377463247089415 "yes"
"767" 868 1.21960936320157 -1.13336552294843 -1.1333797313483 -0.40107192792502 -0.356191190258794 -0.329390803633689 0.731936034168403 -0.506062995149514 -0.48110756307036 "yes"
"768" 869 1.77450015434876 -1.09333358050102 -1.093349343332 -0.40107192792502 -0.356191190258794 -0.445867120804688 0.69328922251567 -0.58076651259919 -0.531163105878342 "yes"
"769" 870 1.61710869400859 -0.93320785935742 -0.933230222110945 -0.40107192792502 -0.356191190258794 -0.56089602659842 0.804715603827602 -0.58076651259919 -0.526813278054108 "yes"
"770" 871 1.27605706542153 -0.893177132370692 -0.893201240640209 -0.40107192792502 -0.356191190258794 -0.440253894172604 0.776279867285065 -0.58076651259919 -0.532210477039685 "yes"
"771" 872 1.03078148790721 -0.853146763153268 -0.853172655146347 -0.40107192792502 -0.356191190258794 -0.56089602659842 0.804715638502218 -0.58076651259919 -0.487673692552133 "yes"
"772" 873 0.292010477810119 -0.813116789926447 -0.813144503847222 -0.40107192792502 -0.249267425300163 0.148465836711099 0.311570697229895 -0.280596179163402 -0.398500169885612 "yes"
"773" 874 0.524399329618936 -0.773087250909415 -0.77311682495816 -0.40107192792502 -0.177421751913236 0.300771901720204 0.391546978308748 0.417562649376477 -0.121512701128857 "yes"
"774" 875 0.371360642754862 -0.733058184318825 -0.733089656691786 -0.40107192792502 0.0615091198777003 0.00992727831891761 0.290820177101747 -0.58076651259919 -0.0362179675814812 "yes"
"775" 876 0.735631621512426 -0.693029628368624 -0.693063037257769 -0.40107192792502 -0.303509413390961 -0.54380819555277 0.768802277800637 -0.58076651259919 -0.384378982183021 "yes"
"776" 877 0.555653390825912 -0.653001621269808 -0.653037004862562 -0.40107192792502 -0.337469768308745 -0.40703660136023 0.740527988992877 -0.58076651259919 0.425966495772906 "yes"
"777" 878 0.722771538916476 -0.612974201230154 -0.613011597709272 -0.40107192792502 -0.297788991196746 0.36961226337226 0.261211507358785 0.37122946048666 2.94065304132002 "yes"
"778" 879 0.822119441971312 -0.572947406454092 -0.572986853997573 -0.40107192792502 -0.356191190258794 0.0675085622616055 0.656598698948583 -0.360499496102544 1.25141157232537 "yes"
"779" 880 0.578766223262034 -0.532921275142623 -0.532962811923155 0.458958033790228 -0.356191190258794 -0.56089602659842 0.753993455920795 -0.58076651259919 -0.384321006345513 "yes"
"780" 881 0.635440882537651 -0.49289584549276 -0.492939509677716 2.06297957350067 -0.356191190258794 -0.56089602659842 0.658360801400378 -0.58076651259919 -0.533219978204016 "yes"
"781" 882 1.2787818845463 -0.452871155697523 -0.452916985448709 2.51070252729437 -0.356191190258794 -0.56089602659842 0.748473910499579 -0.58076651259919 -0.532816691258032 "yes"
"782" 883 0.495687510503412 -0.412847243945692 -0.412895277419168 3.13349649215514 -0.356191190258794 -0.56089602659842 -0.443036765238406 -0.58076651259919 -0.531008684291302 "yes"
"783" 884 0.201975808680178 -0.372824148421623 -0.372874423767325 2.86076824169166 -0.356191190258794 -0.56089602659842 0.268897320748632 -0.58076651259919 -0.529268474700089 "yes"
"784" 885 -0.919579493347607 -0.332801907304872 -0.332854462666551 0.182940235084188 -0.356191190258794 -0.512279610353797 0.198092542275083 -0.58076651259919 -0.524881192351854 "yes"
"785" 886 -1.15959759961184 -0.292780558770135 -0.292835432285205 -0.140512649963445 -0.356191190258794 -0.546595431193952 -0.362040561064757 -0.58076651259919 -0.52606684451853 "yes"
"786" 887 -1.08884069782418 -0.252760140987091 -0.252817370786189 0.892373582967775 -0.356191190258794 -0.56089602659842 0.787542769228429 -0.58076651259919 -0.533219978204074 "yes"
"787" 888 -1.2856908329953 -0.212740692119967 -0.212800316326854 1.87569653089573 -0.356191190258794 -0.432544381923122 0.704274603376236 -0.58076651259919 -0.529616387499628 "yes"
"788" 889 -1.37741785782067 -0.172722250327437 -0.172784307058748 1.89919088229739 -0.31466541865398 -0.425110604549299 0.571500094036828 -0.58076651259919 -0.52467746371426 "yes"
"789" 890 -1.46991057991929 -0.13270485376237 -0.132769381127471 1.70741481391236 -0.356191190258794 -0.523794435101178 0.702879716132106 -0.58076651259919 -0.416579586847956 "yes"
"790" 891 -1.31222374886724 -0.092688540571691 -0.0927555766723871 1.56122721783991 -0.356191190258794 -0.56089602659842 0.735568704407197 -0.58076651259919 -0.189643849389889 "yes"
"791" 892 -1.224946296423 -0.0526733488960848 -0.0527429318263843 1.06759149701239 -0.0353532558684717 -0.454710301738593 0.497275869357913 -0.576084599344287 0.629427390583582 "yes"
"792" 893 -1.25661797536732 -0.0126593168697616 -0.0127314847158092 0.491866927993349 -0.0459189817935341 0.424636351737125 -0.661184750057409 -0.108959857494159 3.4199997814069 "yes"
"793" 896 -1.6665472921807 0.947230542318501 0.947084935232413 -0.40107192792502 2.98481918928198 -0.56089602659842 -2.88954039466833 0.832176069711705 4.36509195611825 "yes"
"794" 897 -1.66416497217273 0.987203212769985 0.987054071844473 -0.40107192792502 2.70698644405842 -0.56089602659842 -2.24407971293917 0.125359887135226 4.01771819240624 "yes"
"795" 898 -1.65575686336722 1.027173735054 1.02702102248646 -0.40107192792502 5.35358103782618 -0.56089602659842 -3.17698204196698 0.619850248155469 2.00269883134677 "yes"
"796" 899 -1.63502702399688 1.06714207129215 1.06698574929403 -0.40107192792502 4.20231965276947 -0.56089602659842 -2.17887160617378 0.00607464830401599 0.333446842052301 "yes"
"797" 900 -1.51047428222238 1.10710818361879 1.10694821441522 -0.40107192792502 1.58239572133146 -0.56089602659842 -0.456585082072533 -0.35917588247085 -0.137159404599257 "yes"
"798" 901 -1.32274056780917 1.14707203418065 1.14690838001119 -0.40107192792502 0.261521137924002 0.315198583328657 0.174160689383046 -0.58076651259919 -0.349249856018836 "yes"
"799" 902 -1.1201632126632 1.18703358513756 1.18686620825627 -0.40107192792502 -0.356191190258794 -0.149324332574435 0.667853726857051 -0.58076651259919 -0.533001009747651 "yes"
"800" 903 -1.01935715290795 1.22699279866255 1.22682166133805 -0.40107192792502 -0.356191190258794 -0.547200798298128 0.781542899860029 -0.58076651259919 -0.518708001772489 "yes"
"801" 904 -1.13886663085241 1.26694963694189 1.26677470145781 -0.40107192792502 -0.356191190258794 -0.560886679918679 0.804714352264726 -0.58076651259919 -0.487588485824313 "yes"
"802" 905 -1.24794999319892 1.30690406217556 1.30672529083037 -0.40107192792502 -0.0364303178106902 0.2019327562583 0.397514288044467 -0.58076651259919 -0.499529732311915 "yes"
"803" 906 -0.867498849292753 1.34685603657707 1.34667339168481 -0.40107192792502 0.0340870181591289 -0.14883845048203 0.419954999787228 -0.58076651259919 -0.516368448394489 "yes"
"804" 907 -0.46971764882542 1.38680552237419 1.38661896626429 0.0413347455753321 0.15120287650082 -0.219967897034614 0.277503089620411 -0.58076651259919 -0.516341318820473 "yes"
"805" 908 0.119723608548105 1.42675248180876 1.42656197682639 3.06816054363438 -0.356191190258794 -0.56089602659842 0.708248970773606 -0.58076651259919 -0.523017255162795 "yes"
"806" 909 0.630367809879603 1.46669687713706 1.46650238564335 3.18160427129242 -0.356191190258794 -0.56089602659842 0.589307745549137 -0.58076651259919 -0.528228601791015 "yes"
"807" 910 0.421992148244152 1.50663867063002 1.50644015500234 3.18160428465136 -0.356191190258794 -0.56089602659842 0.732858585170584 -0.58076651259919 -0.531824360301872 "yes"
"808" 911 1.10173587606762 1.5465778245735 1.54637524720535 3.18160429801003 -0.356191190258794 -0.56089602659842 0.429926519716524 -0.58076651259919 -0.533118968602874 "yes"
"809" 912 1.30496143370193 1.5865143012682 1.58630762456981 3.18160431136785 -0.356191190258794 -0.56089602659842 0.382620676292754 -0.58076651259919 -0.533219978204074 "yes"
"810" 913 1.40775435749089 1.62644806303022 1.62623724942869 3.18160432472529 -0.356191190258794 -0.56089602659842 0.589549431230811 -0.58076651259919 -0.533219978204074 "yes"
"811" 914 1.57883137841566 -1.5738427827821 -1.57382594610589 -0.40107192792502 -0.356191190258794 -0.56089602659842 0.744159851521492 -0.58076651259919 -0.527047321670207 "yes"
"812" 915 0.715811970737818 -1.53379506488959 -1.53377936221957 -0.40107192792502 -0.356191190258794 -0.56089602659842 0.736171174983968 -0.58076651259919 -0.52656715026919 "yes"
"813" 916 1.17851202996314 -1.49374709264634 -1.49373256228529 -0.40107192792502 -0.356191190258794 -0.547910726487575 0.800376591345629 -0.58076651259919 -0.53133992870166 "yes"
"814" 917 1.80314464020781 -1.45369890434763 -1.45368558459819 -0.40107192792502 -0.356191190258794 -0.56089602659842 0.684295083024484 -0.58076651259919 -0.532503642757114 "yes"
"815" 919 1.30397810952405 -1.33355342608862 -1.33354396798591 -0.40107192792502 -0.356191190258794 -0.56089602659842 0.712832363189919 -0.58076651259919 -0.483302504171834 "yes"
"816" 920 0.301084786055138 -1.2935047565422 -1.29349666225655 -0.40107192792502 -0.356191190258794 0.0634314560661536 0.650280871213514 0.147401564755021 -0.403232824455285 "yes"
"817" 921 -0.225468947669925 -1.25345606243086 -1.25344937026126 -0.40107192792502 -0.320064173133221 0.636386888386546 0.356577856745453 3.22437690142968 -0.32995786073751 "yes"
"818" 922 -0.0526896111998092 -1.21340738205409 -1.21340213029799 -0.40107192792502 -0.249220174608088 0.535598245369656 0.33453524210071 1.77769325540243 -0.0457380385589844 "yes"
"819" 923 0.147331759456788 -1.17335875371113 -1.17335498066446 -0.40107192792502 -0.184800227270101 1.35336005531003 -0.180423623589058 3.17595621765521 -0.00343567913573583 "yes"
"820" 924 1.12234204286625 -1.13331021570106 -1.13330795965791 -0.40107192792502 -0.291788812312497 -0.317523633756893 0.702590427463067 -0.58076651259919 -0.296620501625189 "yes"
"821" 925 1.17810704391366 -1.09326180632241 -1.09326110557474 -0.40107192792502 -0.354909353180285 -0.287180801094437 0.563705084031436 -0.58076651259919 -0.444776713328972 "yes"
"822" 926 1.18264894532312 -1.05321356387294 -1.05321445671049 -0.40107192792502 -0.326010002073246 -0.378756016441203 0.677071924292501 -0.58076651259919 -0.363511774112901 "yes"
"823" 927 1.27550828811167 -1.0131655266495 -1.01316805135939 -0.40107192792502 -0.356191190258794 -0.56089602659842 0.804715564352246 -0.58076651259919 -0.110676946003193 "yes"
"824" 928 1.11184520088006 -0.973117732947651 -0.973121927814436 -0.40107192792502 -0.356191190258794 -0.56089602659842 0.804715581684435 -0.58076651259919 0.474075485708674 "yes"
"825" 929 1.35513144585538 -0.933070221061719 -0.933076124366932 -0.40107192792502 -0.356191190258794 -0.56089602659842 0.804715599016604 -0.58076651259919 -0.0283550039155534 "yes"
"826" 930 0.625119091788777 -0.893023029284334 -0.893030679306249 -0.40107192792502 -0.275595135496297 0.756741828881136 0.375210492086464 -0.58076651259919 -0.443229574472738 "yes"
"827" 931 1.0358640509547 -0.852976195906195 -0.852985630919741 -0.40107192792502 -0.356191190258794 -0.56089602659842 0.804715633677315 -0.58076651259919 0.56257687978261 "yes"
"828" 932 0.0348203797496075 -0.812929759215982 -0.812941017492672 -0.40107192792502 0.532331412104843 0.959420286356181 -0.237782835384988 -0.461709188377877 0.95058220107252 "yes"
"829" 933 0.021594549972896 -0.772883757500289 -0.772896877307425 -0.40107192792502 0.402360327389489 1.05399978774787 -0.311562677057715 1.77828323056805 0.523454355801341 "yes"
"830" 934 0.413185528056229 -0.732838229042823 -0.732853248643968 -0.40107192792502 -0.0445778833699928 -0.366489095006614 0.510136394559498 -0.123435974643106 0.175617095582883 "yes"
"831" 935 0.779404812784632 -0.692793212124883 -0.692810169779232 -0.40107192792502 -0.356191190258794 -0.56089602659842 0.796144619483797 -0.58076651259919 -0.428036044701912 "yes"
"832" 936 0.341671695979952 -0.652748745024722 -0.652767678986979 -0.40107192792502 -0.356191190258794 -0.51145826083827 0.486093224101847 -0.58076651259919 -0.38952610020709 "yes"
"833" 937 0.0204500617843228 -0.612704866017434 -0.612725814537542 -0.40107192792502 -0.126357879918933 0.257742219746475 -0.490858019433239 -0.58076651259919 -0.186552298895425 "yes"
"834" 938 -0.168627443861724 -0.572661613374675 -0.572684614697828 -0.40107192792502 -0.262301967305466 4.09139487487001 -0.987335023898325 1.20191084078312 0.0198021819650048 "yes"
"835" 939 -0.221366760837615 -0.53261902536468 -0.532644117730616 -0.40107192792502 -0.327290187721233 1.16323907517403 0.10255480763806 -0.58076651259919 0.104780303798454 "yes"
"836" 940 0.557920632210958 -0.492577140251556 -0.492604361894895 -0.40107192792502 -0.345615860346875 -0.303239330261567 0.717445532176704 -0.58076651259919 -0.187925783144707 "yes"
"837" 941 0.931270470091687 -0.452535996295615 -0.452565385445295 -0.354712068652753 -0.356191190258794 -0.56089602659842 0.804715806878661 -0.58076651259919 -0.375650574583665 "yes"
"838" 942 0.756263546370327 -0.412495631752817 -0.412527226631907 -0.0113224718709803 -0.356191190258794 -0.56089602659842 -0.112883900876358 -0.58076651259919 -0.469954161001739 "yes"
"839" 943 -0.253563158570801 -0.372456084874576 -0.372489923700275 -0.120187227667873 -0.356191190258794 -0.495948817186657 0.335578315933255 -0.060660103534992 -0.525947053638893 "yes"
"840" 944 0.0564316587646578 -0.332417393907763 -0.332453514890937 -0.40107192792502 -0.356191190258794 -0.40704007895936 0.160212352882857 -0.58076651259919 -0.528611696198754 "yes"
"841" 945 -0.770168994854532 -0.292379597094243 -0.292418038439184 -0.40107192792502 -0.343074507744703 -0.320860096080882 -0.123545879546113 -0.58076651259919 -0.528739293452392 "yes"
"842" 946 -1.14832852171825 -0.252342732670631 -0.252383532575176 -0.40107192792502 -0.356191190258794 -0.56089602659842 0.586850729434877 -0.58076651259919 -0.528040246925446 "yes"
"843" 947 -0.711442423216322 -0.212306838868412 -0.21235003552317 -0.40107192792502 -0.356191190258794 -0.56089602659842 0.802071824710839 -0.58076651259919 -0.511229297684331 "yes"
"844" 948 -0.856437594588105 -0.172271953913171 -0.172317585501973 -0.40107192792502 -0.290186366747388 -0.0365844940803068 0.540646100411837 -0.58076651259919 -0.493655277146002 "yes"
"845" 949 -0.886079110338249 -0.132238116025037 -0.13228622072414 0.0367755874855019 -0.356191190258794 -0.13218338564526 0.60529467370859 -0.58076651259919 -0.49830617587626 "yes"
"846" 950 -0.902956943336566 -0.0922053634178904 -0.0922559793959878 -0.0491124668266977 -0.356191190258794 -0.0466081312721579 0.649658846105505 -0.58076651259919 -0.47537881623516 "yes"
"847" 951 -1.02041685473986 -0.0521737342993731 -0.0522268997175379 0.358419070978381 -0.356191190258794 -0.533495964328647 0.633712389409129 -0.58076651259919 -0.531262815834607 "yes"
"848" 952 -1.25909367866231 -0.012143266870831 -0.0121990198820014 1.69177314636727 -0.356191190258794 -0.372304741039236 0.648520945726387 -0.58076651259919 0.196460450345533 "yes"
"849" 953 -1.30216991507589 0.0278860006732009 0.0278276219243565 2.36900854751343 -0.248354902874176 -0.486964512337087 0.514998111916592 0.378670716572719 2.93349357278151 "yes"
"850" 954 -1.33598072050332 0.0679140301451335 0.067852987522205 -0.40107192792502 0.194965824813622 -0.443537495182813 -0.27802824871471 1.54546238117735 3.23285596914689 "yes"
"851" 958 -1.67071394396697 0.948140256042435 0.948010979542421 -0.40107192792502 3.98932700494849 -0.56089602659842 -3.35567497222657 0.864779307898766 3.74059688279636 "yes"
"852" 959 -1.66250176834862 0.988129289184605 0.98799647450559 -0.40107192792502 2.72916047425468 -0.56089602659842 -2.7460374979932 4.01182813999962 3.92825109359393 "yes"
"853" 960 -1.64943261787149 1.02811617038685 1.02797977966019 -0.40107192792502 2.40368532125009 -0.56089602659842 -1.39280524196449 0.646976679746155 1.81102273633341 "yes"
"854" 961 -1.51446959860783 1.0681008617046 1.06796085707562 -0.40107192792502 -0.325942543563537 -0.56089602659842 0.786408398209121 -0.58076651259919 0.333446842052301 "yes"
"855" 962 -1.43228503083846 1.10808332520596 1.107939668834 -0.40107192792502 -0.356191190258794 -0.513790563364083 0.697080550110278 -0.58076651259919 -0.239523847725145 "yes"
"856" 963 -1.29839164447368 1.14806352297171 1.14791617703054 -0.40107192792502 -0.356191190258794 -0.127253506734429 0.597417796581394 -0.58076651259919 -0.39866436173549 "yes"
"857" 964 -1.26335363171158 1.18804141709576 1.18789034377357 -0.40107192792502 -0.356191190258794 -0.56089602659842 0.712009908762767 -0.58076651259919 -0.470760810953681 "yes"
"858" 965 -1.32987586939741 1.22801696968514 1.22786213118468 -0.40107192792502 -0.356191190258794 -0.56089602659842 0.786705174217589 -0.58076651259919 -0.476356906601787 "yes"
"859" 966 -1.41585012714027 1.26799014286011 1.26783150139929 -0.40107192792502 -0.184723214728002 -0.529518141330834 0.624234476019409 -0.384241018408985 -0.487588485824313 "yes"
"860" 967 -1.32928060532895 1.30796089875476 1.30779841656654 -0.40107192792502 1.53791809658107 -0.0595570595113153 -0.541981817717991 -0.473993393763694 -0.481226392022294 "yes"
"861" 968 -0.549908301435571 1.34792919951695 1.34776283884962 -0.40107192792502 0.81326458136948 -0.49167264219278 0.0609216454234874 -0.58076651259919 -0.49339231857925 "yes"
"862" 969 0.825363779771761 1.38789500730854 1.38772473042597 -0.180847151516024 -0.356191190258794 -0.56089602659842 0.770394682220048 -0.58076651259919 -0.512000830940872 "yes"
"863" 970 1.18517007742259 1.42785828430567 1.42768405348751 1.85818633900043 -0.356191190258794 -0.56089602659842 0.761896399183526 -0.58076651259919 -0.523017255162795 "yes"
"864" 971 1.56513951057532 1.46781899269895 1.46764077024089 2.10630921062035 -0.356191190258794 -0.56089602659842 0.688536714172813 -0.58076651259919 -0.529721088297139 "yes"
"865" 972 1.66335418900232 -1.57396890453517 -1.57393556004938 -0.40107192792502 -0.356191190258794 -0.56089602659842 0.69805004824999 -0.58076651259919 -0.527074650488779 "yes"
"866" 973 1.55600967643854 -1.53390468263324 -1.53387247227723 -0.40107192792502 -0.356191190258794 -0.56089602659842 0.611636870195805 -0.58076651259919 -0.52656715026919 "yes"
"867" 974 1.67621386779645 -1.37364563066618 -1.37361834053028 -0.40107192792502 -0.356191190258794 -0.56089602659842 0.804715403543573 -0.58076651259919 -0.516241227066835 "yes"
"868" 975 0.49386354802491 -1.33358051840689 -1.33355455424928 -0.40107192792502 -0.274812988935588 -0.147414347069748 0.575319927097549 -0.58076651259919 -0.483302504171834 "yes"
"869" 976 -0.0659232805905417 -1.29351534317257 -1.29349074336096 -0.40107192792502 -0.0944231811142365 -0.143973178761321 0.390684253815796 -0.435556903541705 -0.41920833930942 "yes"
"870" 977 0.19621226390032 -1.25345014333008 -1.2534269462308 -0.40107192792502 -0.287103085861884 0.00225133637754266 0.444226412154817 0.0993233711310413 -0.354548491404478 "yes"
"871" 978 0.776042757593397 -1.21338495724622 -1.21336320122455 -0.40107192792502 -0.347732932735677 0.00149822327824515 0.608713905560904 -0.408054873402434 -0.113128278592383 "yes"
"872" 979 0.156798771793928 -1.17331982328808 -1.17329954670731 -0.40107192792502 -0.2199319427731 0.916864568099396 0.157611557169294 0.657477416722287 -0.0772575002078595 "yes"
"873" 980 0.898533320492734 -1.1332547798221 -1.1332360210439 -0.40107192792502 -0.316861146406379 -0.161832271049933 0.601743683649906 -0.364447136287271 -0.296620501625189 "yes"
"874" 981 0.976492724153868 -1.0931898652144 -1.09317266259831 -0.40107192792502 -0.309813553377042 -0.240301231232953 0.668039028641545 -0.58076651259919 -0.451785560491923 "yes"
"875" 982 0.601173384366955 -1.05312511783032 -1.05310950973359 -0.40107192792502 0.106585673659624 0.429884352207287 0.102964665563677 1.35008629491645 -0.380796739234046 "yes"
"876" 983 0.343036131423323 -1.01306057603424 -1.01304660081155 -0.40107192792502 -0.157777972016074 1.43528836360502 -0.0968650478616807 0.988255896603349 -0.158185931872916 "yes"
"877" 984 0.102253040473436 -0.972996278189294 -0.972983974192695 -0.40107192792502 0.54480576985523 0.750153788858719 -0.410974996546398 1.07517575967287 0.474075485708674 "yes"
"878" 985 0.266402821645183 -0.932932262657326 -0.932921668235773 -0.40107192792502 -0.127391770687257 0.0459292990050433 0.338254200413319 -0.238557979636428 -0.00833808837769211 "yes"
"879" 986 0.382115601731212 -0.892868567798405 -0.892859721297734 -0.40107192792502 -0.334514782305367 -0.215999568198646 0.346911719845396 -0.57562395121781 -0.302325836927839 "yes"
"880" 987 0.502329103807634 -0.852805231970814 -0.852798171733448 -0.40107192792502 -0.338757941472917 -0.534655476326405 0.787979131074945 -0.58076651259919 0.589266602442563 "yes"
"881" 988 0.124755158137105 -0.812742293530752 -0.812737057895683 -0.40107192792502 -0.273929484084014 0.780186934457615 0.094837080969579 0.189404090561094 0.927931786781865 "yes"
"882" 989 -0.411285538456039 -0.772679790832317 -0.772676418134325 -0.40107192792502 0.357898523679094 1.87671782186229 -0.782007066313636 0.802259890624839 0.523454355801341 "yes"
"883" 990 -0.167578201909801 -0.732617762226725 -0.732616290796882 -0.40107192792502 0.295564408548988 0.302505010295049 -0.0272350036239031 1.18807406859678 0.218929816562632 "yes"
"884" 991 0.372831214269712 -0.692556246062811 -0.692556714227683 -0.40107192792502 -0.280506376009191 0.0974364289371689 0.393817599645481 0.32446545869036 -0.352358829554451 "yes"
"885" 992 0.55365714824933 -0.652495280686238 -0.652497726767998 -0.40107192792502 -0.336222404716736 -0.0970530878097212 0.661113297505898 -0.179126433677519 -0.344729326640172 "yes"
"886" 993 0.399071806285935 -0.612434904439601 -0.612439366755628 -0.40107192792502 -0.318045200867448 -0.372692577386453 0.672510321677997 -0.58076651259919 -0.186552298895425 "yes"
"887" 994 0.0828804001697676 -0.572375155662033 -0.572381672524806 -0.40107192792502 -0.356191190258794 0.547241907050395 -0.117757663227492 -0.474010905706012 -0.0191362844046547 "yes"
"888" 995 -0.505512056996053 -0.532316072689093 -0.532324682405803 -0.40107192792502 -0.320779732262237 1.48578308456265 -1.86131744956731 0.0982632887664718 0.118819601917835 "yes"
"889" 996 -0.596148732691434 -0.492257693852383 -0.492268434725143 -0.40107192792502 -0.328277760720431 2.22699209112019 -1.72279023906393 0.200979132696036 -0.122557936228417 "yes"
"890" 997 -0.505167179623126 -0.452200057479756 -0.452212967804728 -0.40107192792502 -0.356191190258794 1.65605308982717 0.0688622859897365 0.148873367234349 -0.299374973686681 "yes"
"891" 998 -0.0930654028506727 -0.412143201894441 -0.41215831996215 -0.40107192792502 -0.356191190258794 -0.308368763549704 0.635301845717209 -0.311088458499987 -0.469954161001739 "yes"
"892" 999 -0.0374565583049899 -0.37208716541536 -0.372104529510245 -0.40107192792502 -0.356191190258794 0.0178718513617902 0.39648171352479 -0.373181275445509 -0.517634953272638 "yes"
"893" 1000 -0.406327206457823 -0.332031986356676 -0.332051634756797 -0.40107192792502 -0.356191190258794 -0.56089602659842 0.715415014385223 -0.169950869804198 -0.518086978622869 "yes"
"894" 1001 -0.152178938788878 -0.291977703027502 -0.291999674004611 -0.40107192792502 -0.356191190258794 -0.56089602659842 0.717945284157064 -0.58076651259919 -0.521435183766382 "yes"
"895" 1002 -1.01711583220957 -0.25192435373197 -0.251948685551059 -0.40107192792502 -0.356191190258794 -0.5366141864312 0.132811284204474 -0.58076651259919 -0.52752066415671 "yes"
"896" 1003 -1.36555500310554 -0.21187197676878 -0.211898707687825 -0.40107192792502 -0.250240897744188 0.536147302044573 -0.14903181321854 -0.58076651259919 -0.511229297684331 "yes"
"897" 1004 -1.21869458157762 -0.171820610430944 -0.171849778700814 -0.40107192792502 -0.284138989992703 -0.24834631788138 0.600770787117305 -0.58076651259919 -0.488552810474366 "yes"
"898" 1005 -1.08577765946689 -0.131770293005694 -0.131801936869939 -0.40107192792502 -0.356191190258794 -0.56089602659842 0.769383162769439 -0.58076651259919 -0.511319179050757 "yes"
"899" 1006 -0.864995386923814 -0.0917210627742713 -0.0917552204688762 -0.40107192792502 -0.356191190258794 -0.474330072561691 0.769686706453421 -0.58076651259919 -0.52917432947098 "yes"
"900" 1007 -0.620033872190559 -0.0516729580116763 -0.0517096677646001 -0.40107192792502 -0.356191190258794 -0.259415403443765 0.733655986426971 -0.58076651259919 -0.531262815834607 "yes"
"901" 1008 -1.04357428891966 -0.0116260169862121 -0.011665317017747 -0.382962648587298 -0.356191190258794 0.0177541547443539 0.618424160558803 -0.58076651259919 -0.526007858305557 "yes"
"902" 1009 -1.33564958925142 0.0284197220401589 0.0283777935183626 1.03111829735398 -0.34898140241155 -0.46186387346111 0.610947706289091 -0.26321509630649 -0.490944044056784 "yes"
"903" 1010 -1.29320789140424 0.0684642208127902 0.0684196255972307 1.86858853309266 -0.0666940760945378 -0.438949213155018 0.54298672849127 0.0437518003879112 -0.392496211580317 "yes"
"904" 1011 -1.36216662913537 0.108507441083858 0.108460140979844 1.94718633445801 -0.347202267833852 -0.531922727898072 0.738253138892686 -0.58076651259919 6.3900886708058e-05 "yes"
"905" 1012 -1.3172709339354 0.148549344613022 0.148499301434829 1.05017205230564 -0.101836614949975 -0.462297774886375 0.505045599052666 -0.574984421540957 1.64777408585545 "yes"
"906" 1014 -1.68007756888473 0.909044532259998 0.908935128812411 -0.40107192792502 2.90721666082179 -0.56089602659842 -3.25458061032755 -0.58076651259919 1.52302444084658 "yes"
"907" 1015 -1.67444589446138 0.949052083751567 0.948939175719976 -0.40107192792502 4.87347537696629 -0.56089602659842 -2.95691537412377 -0.579869589019904 2.79044235253726 "yes"
"908" 1016 -1.66917778499007 0.989057517541374 0.988941066977412 -0.40107192792502 5.2774230814376 -0.56089602659842 -3.11165232464317 0.0993576384398752 3.81540380267788 "yes"
"909" 1017 -1.62923901076066 1.02906079560632 1.02894076457514 -0.40107192792502 3.28743541554541 -0.56089602659842 -1.80260640509442 -0.0915000064189086 1.48235083633063 "yes"
"910" 1018 -1.47886431617694 1.0690618799355 1.06893823051639 -0.40107192792502 -0.356191190258794 -0.56089602659842 0.795091874394059 -0.58076651259919 -0.249819460612169 "yes"
"911" 1019 -1.54092218973001 1.10906073253085 1.10893342681689 -0.40107192792502 -0.356191190258794 -0.56089602659842 0.693737901922604 -0.58076651259919 -0.457855965262867 "yes"
"912" 1020 -1.50012239019064 1.14905731540675 1.14892631550576 -0.40107192792502 -0.356191190258794 -0.56089602659842 0.722391431153957 -0.58076651259919 -0.518944974337205 "yes"
"913" 1021 -1.48259771633042 1.18905159059102 1.18891685862492 -0.40107192792502 0.0676952568585556 -0.56089602659842 0.394075907845578 -0.483577442870789 -0.274948189938166 "yes"
"914" 1022 -1.50749089900923 1.22904352012427 1.22890501823012 -0.40107192792502 -0.0657534688159975 -0.56089602659842 0.452787197792458 -0.343770157136331 -0.33087797383499 "yes"
"915" 1023 -1.4832649227709 1.26903306606092 1.2688907563905 -0.40107192792502 1.44796101625529 -0.357107654631273 -0.391814187072576 -0.0167156245089836 -0.428588066956135 "yes"
"916" 1024 -1.35679691616367 1.3090201904688 1.30887403518922 -0.40107192792502 2.01376613030757 -0.0183609684834215 -0.757583086873373 -0.58076651259919 -0.381748661910501 "yes"
"917" 1025 -0.793443787344849 1.34900485542977 1.34885481672347 -0.40107192792502 0.241872023589692 -0.550600698705129 0.175461518804038 -0.58076651259919 -0.319990585501654 "yes"
"918" 1026 0.553491146462381 1.38898702303968 1.38883306310488 -0.40107192792502 -0.356191190258794 -0.56089602659842 0.803101042184456 -0.58076651259919 -0.434964255825582 "yes"
"919" 1027 0.196766701614831 1.42896665540887 1.42880873645932 2.39077918138392 -0.356191190258794 -0.56089602659842 0.624571703977299 -0.0749189292913262 -0.529869022548168 "yes"
"920" 1028 0.191746875617292 1.46894371466188 1.46878179892764 3.18160426315994 -0.356191190258794 -0.56089602659842 0.58599326664022 -0.58076651259919 -0.532172046950836 "yes"
"921" 1029 1.08784027189041 1.50891816293825 1.50875221266554 3.18160427650635 -0.356191190258794 -0.56089602659842 0.624574324769783 -0.58076651259919 -0.533219978204074 "yes"
"922" 1030 1.39502382131771 1.54888996239239 1.54871993984389 3.03707039673016 -0.356191190258794 -0.56089602659842 0.11576791131219 -0.58076651259919 -0.533219978204074 "yes"
"923" 1031 1.46129751635385 1.58885907519383 1.58868494264894 3.18160430320038 -0.356191190258794 -0.56089602659842 0.411755339592361 -0.58076651259919 -0.533219978204074 "yes"
"924" 1032 1.23234744899642 -1.41377088458532 -1.41372576156042 -0.40107192792502 -0.356191190258794 -0.56089602659842 0.73115639738158 -0.58076651259919 -0.532568044502467 "yes"
"925" 1033 1.24768857014407 -1.37368932990311 -1.37364549488233 -0.40107192792502 -0.356191190258794 -0.56089602659842 0.754765508719085 -0.58076651259919 -0.529629854895779 "yes"
"926" 1034 0.761402228326701 -1.33360767370034 -1.33356516512015 -0.40107192792502 -0.356191190258794 -0.56089602659842 0.70774611738615 -0.58076651259919 -0.52135996156537 "yes"
"927" 1035 1.66800153682946 -1.29352595441131 -1.29348481070705 -0.40107192792502 -0.356191190258794 -0.538084809513216 0.765009456614445 -0.58076651259919 -0.496622016819655 "yes"
"928" 1036 1.02898163717328 -1.25344421047049 -1.25340447007658 -0.40107192792502 -0.356191190258794 -0.340041681624598 0.648422116418543 -0.199252547282462 -0.474568902835708 "yes"
"929" 1037 1.74654867285071 -1.21336248031278 -1.21332418166193 -0.40107192792502 -0.356191190258794 -0.56089602659842 0.373584467683045 -0.58076651259919 -0.442166772578051 "yes"
"930" 1038 1.08816061882443 -1.17328080237271 -1.1732439838962 -0.40107192792502 -0.356191190258794 -0.538950746775834 0.68134348737246 -0.58076651259919 -0.437834128914914 "yes"
"931" 1039 0.765913090740062 -1.1331992150847 -1.133163915212 -0.40107192792502 -0.248928888936397 0.00935976841485514 0.495298360875225 0.391774213508784 -0.46099441056682 "yes"
"932" 1040 1.58540473968135 -1.0931177568827 -1.09308401404093 -0.40107192792502 -0.356191190258794 -0.56089602659842 0.368410668625459 -0.58076651259919 -0.487044734792219 "yes"
"933" 1041 1.18523337048466 -1.05303646619962 -1.05300431881385 -0.40107192792502 0.334930671396838 -0.292130160219107 -0.132339474545829 -0.58076651259919 -0.469392029373635 "yes"
"934" 1042 1.18722476572743 -1.01295538146769 -1.01292486796033 -0.40107192792502 -0.331067965454451 -0.468912534562874 0.691641507723209 -0.368903222923912 -0.415921761519072 "yes"
"935" 1043 0.474493395914743 -0.97287454111778 -0.972845699908643 -0.40107192792502 -0.0149720013717763 0.120070002064861 0.250535659318058 0.318138188349714 -0.250533217484985 "yes"
"936" 1044 0.0488093398268793 -0.932793983579505 -0.932766853085325 -0.40107192792502 0.135232081011415 1.05406063267669 -0.26930895803405 2.1998910778481 0.118097376295917 "yes"
"937" 1045 -0.0499490484313516 -0.89271374728074 -0.892688365915008 -0.40107192792502 0.0757145686233544 0.27394575112857 -0.173679122250035 1.59883329807291 0.463508190636207 "yes"
"938" 1046 0.0902041745962328 -0.852633870647445 -0.852610276820376 -0.40107192792502 -0.234804144398526 0.0733351311114683 0.470830998554356 0.77712477899647 0.725967941562323 "yes"
"939" 1047 -0.224492004293467 -0.812554392103636 -0.812532624221738 -0.40107192792502 -0.345595176964392 0.51126440104468 0.0553713974454463 1.47759407211359 0.795906906667788 "yes"
"940" 1048 0.338027544006018 -0.772475350070953 -0.772455446536942 -0.40107192792502 -0.25962664873422 0.590471937977499 0.367808221147366 -0.548438508532054 0.626787749621495 "yes"
"941" 1049 0.0532849277678678 -0.732396782968577 -0.732378782181067 -0.40107192792502 -0.305607646197022 1.16649267085483 -0.0668454505165177 -0.58076651259919 0.486422460495769 "yes"
"942" 1050 -0.373232601476983 -0.692318729212918 -0.692302669566139 -0.40107192792502 -0.257103689565958 1.68762892285415 -0.824338933967117 1.98976965570272 0.184230790427566 "yes"
"943" 1051 -0.41808055129941 -0.652241227217333 -0.652227147101097 -0.40107192792502 -0.270556501623087 1.93933149464698 -1.42168454995927 1.15211502877133 0.111079678932307 "yes"
"944" 1052 -0.542450825185145 -0.612164315392096 -0.612152253191461 -0.40107192792502 -0.326210563297335 1.95667408201962 -1.04275110187687 -0.58076651259919 -0.0200137258855804 "yes"
"945" 1053 -0.412512575353251 -0.572088032144054 -0.572078026239145 -0.40107192792502 -0.303971793253556 2.62156800157995 -0.728852419128598 -0.359253139528683 0.0108288837915901 "yes"
"946" 1054 -0.844003597697307 -0.532012415876456 -0.532004504642106 -0.40107192792502 -0.249047815754058 3.92535090739977 -2.36756009809239 1.47352174778678 0.0317053621728096 "yes"
"947" 1055 -0.753895531080873 -0.491937504988588 -0.491931726794428 -0.40107192792502 -0.331640125707771 2.78864896719242 -1.65911405043178 0.808816149442966 0.349576043316477 "yes"
"948" 1056 -0.580550061026941 -0.451863337875866 -0.451859731085628 -0.40107192792502 -0.356191190258794 6.20418754909316 -3.0763672201591 1.54115225732969 0.382168780040891 "yes"
"949" 1057 -0.736816989892172 -0.411789952929137 -0.411788555900947 -0.40107192792502 -0.356191190258794 2.52180079939873 -1.94910449119486 -0.316568222312634 -0.156491444843404 "yes"
"950" 1058 -0.758478416285161 -0.371717388534974 -0.371718239620736 -0.40107192792502 -0.331250892715278 1.11996471322777 -0.903108397351674 0.20211802950812 -0.413064907169138 "yes"
"951" 1059 -0.7634901005152 -0.331645683075058 -0.33164882062052 -0.40107192792502 -0.356191190258794 -0.242139313775954 0.525668123219046 -0.316233286516585 -0.353086716934768 "yes"
"952" 1060 -0.824704843229527 -0.291574874926244 -0.29158033727054 -0.40107192792502 -0.356191190258794 -0.523393360520533 0.686930466836461 -0.58076651259919 -0.390044084469479 "yes"
"953" 1061 -0.977676613427465 -0.251505002460103 -0.251512827935693 -0.40107192792502 -0.356191190258794 -0.56089602659842 0.587298136781422 -0.58076651259919 -0.530020668325913 "yes"
"954" 1062 -0.421421027843327 -0.211436104042863 -0.211446330975213 -0.40107192792502 -0.138215695660198 -0.231148519340051 0.55863721005735 -0.58076651259919 -0.501813916734192 "yes"
"955" 1063 -0.873421686315321 -0.171368218035088 -0.171380884742553 -0.40107192792502 -0.0508321197029514 0.589212820085212 0.262576541312043 -0.418669057867519 -0.473533261623973 "yes"
"956" 1064 -1.08132614428785 -0.131301382791561 -0.131316527585041 -0.40107192792502 -0.0389841034182457 0.298843422855579 0.35085578569358 0.369572487552511 -0.363152008566166 "yes"
"957" 1065 -1.15004695040611 -0.0912356366609376 -0.0912532978437209 -0.40107192792502 -0.209042337007557 0.262320143645539 0.40643198919229 -0.49113320880399 -0.30463341156931 "yes"
"958" 1066 -0.884066960523809 -0.0511710179855921 -0.0511912338532852 -0.40107192792502 0.305797349580613 -0.496657368752743 0.362944830087182 -0.58076651259919 -0.330037599423881 "yes"
"959" 1067 -0.628905782346107 -0.011107565101546 -0.0111303739414252 -0.40107192792502 -0.356191190258794 -0.538615651930847 0.693772616880786 -0.58076651259919 -0.35865576961023 "yes"
"960" 1068 -0.542165334292159 0.0289546836621808 0.0289292435708107 -0.40107192792502 -0.353711028890955 0.111248962575852 0.529241168291081 -0.58076651259919 -0.439800415317027 "yes"
"961" 1069 -0.822303762673345 0.0690156899832112 0.0689875803697011 0.3232435980028 -0.300925649590156 -0.168040039577742 0.551842031118165 0.553877383276224 -0.439765167686008 "yes"
"962" 1070 -0.697743437060861 0.109075415546496 0.109044598149054 -0.331913612687645 -0.356191190258794 -0.362440194461307 0.561650516747473 -0.58076651259919 -0.381679615875394 "yes"
"963" 1071 -0.986631843438388 0.149133822044514 0.149100258609925 0.561517830843301 -0.13086565171939 -0.302198265200079 0.403823200799852 -0.58076651259919 -0.0860472789789713 "yes"
"964" 1072 -1.36395434077966 0.189190871176995 0.189154523461417 1.84333701898825 -0.282524451982657 -0.406710016382463 0.617704342924038 -0.58076651259919 0.704921010329737 "yes"
"965" 1073 -1.53279362709712 0.229246524651712 0.229207354420776 -0.40107192792502 1.4582301262987 -0.0375465882539728 -1.78858128189431 0.252930718790793 1.09583683812673 "yes"
"966" 1078 -1.68351867238303 0.949966029164437 0.949869527549656 -0.40107192792502 1.8509933107969 -0.56089602659842 -1.56730992051861 -0.58076651259919 2.02154283795133 "yes"
"967" 1079 -1.67756542663182 0.989987901625002 0.989887853110897 -0.40107192792502 5.24216968877831 -0.56089602659842 -3.14838389737868 -0.348130828527456 2.69098980036217 "yes"
"968" 1080 -1.61644438150463 1.03000761456351 1.02990398114884 -0.40107192792502 2.87672028782829 -0.56089602659842 -1.4837420218305 0.837965703425969 1.56956153868112 "yes"
"969" 1081 -1.58029287361045 1.07002512990253 1.06991787359998 -0.40107192792502 -0.34926252952234 -0.56089602659842 0.724121542595248 -0.352216188947148 -0.168823299799529 "yes"
"970" 1082 -1.60915518204532 1.11004040957724 1.10992949241379 -0.40107192792502 -0.0451557865421875 -0.56089602659842 0.261826375836285 -0.58076651259919 0.33769523953365 "yes"
"971" 1083 -1.59030545148624 1.1500534155358 1.14993879955275 -0.40107192792502 0.768766270157119 -0.56089602659842 -0.017944704401353 -0.58076651259919 0.375389719154879 "yes"
"972" 1084 -1.57681811821403 1.19006410973937 1.18994575699261 -0.40107192792502 2.07125248796518 -0.56089602659842 -0.817704520126201 0.282113505270299 -0.00113839304640507 "yes"
"973" 1085 -1.55043759735189 1.23007245416238 1.22995032672264 -0.40107192792502 5.2038362456394 -0.56089602659842 -2.63372099718948 1.00932478334395 -0.343232578500671 "yes"
"974" 1086 -1.48919994400924 1.27007841079277 1.26995247074567 -0.40107192792502 1.84881908103676 -0.263623171020413 -0.599939393281709 -0.58076651259919 -0.337035889298464 "yes"
"975" 1087 -1.40902809036486 1.31008194163207 1.30995215107874 -0.40107192792502 0.277949928676544 -0.551352941989949 0.279505944107953 -0.403475188713391 -0.237798473496418 "yes"
"976" 1088 -0.997460506031999 1.35008300869601 1.34994932975275 -0.40107192792502 1.19578333053794 -0.56089602659842 -0.740747534940507 0.387969511636981 -0.138864783188591 "yes"
"977" 1089 -0.579000304682097 1.39008157401415 1.38994396881306 0.17076961609001 -0.356191190258794 -0.56089602659842 0.452458117561268 0.110951816177647 -0.367254057275652 "yes"
"978" 1090 -0.211896653819657 1.43007759963054 1.42993603031969 3.11784690550691 -0.356191190258794 -0.56089602659842 0.683781155765946 -0.178120484764945 -0.529869022548168 "yes"
"979" 1091 0.313971259612219 1.4700710476039 1.46992547634734 3.18160425909297 -0.356191190258794 -0.56089602659842 0.77830488035852 -0.58076651259919 -0.532415519524945 "yes"
"980" 1092 0.664161774328276 1.51006188000759 1.5099122689856 3.18160427243497 -0.356191190258794 -0.56089602659842 0.731656543975181 -0.58076651259919 -0.533219978204074 "yes"
"981" 1093 0.7317766911268 1.55005005892991 1.54989637033941 3.18160428577566 -0.356191190258794 -0.56089602659842 0.680099748516161 -0.58076651259919 -0.533219978204074 "yes"
"982" 1094 1.26381953397342 -1.09304548103174 -1.0929951595393 -0.40107192792502 -0.356191190258794 -0.495861033118005 0.545628597320809 -0.58076651259919 -0.453460640772528 "yes"
"983" 1095 1.02396929040185 -0.97275252123441 -0.972707104395914 -0.40107192792502 -0.356191190258794 -0.56089602659842 0.804715567286567 -0.58076651259919 -0.431685387778735 "yes"
"984" 1096 0.718021668050548 -0.932655383261871 -0.932611678281462 -0.40107192792502 -0.356191190258794 -0.17174822010263 0.704632443400799 -0.58076651259919 0.0769768019398995 "yes"
"985" 1097 -0.186239031884172 -0.892558567097192 -0.892516612456202 -0.40107192792502 -0.100293479600096 1.08874110228812 0.041787763860934 0.529090254682617 0.455507388766213 "yes"
"986" 1098 -0.356083579973025 -0.852462111234196 -0.852421945410862 -0.40107192792502 -0.0598511412168524 2.61211385994952 -0.652825390979577 1.19359557515048 0.53266440980133 "yes"
"987" 1099 -0.0960946544487039 -0.812366054164945 -0.812327715633557 -0.40107192792502 0.084621741787648 1.51450479916403 -0.367696560656866 0.296749753354312 0.551935317817323 "yes"
"988" 1100 0.335640157279644 -0.772270434378888 -0.772233961610133 -0.40107192792502 -0.0650380792230187 0.745178767494722 0.166559199552119 0.00035559529420356 0.652621098076534 "yes"
"989" 1101 0.704558374806463 -0.732175290363207 -0.732140721823677 -0.40107192792502 -0.322183581539555 -0.158777936346966 0.634082060468047 -0.58076651259919 0.45801997546742 "yes"
"990" 1102 0.253698703065094 -0.692080660602321 -0.692048034754011 -0.40107192792502 -0.11784693404663 1.22171667836438 -0.196034584785418 -0.159671079885663 0.161477162797032 "yes"
"991" 1103 0.536259121711195 -0.651986583577387 -0.65195593887814 -0.40107192792502 -0.356191190258794 0.673385269368354 0.313106935998103 -0.0189175259994209 0.115411683508159 "yes"
"992" 1104 -0.0436547622930706 -0.611893097766743 -0.611864472669343 -0.40107192792502 -0.356191190258794 2.03854012112884 -0.60553228314075 -0.58076651259919 0.0216209173668796 "yes"
"993" 1105 -0.664045892115126 -0.571800241645004 -0.571773674597502 -0.40107192792502 -0.319314269214479 2.26661810415404 -1.39410055182069 -0.159609178521779 0.0236205272247042 "yes"
"994" 1106 -0.826840723525408 -0.531708053683383 -0.53168358312841 -0.40107192792502 -0.192781009869454 4.11657195258291 -2.08818954961385 2.19282725359855 0.00125855965692946 "yes"
"995" 1107 -0.0389642006074274 -0.491616572349009 -0.491594236723904 -0.40107192792502 -0.356191190258794 0.0421818859055658 0.123519001516774 -0.566488825978421 0.331578728896742 "yes"
"996" 1108 0.517802431614034 -0.451525836105051 -0.451505673841622 -0.40107192792502 -0.344370123557315 1.62151818587492 -0.180380722831041 -0.157169626620439 0.3727104693856 "yes"
"997" 1109 -0.0567733675117225 -0.41143588341048 -0.41141793293432 -0.40107192792502 -0.347409183347545 4.12243595896855 -1.78219888656824 0.869954928052158 -0.0781257689001953 "yes"
"998" 1110 0.0744158912903984 -0.371346752719386 -0.371331052450425 -0.40107192792502 -0.356191190258794 1.99374498200691 0.0311529870532459 0.893946425950538 -0.395883227487432 "yes"
"999" 1111 -0.263214940588558 -0.331258482481529 -0.331245070833044 -0.40107192792502 -0.356191190258794 0.738585139650049 0.291367727003043 0.112540954376731 -0.266258312678276 "yes"
"1000" 1112 -0.257080835435524 -0.291171111141348 -0.291160026520336 -0.40107192792502 -0.356191190258794 -0.236235162370779 0.634440057752828 -0.58076651259919 -0.315924730669983 "yes"
"1001" 1113 -0.659752467972932 -0.251084677138335 -0.251075957944905 -0.40107192792502 -0.356191190258794 -0.56089602659842 0.758362017511747 -0.58076651259919 -0.530674521026727 "yes"
"1002" 1114 -0.891031732620248 -0.210999218906428 -0.210992903533781 -0.40107192792502 -0.356191190258794 -0.56089602659842 0.612122288281204 -0.58076651259919 -0.487921861736252 "yes"
"1003" 1115 -0.354178241499727 -0.170914774873986 -0.170910901707966 -0.40107192792502 -0.356191190258794 -0.503732466345099 0.69399493195061 -0.58076651259919 -0.471975840908096 "yes"
"1004" 1116 -0.255244394344054 -0.130831383463344 -0.130829990882706 -0.40107192792502 -0.224394709045194 1.29449196229996 0.25721894855403 -0.514419615772288 -0.344351830662035 "yes"
"1005" 1117 -0.631351850978219 -0.0907490830910808 -0.0907502094666375 -0.40107192792502 0.0616071140309139 1.47653659334049 -0.0197692247356594 0.273345596805022 -0.276485716323039 "yes"
"1006" 1118 -0.719137728291108 -0.0506679121671649 -0.0506715958620371 -0.40107192792502 -0.0493903859437354 1.47019543512847 0.128623129518328 0.253357412158324 -0.279731292375342 "yes"
"1007" 1119 -0.902083553164351 -0.0105879090952029 -0.0105941884644358 -0.40107192792502 0.157722477249699 0.917875378238633 0.056259716680308 0.440022207308678 -0.330480135049648 "yes"
"1008" 1120 -0.711515874091593 0.0294908877279425 0.0294819743377712 -0.40107192792502 -0.183412885806843 0.55381068090982 0.368341229174439 0.558393684741581 -0.432943366297392 "yes"
"1009" 1121 -0.576345111333122 0.0695684399125452 0.069556854163224 -0.40107192792502 0.0739934104980861 0.621663620625081 0.265612499178885 1.10897085108442 -0.458147871313151 "yes"
"1010" 1122 -0.897300817954382 0.109644709075915 0.109630412637946 -0.40107192792502 -0.179710192760717 -0.109183062134096 0.568978812270209 -0.0615180413880548 -0.497006380157777 "yes"
"1011" 1123 -1.03778976475105 0.149719656842744 0.149702611395658 -0.40107192792502 -0.32583432216865 -0.234374006030831 0.630776809723106 -0.58076651259919 -0.519502625692242 "yes"
"1012" 1124 -1.2067621136739 0.189793244845425 0.189773412077947 1.21432309806183 -0.356191190258794 -0.49312702692822 0.626471564500102 -0.58076651259919 -0.508319799426461 "yes"
"1013" 1125 -1.22422941550426 0.229865434724212 0.229842776334478 0.728483407629187 -0.356191190258794 -0.56089602659842 0.758318842196173 -0.58076651259919 0.154629139128548 "yes"
"1014" 1126 -1.24356601989331 0.269936188127443 0.269910665823197 -0.40107192792502 -0.356191190258794 -0.417724770365612 0.388427002456277 -0.134724188172057 0.720571934611902 "yes"
"1015" 1127 -1.41980045283449 0.310005466711734 0.309977042210422 -0.40107192792502 -0.120430710849638 -0.101412963109323 0.24159121757611 -0.200466671140978 1.34700912477674 "yes"
"1016" 1128 -1.54707334623133 0.350073232142074 0.350041867171457 -0.40107192792502 1.88902743357958 -0.120307775629427 -1.45090409567591 0.230426529402434 2.01886846330198 "yes"
"1017" 1132 -1.6826864646304 0.950882096011646 0.950802038828797 -0.40107192792502 -0.356191190258794 -0.56089602659842 -2.55459414950372 -0.58076651259919 0.605288478692085 "yes"
"1018" 1133 -1.67447543502457 0.990920445232956 0.990836836769833 -0.40107192792502 0.903135799057532 -0.56089602659842 -1.73619109138251 -0.58076651259919 0.772615378950697 "yes"
"1019" 1134 -1.66614678820442 1.03095663112233 1.0308694333114 -0.40107192792502 2.33104057420255 -0.56089602659842 -1.80499291061928 -0.58076651259919 0.327438751352755 "yes"
"1020" 1135 -1.65390779756463 1.07099061553591 1.07089979032305 -0.40107192792502 4.78008895598195 -0.56089602659842 -2.86320051428407 0.273882958891606 0.293166933535615 "yes"
"1021" 1136 -1.63627588685446 1.11102236034193 1.11092786968775 -0.40107192792502 5.47213183413029 -0.56089602659842 -3.47427401237764 1.70562330702237 2.00521653023205 "yes"
"1022" 1137 -1.61898140175174 1.15105182742205 1.15095363330112 -0.40107192792502 6.0872012269853 -0.56089602659842 -3.43437606157005 0.549999763275191 2.00521653023205 "yes"
"1023" 1138 -1.59944958453996 1.19107897867054 1.19097704307243 -0.40107192792502 6.10414390694564 -0.56089602659842 -3.46353192874182 0.824206411197495 0.509075554495139 "yes"
"1024" 1139 -1.56590028377667 1.23110377599539 1.23099806092437 -0.40107192792502 5.83649766247413 -0.56089602659842 -3.1439946708499 0.522725380408942 0.172801299087095 "yes"
"1025" 1140 -1.50907501730087 1.27112618131793 1.27101664879331 -0.40107192792502 5.98415204906383 -0.56089602659842 -3.44941226732204 -0.107064881058536 -0.127120079567625 "yes"
"1026" 1141 -1.44856227005474 1.31114615657322 1.31103276862965 -0.40107192792502 2.22148111432167 -0.56089602659842 -2.36307239085677 -0.107855552946224 0.124708910864513 "yes"
"1027" 1142 -1.20541242327452 1.35116366371035 1.35104638239808 -0.40107192792502 1.39510836997871 -0.56089602659842 -1.30712155017741 0.88333561213805 0.365079609650125 "yes"
"1028" 1143 0.317667584793645 1.3911786646927 1.39105745207753 -0.0896195358115422 -0.356191190258794 -0.56089602659842 0.778455034887885 -0.58076651259919 -0.157694926555983 "yes"
"1029" 1144 1.1559675962724 1.43119112149785 1.43106593966167 3.18160424169186 -0.356191190258794 -0.56089602659842 0.803161551700098 -0.58076651259919 -0.532549787077194 "yes"
"1030" 1145 1.23346611792778 1.47120099611819 1.47107180715879 3.18160425502764 -0.356191190258794 -0.56089602659842 0.731700347097043 -0.58076651259919 -0.533093291444226 "yes"
"1031" 1146 1.60936380891956 1.67121030722708 1.67106051470179 -0.40107192792502 -0.356191190258794 -0.56089602659842 0.573654456132505 -0.58076651259919 -0.530687765059135 "yes"
"1032" 1147 1.5574800656672 1.71120389142189 1.71104986471243 -0.40107192792502 -0.356191190258794 -0.56089602659842 0.70894387432807 -0.58076651259919 -0.527993039287647 "yes"
"1033" 1148 1.67427552375306 -1.29354725088737 -1.29347290402711 -0.40107192792502 -0.356191190258794 -0.56089602659842 0.492153148726174 -0.58076651259919 -0.505607505823363 "yes"
"1034" 1149 1.05036289977889 -1.25343230337776 -1.25335936102776 -0.40107192792502 -0.327156159233367 -0.24609758986217 0.295216495149929 -0.21834547377195 -0.485451088398242 "yes"
"1035" 1150 1.55782414720527 -1.2133173697001 -1.21324587042929 -0.40107192792502 -0.35150188135453 -0.337370736979617 -0.0274295032732429 -0.294970783174794 -0.492249609130551 "yes"
"1036" 1151 1.61243821492639 -1.17320248842514 -1.17313247080102 -0.40107192792502 -0.356191190258794 -0.56089602659842 0.0219889882118527 -0.58076651259919 -0.502496855162612 "yes"
"1037" 1152 0.941467423826999 -1.09297303736534 -1.09290609872918 -0.40107192792502 -0.3408257934353 -0.311241862298687 0.602972963995451 -0.58076651259919 -0.336445550171409 "yes"
"1038" 1153 0.676205565962332 -1.05285854471981 -1.05279320342049 -0.40107192792502 -0.301137734490465 -0.254147702102653 0.518110469594862 -0.58076651259919 0.59319827108607 "yes"
"1039" 1154 1.06628981317421 -1.01274425875526 -1.01268055335138 -0.40107192792502 -0.356191190258794 -0.487675478538425 0.662028672502524 -0.58076651259919 0.369296485799332 "yes"
"1040" 1155 0.640492468439347 -0.972630218038788 -0.972568187086303 -0.40107192792502 -0.356191190258794 -0.427175115085087 0.765507142583198 -0.577410108456561 -0.271873526316396 "yes"
"1041" 1156 -0.0628801111669452 -0.932516461136199 -0.932456143187957 -0.40107192792502 -0.241832320303328 0.697378498188173 0.218491222544649 1.15401251978189 -0.133639770921905 "yes"
"1042" 1157 -0.17847262002474 -0.892403026611511 -0.892344460217161 -0.40107192792502 -0.181600675055011 2.21488826200168 -0.225572211171585 -0.00423342811768449 -0.056687206307472 "yes"
"1043" 1158 0.244083654461623 -0.852289953026887 -0.852233176732731 -0.40107192792502 -0.356191190258794 0.819041138635076 0.228375546066306 -0.256747987698416 -0.143155406506184 "yes"
"1044" 1159 0.888362810024477 -0.812177278942477 -0.812122331291012 -0.40107192792502 -0.356191190258794 -0.549442638256692 0.802016029772871 -0.58076651259919 -0.114614041356724 "yes"
"1045" 1160 0.764875181654255 -0.772065042915967 -0.772011962445986 -0.40107192792502 -0.330960537641519 -0.230190762049746 0.698650338584729 0.17703612975776 0.239447378265333 "yes"
"1046" 1161 0.964814231133059 -0.73195328350267 -0.731902108748858 -0.40107192792502 -0.356191190258794 -0.506425162997003 0.718095300109745 -0.58076651259919 0.182449687065391 "yes"
"1047" 1162 1.10968489554174 -0.691842039255133 -0.691792808747696 -0.40107192792502 -0.356191190258794 -0.560895644934337 0.779131526882849 -0.58076651259919 -0.29216984233902 "yes"
"1048" 1163 0.72362411210986 -0.651731348722756 -0.651684100987479 -0.40107192792502 -0.356191190258794 -0.319842731497229 0.650706074999837 -0.58076651259919 -0.190463668817987 "yes"
"1049" 1164 0.277164546133102 -0.611621250451858 -0.611576024009778 -0.40107192792502 -0.356191190258794 0.3221456685956 0.422430484641275 -0.58076651259919 0.12337821552575 "yes"
"1050" 1165 -0.614478182840232 -0.571511782985342 -0.571468616352401 -0.40107192792502 -0.356191190258794 0.996013250429383 0.0329137552825205 1.11444049314981 0.0463888442181783 "yes"
"1051" 1166 -0.754470966491217 -0.531402984862355 -0.531361916549344 -0.40107192792502 -0.26354740309833 1.99916597527176 -0.653666157959331 1.05476075853498 -0.0415463288214063 "yes"
"1052" 1167 -0.0302380678862782 -0.491294894618229 -0.491255963130585 -0.40107192792502 -0.315051095020623 0.226054186003852 0.273771651391044 -0.529693688176425 -0.150253529547311 "yes"
"1053" 1168 0.796493644537826 -0.451187550784277 -0.45115079462167 -0.40107192792502 -0.356191190258794 -0.498110926670268 0.757324863378579 -0.58076651259919 -0.23898624213727 "yes"
"1054" 1169 0.76179942040056 -0.411080991887381 -0.411046449543591 -0.40107192792502 -0.356191190258794 -0.531203948043587 0.78517622126503 -0.58076651259919 -0.346006569067247 "yes"
"1055" 1170 0.814069087326274 -0.370975256449867 -0.370942966412657 -0.40107192792502 -0.356191190258794 -0.437267630956496 0.775576195022059 -0.58076651259919 -0.420750000114882 "yes"
"1056" 1171 -0.339378021028241 -0.330870382989381 -0.330840383740119 -0.40107192792502 -0.356191190258794 1.49167481257613 -0.419575151930351 1.03418400285873 -0.0402895650054531 "yes"
"1057" 1172 -0.850910860759057 -0.29076641001851 -0.290738740031967 -0.40107192792502 -0.355719581518653 2.15831652586351 -0.100696135985947 -0.244388290678114 -0.096717971317812 "yes"
"1058" 1173 -0.951060746703852 -0.250663376044576 -0.250638073788869 -0.40107192792502 -0.356191190258794 0.202053168979251 0.352532845234666 -0.58076651259919 -0.389608268550284 "yes"
"1059" 1174 -0.442794887229547 -0.210561319569583 -0.210538423505841 -0.40107192792502 -0.217178896201127 -0.387023344314735 0.502918109623441 -0.58076651259919 -0.425955920794092 "yes"
"1060" 1175 -0.877721299296125 -0.170460279089882 -0.170439827671938 -0.40107192792502 -0.356191190258794 -0.425298848915259 0.635614218952387 -0.58076651259919 -0.483283961929643 "yes"
"1061" 1176 -0.533771929433741 -0.130360293095863 -0.130342324770089 -0.40107192792502 -0.318133870910455 -0.547913494306612 0.732309308235918 -0.58076651259919 -0.448993888822314 "yes"
"1062" 1177 -0.0628603805824513 -0.0902614000717882 -0.0902459532770542 -0.40107192792502 -0.356191190258794 -0.560423784130218 0.790719162859161 -0.58076651259919 -0.430878142360317 "yes"
"1063" 1178 0.22486817467217 -0.0501636384957514 -0.0501507516627911 -0.40107192792502 -0.356191190258794 -0.56089602659842 0.804715960057776 -0.58076651259919 -0.426922581041135 "yes"
"1064" 1179 -0.0922963604099097 -0.0100670468390445 -0.0100567583907167 -0.40107192792502 -0.26123483361175 -0.154134671266379 0.561940118456937 -0.285907728376375 -0.461613187288189 "yes"
"1065" 1180 -0.124214893830553 0.0300283364335821 0.0300359880827763 -0.40107192792502 -0.356191190258794 -0.130052027027407 0.674106518569412 -0.539673922256247 -0.488494232095807 "yes"
"1066" 1181 -0.440219619530153 0.0701224728644026 0.0701274493086446 -0.40107192792502 -0.356191190258794 -0.56089602659842 0.772882689912882 -0.58076651259919 -0.452877192086876 "yes"
"1067" 1182 -0.926316577889379 0.110215324003041 0.110217586845116 -0.40107192792502 0.181183500156328 -0.132339120938876 0.228402448802533 0.679461289439958 -0.325612793770722 "yes"
"1068" 1183 -1.20741241300444 0.150306851406392 0.150306362258139 -0.40107192792502 0.52909870263183 0.2009460947165 -0.0522628634670812 -0.513901311925378 -0.398291566455679 "yes"
"1069" 1184 -1.29118351873815 0.190397016639071 0.19039373712166 -0.356823143612235 -0.315840465157364 -0.527417120858967 0.679128093576065 -0.58076651259919 -0.46907343992019 "yes"
"1070" 1185 -1.23889804051191 0.230485781273694 0.230479673017506 1.35445978696081 -0.356191190258794 -0.56089602659842 0.713933159144036 -0.58076651259919 -0.216894617247943 "yes"
"1071" 1186 -1.20485188459537 0.270573106890755 0.270564131535939 1.934907773472 -0.356191190258794 -0.462127520877439 0.737784902491403 -0.58076651259919 -0.0101304768626296 "yes"
"1072" 1187 -1.32141452607342 0.310658955079184 0.310647074275861 1.9539768390587 -0.356191190258794 -0.56089602659842 0.680717052252838 -0.58076651259919 0.257050900359154 "yes"
"1073" 1188 -1.27042371396873 0.350743287436553 0.350728462844683 0.396761900614035 -0.356191190258794 -0.0819875423548989 0.668641780908335 -0.58076651259919 0.458005351089528 "yes"
"1074" 1189 -1.46514298361702 0.390826065568939 0.390808258859045 -0.40107192792502 -0.197629382808807 0.159405572082715 0.363168482026727 -0.432086251199897 1.25843550163059 "yes"
"1075" 1190 -1.60894430782755 0.430907251091656 0.430886423944602 -0.40107192792502 3.57662427991296 -0.288009207228513 -2.21981840507052 0.322420354047599 2.5135094267468 "yes"
"1076" 1191 -1.6738822657915 0.470986805629024 0.470962919736644 -0.40107192792502 3.80530609322493 -0.56089602659842 -3.32770785431162 0.951288019512526 6.85183599770322 "yes"
"1077" 1194 -1.6995143101891 0.591215299716295 0.591182007848748 1.07996042833745 0.532091192550637 -0.56089602659842 -2.56725908559483 -0.58076651259919 0.211542753067227 "yes"
"1078" 1198 -1.66994593774652 0.991855152174689 0.991788021830616 -0.40107192792502 1.75223596390262 -0.56089602659842 -3.02986971497251 1.87689720902605 1.43413576475547 "yes"
"1079" 1199 -1.66434085167457 1.03190784915932 1.03183712500585 -0.40107192792502 2.97103162791143 -0.56089602659842 -2.51216318170378 -0.377166957167414 0.670976403268471 "yes"
"1080" 1200 -1.65481761542292 1.07195834077883 1.07188398469541 -0.40107192792502 1.97358553146306 -0.56089602659842 -2.40170300972054 -0.39084193328643 0.212816787672166 "yes"
"1081" 1201 -1.64334247716718 1.11200658883488 1.11192856271508 -0.40107192792502 3.48094268985846 -0.56089602659842 -3.18999386268378 1.28353359892281 1.16740688577541 "yes"
"1082" 1202 -1.62507993102089 1.15205255514195 1.15197082089383 -0.40107192792502 3.91161637507363 -0.56089602659842 -3.31657574839913 0.0558594282617906 1.53375114664981 "yes"
"1083" 1203 -1.60203533121101 1.19209620152768 1.19201072107397 -0.40107192792502 2.38662393603492 -0.56089602659842 -2.71361924524478 -0.431980557020625 1.97297472872856 "yes"
"1084" 1204 -1.57273867478825 1.23213748983304 1.23204822511141 -0.40107192792502 0.987550901158931 -0.56089602659842 -1.72433112025185 -0.58076651259919 1.04564792041203 "yes"
"1085" 1205 -1.53740641026318 1.27217638191264 1.27208329487577 -0.40107192792502 0.42284127611539 -0.56089602659842 -1.21227672079503 -0.58076651259919 -0.178614054635276 "yes"
"1086" 1206 -1.49097801212621 1.31221283963476 1.31211589225097 -0.40107192792502 0.284831883775665 -0.56089602659842 -0.969478218162834 -0.58076651259919 0.0821634681137569 "yes"
"1087" 1207 -1.15325300863608 1.352246824882 1.35214597913485 -0.40107192792502 1.81504401649311 -0.56089602659842 -0.739108477132868 0.183972109520924 0.22587574656951 "yes"
"1088" 1208 -0.0159721319128274 1.39227829955089 1.39217351743984 0.281036499778838 -0.356191190258794 -0.56089602659842 0.789930962856413 -0.58076651259919 -0.218410086516511 "yes"
"1089" 1209 0.568596933255871 1.43230722555253 1.43219846909303 3.10526293491775 -0.356191190258794 -0.56089602659842 0.718490982092796 -0.58076651259919 -0.533219978204074 "yes"
"1090" 1210 0.593186548484097 1.4723335648127 1.47222079603633 3.18160425096429 -0.356191190258794 -0.56089602659842 0.804716615361929 -0.58076651259919 -0.532095255098779 "yes"
"1091" 1212 1.78479548981196 1.55237833088617 1.55225742363694 3.18160427762361 -0.356191190258794 -0.56089602659842 -0.131780342778717 -0.58076651259919 -0.532842014746119 "yes"
"1092" 1213 0.945484657708221 1.71243514854714 1.71229750946849 -0.40107192792502 -0.356191190258794 -0.264067719631177 0.679882488794878 -0.58076651259919 -0.450380799662953 "yes"
"1093" 1214 0.918577896478268 1.87244632121723 1.87229134473047 -0.40107192792502 -0.356191190258794 -0.56089602659842 0.719329450357551 -0.58076651259919 -0.53132854493212 "yes"
"1094" 1215 1.40859967798696 1.91244169783137 1.91228229250638 -0.40107192792502 -0.356191190258794 -0.56089602659842 0.563106186240507 -0.58076651259919 -0.501852046451589 "yes"
"1095" 1216 1.5688493623339 -1.25342632909584 -1.25333672794823 -0.40107192792502 -0.356146944533777 -0.56089602659842 0.289023651464829 -0.58076651259919 -0.484069096194766 "yes"
"1096" 1217 0.753347244278479 -1.21329473583591 -1.21320657843805 -0.40107192792502 -0.32979902815784 -0.444858066411813 0.66617383301051 -0.0350410179771991 -0.45105942204199 "yes"
"1097" 1218 0.757828344940639 -1.1731631950717 -1.17307652005947 -0.40107192792502 -0.353703091126749 -0.0216118992569278 0.569150933997519 -0.58076651259919 -0.414780512252512 "yes"
"1098" 1219 1.09445684283308 -1.13303174544224 -1.13294659144968 -0.40107192792502 -0.356191190258794 -0.56089602659842 0.667182533741158 -0.58076651259919 -0.357690662119618 "yes"
"1099" 1220 0.992142357282392 -1.09290042558607 -1.09281683124501 -0.40107192792502 -0.335278690336137 -0.226280817233316 0.687661035414539 -0.58076651259919 -0.14736828843019 "yes"
"1100" 1221 0.036922141928104 -1.05276927414086 -1.05268727808084 -0.40107192792502 -0.330642911862901 0.159873923139649 0.267108943524893 0.287315396035185 0.693921233850841 "yes"
"1101" 1222 0.07815218707271 -1.01263832974333 -1.01255797059147 -0.40107192792502 -0.159298802994896 0.582266219255196 0.0632041601309879 1.58721104370126 0.693921233850841 "yes"
"1102" 1223 0.0672866588630235 -0.97250763102912 -0.972428947409674 -0.40107192792502 -0.295379537412255 0.552889482015092 0.420657982928937 0.734576340171315 -0.238909831253571 "yes"
"1103" 1224 0.24173520283282 -0.932377216632333 -0.932300247166633 -0.40107192792502 -0.346230898794047 0.439597050022222 0.521733462389439 0.1150633654529 -0.0575505864746796 "yes"
"1104" 1225 0.679732195063328 -0.892247125185499 -0.892171908491452 -0.40107192792502 -0.356191190258794 -0.190620462632119 0.689132863972521 0.284438883139667 -0.0122107752799563 "yes"
"1105" 1226 0.788148201496331 -0.85211739531906 -0.852043970011427 -0.40107192792502 -0.356191190258794 -0.540450346425084 0.672526186248721 -0.374382439950609 -0.245538449672116 "yes"
"1106" 1227 0.906122572400959 -0.811988065661651 -0.811916470351316 -0.40107192792502 -0.356191190258794 -0.56089602659842 0.804715626867345 -0.58076651259919 -0.401090235811279 "yes"
"1107" 1228 0.284481952454095 -0.77185917483937 -0.771789448133535 -0.40107192792502 -0.261066988952808 0.131257511439955 0.296570131275276 0.261285505991422 -0.0360017609359139 "yes"
"1108" 1229 0.618724324700172 -0.731730761475971 -0.731662941977524 -0.40107192792502 -0.282629466587537 -0.460884174085156 0.732121544298237 -0.355543147134525 0.0770425335452543 "yes"
"1109" 1230 1.31432555424339 -0.691602864192234 -0.691536990499807 -0.40107192792502 -0.356191190258794 -0.56089602659842 0.804715678728188 -0.58076651259919 -0.148503367737204 "yes"
"1110" 1231 1.32117929685831 -0.65147552160602 -0.651411632313743 -0.40107192792502 -0.356191190258794 -0.56089602659842 0.804715696012606 -0.58076651259919 -0.0822381219752634 "yes"
"1111" 1232 0.140665253604083 -0.611348772332028 -0.611286906029113 -0.40107192792502 -0.356191190258794 0.208489882924025 0.606096229717384 -0.58076651259919 0.191216384940117 "yes"
"1112" 1233 -0.360065186187484 -0.571222654981376 -0.571162850252272 -0.40107192792502 -0.271934589426995 0.589624921136881 0.188919191450419 0.403707903904043 -0.0106248234402213 "yes"
"1113" 1234 0.243381822746267 -0.53109720816176 -0.53103950358535 -0.40107192792502 -0.356191190258794 0.330751488379718 0.361885178555659 -0.07874660241167 -0.133623249932161 "yes"
"1114" 1235 0.445836319243532 -0.490972470476646 -0.490916904626703 -0.40107192792502 -0.356191190258794 -0.556246430206869 0.72033372505497 -0.58076651259919 -0.3937754525383 "yes"
"1115" 1236 0.858456231317122 -0.450848480525729 -0.45079509197011 -0.40107192792502 -0.356191190258794 -0.56089602659842 0.804715782410974 -0.58076651259919 -0.516160745674625 "yes"
"1116" 1237 -0.339552283349482 -0.410725276904126 -0.41067410420493 -0.40107192792502 -0.356163721474288 -0.145518481864428 0.313191727490687 -0.58076651259919 -0.524593774339238 "yes"
"1117" 1238 -0.0906326293419329 -0.370602898202534 -0.370553979915605 -0.40107192792502 -0.340123616855873 -0.527806360899259 0.784610556607627 -0.58076651259919 -0.321864902151141 "yes"
"1118" 1239 0.0356567006079048 -0.330481383006733 -0.330434757681789 -0.40107192792502 -0.356191190258794 0.737503190206978 0.449993848775198 -0.445565783179467 0.715794515269683 "yes"
"1119" 1240 -0.644026176357433 -0.290360769897713 -0.29031647607759 -0.40107192792502 -0.350813238073001 1.3218491645493 0.159545197189111 0.659717500630385 0.528588226984367 "yes"
"1120" 1241 -1.09003562044451 -0.25024109745092 -0.250199173671912 -0.40107192792502 -0.356191190258794 0.9042786897283 0.263967074112542 -0.58076651259919 -0.295564106884125 "yes"
"1121" 1242 -0.509245224649643 -0.210122404236596 -0.2100828890279 -0.40107192792502 -0.348580601546678 -0.310598129337138 0.657659309845484 -0.58076651259919 -0.289680923540184 "yes"
"1122" 1243 -0.656673396537933 -0.170004728819222 -0.169967660702755 -0.40107192792502 -0.356191190258794 0.072082614643378 0.510679839399892 -0.58076651259919 -0.387820779185086 "yes"
"1123" 1244 -0.554693433565156 -0.129888109757336 -0.129853527247717 -0.40107192792502 -0.236260043732839 -0.298746540401531 0.56181285474563 -0.58076651259919 -0.441122657818034 "yes"
"1124" 1245 -0.197973003170444 -0.0897725856035154 -0.0897405272074312 -0.40107192792502 -0.0703121193958633 -0.338288856772617 0.47654095735388 -0.58076651259919 -0.464340015349775 "yes"
"1125" 1246 -0.112774767862195 -0.0496581949037401 -0.049628699120167 -0.40107192792502 -0.356191190258794 -0.56089602659842 0.804715955094746 -0.58076651259919 -0.525050111953867 "yes"
"1126" 1247 -0.223175693451613 -0.00954497619761649 -0.0095180815173165 -0.40107192792502 -0.356191190258794 -0.56089602659842 0.804715972355241 -0.58076651259919 -0.437388508282372 "yes"
"1127" 1248 -0.406552569476803 0.0305670319821277 0.0305912870766514 -0.40107192792502 -0.354608577431939 -0.56089602659842 0.795134425260995 -0.58076651259919 -0.262774246820772 "yes"
"1128" 1249 -0.806019717669916 0.070677791109688 0.0706993681446513 -0.40107192792502 -0.141033705777685 0.405303612916146 0.331158610364772 0.175962758354883 -0.255361676611785 "yes"
"1129" 1250 -0.577499204722665 0.110787262666644 0.110806123176992 -0.40107192792502 0.135810897758461 0.151095332417553 0.199991824990689 -0.176861842130125 -0.231870399691684 "yes"
"1130" 1251 -0.552448416854253 0.150895408141968 0.150911513671556 -0.40107192792502 -0.188776117742407 0.741039048509829 0.274123987864247 -0.58076651259919 -0.347680078051529 "yes"
"1131" 1252 -0.917679794433423 0.19100218903221 0.191015501134396 -0.40107192792502 -0.0787674120524694 0.0833033986467166 0.437869404463595 -0.58076651259919 -0.442962606749804 "yes"
"1132" 1253 -1.37471000633673 0.231107566842086 0.231118047079349 -0.40107192792502 0.11075391282108 -0.438029754989215 0.0294104597068877 -0.442641478945088 -0.415761258948534 "yes"
"1133" 1254 -1.17821060710335 0.2712115030841 0.271219113028862 -0.376388336182721 -0.326500695872284 -0.49792441909276 0.701844513614179 -0.58076651259919 -0.408847701770109 "yes"
"1134" 1255 -1.32042297469453 0.311313959279365 0.311318660513839 -0.291005912511306 -0.278672354066626 -0.549127904681672 0.688655798943832 -0.58076651259919 -0.469587954910615 "yes"
"1135" 1256 -1.34728406461251 0.35141489695745 0.351416651074016 1.36488227809863 -0.261076740558818 -0.425514267783611 0.63281252278764 -0.58076651259919 -0.484131242585621 "yes"
"1136" 1257 -1.27634514657686 0.39151427765676 0.391513046258073 1.65450267354168 -0.356191190258794 -0.56089602659842 0.804716144885664 -0.58076651259919 -0.446206341227986 "yes"
"1137" 1258 -1.46306317005632 0.43161206292464 0.431607807624081 -0.232917896935375 0.11593561826636 -0.501830045837058 0.304569164966976 -0.58076651259919 -0.178587633802338 "yes"
"1138" 1259 -1.58629205896782 0.471708214317829 0.471700896739389 -0.361783164633608 2.97635117961228 -0.378736472533434 -1.95504390097035 -0.0249766802540586 0.756705023816473 "yes"
"1139" 1260 -1.66239086903688 0.511802693402343 0.511792275181121 1.94593012654808 2.52445849219422 -0.56089602659842 -1.90659429764213 -0.412038319530244 1.31505093382775 "yes"
"1140" 1261 -1.67631863430481 0.551895461753975 0.551881904536286 -0.40107192792502 5.32017205007937 -0.56089602659842 -3.60971306117036 1.10546862686827 2.0057919830868 "yes"
"1141" 1262 -1.69390428824528 0.591986480958402 0.59196974640206 1.50182974635771 1.59401009860536 -0.56089602659842 -2.19091619795169 -0.58076651259919 0.539333259778954 "yes"
"1142" 1263 -1.69175258724702 0.632075712611468 0.632055762385772 3.18160396690226 0.219976882243328 -0.56089602659842 -0.798770890357587 -0.58076651259919 -0.260785077886628 "yes"
"1143" 1264 -1.69160527467322 0.672163118319171 0.672139914105545 1.06743245103246 1.43961413022574 -0.56089602659842 -2.43334585387392 -0.30258495574597 0.646711487981144 "yes"
"1144" 1267 -1.65180838723507 1.0328612725634 1.03280706018827 -0.40107192792502 2.63871456597149 -0.56089602659842 -3.20956023609121 0.255866998887271 0.98651381525149 "yes"
"1145" 1268 -1.63840028704303 1.07292830958749 1.07287046073987 -0.40107192792502 1.4477505868438 -0.56089602659842 -2.15344040035726 0.500673329518121 0.076002438077394 "yes"
"1146" 1269 -1.6329544827923 1.11299309907904 1.11293157558563 -0.40107192792502 -0.211356334535691 -0.56089602659842 -1.47925127119426 0.653497953692891 0.14433131411667 "yes"
"1147" 1270 -1.61815675352482 1.1530556027855 1.15299036648744 -0.40107192792502 2.01079873520774 -0.56089602659842 -1.90737698282695 -0.58076651259919 0.818728069154761 "yes"
"1148" 1271 -1.5971736074961 1.19311578246745 1.19304679522052 -0.40107192792502 -0.122838513328773 -0.56089602659842 -0.986156735410136 -0.58076651259919 4.17271457353494 "yes"
"1149" 1272 -1.56590698835183 1.23317359989877 1.23310082357374 -0.40107192792502 -0.356191190258794 -0.56089602659842 -1.15168242519625 -0.58076651259919 2.7812703125259 "yes"
"1150" 1273 -1.53664174420884 1.27322901686702 1.27315241334998 -0.40107192792502 -0.356191190258794 -0.56089602659842 -2.32859584493251 -0.58076651259919 0.0198682109665654 "yes"
"1151" 1274 -1.49375046824362 1.31328199517374 1.313201526366 -0.40107192792502 -0.354156119275974 -0.56089602659842 -1.50765433054451 -0.478734505269849 -0.240371949027104 "yes"
"1152" 1275 -1.25786717214731 1.35333249663439 1.3532481244529 -0.40107192792502 -0.354438367310198 -0.56089602659842 -0.262496792620803 0.417417696461118 -0.219310620414569 "yes"
"1153" 1276 -0.299926552368773 1.39338048307872 1.39329216945637 -0.40107192792502 -0.356191190258794 -0.56089602659842 0.633150831064615 -0.237988618971167 -0.404219321073467 "yes"
"1154" 1277 0.0189645030489922 1.4334259163511 1.43333362323675 1.1908307425278 -0.356191190258794 -0.56089602659842 0.434378539297252 -0.58076651259919 -0.529523816409692 "yes"
"1155" 1278 0.22947588192097 1.47346875831057 1.47337244766919 3.18160424690131 -0.356191190258794 -0.56089602659842 0.735595970516799 -0.58076651259919 -0.529159569037813 "yes"
"1156" 1279 0.416984163883467 1.51350897083094 1.51340860464409 2.84334039005026 -0.356191190258794 -0.56089602659842 0.721079675170358 -0.58076651259919 -0.529665333870938 "yes"
"1157" 1280 1.23365790811143 1.55354651580128 1.55344205606741 0.964899107188996 -0.356191190258794 -0.56089602659842 0.714290485092067 -0.58076651259919 -0.531629840473312 "yes"
"1158" 1281 1.74781230289708 1.67364276453551 1.67352579631971 -0.40107192792502 -0.356191190258794 -0.56089602659842 0.482333543548167 -0.58076651259919 -0.236827531258845 "yes"
"1159" 1282 0.563271831581044 1.71366925850754 1.71354804490876 -0.40107192792502 -0.317538341630891 1.25097739287402 -0.272173078840726 0.860138770991642 0.00533956539674783 "yes"
"1160" 1283 0.544088310896151 1.75369289460986 1.75356739771295 -0.40107192792502 -0.327909164244199 0.922332933565229 0.199913231430586 0.163375441913928 -0.27827883204158 "yes"
"1161" 1284 0.773720839197881 1.79371363482693 1.79358381673491 -0.40107192792502 -0.339605095916224 0.395686781236651 0.487824593032288 -0.427628623012664 -0.483304044101847 "yes"
"1162" 1285 0.924537369483564 1.83373144116005 1.83359726399386 -0.40107192792502 -0.356191190258794 3.4934106826695 -0.241111517094684 -0.58076651259919 -0.508657834422907 "yes"
"1163" 1286 1.12965563515725 1.87374627562714 1.8736077015263 -0.40107192792502 -0.356191190258794 -0.356337819208314 0.708973879134242 -0.58076651259919 -0.519382488932449 "yes"
"1164" 1287 1.79775499422764 -1.29356864632002 -1.2934609420215 -0.40107192792502 -0.356191190258794 -0.551694579963031 0.464126830732801 -0.58076651259919 -0.513051487842138 "yes"
"1165" 1288 0.99473361747244 -1.25342034095745 -1.2533140423747 -0.40107192792502 -0.322382175444759 -0.219925208612941 0.354014465998289 -0.497259585792 -0.490383303161573 "yes"
"1166" 1289 0.67169579452154 -1.21327204947591 -1.21316719531507 -0.40107192792502 -0.328058233724165 -0.288799888017755 0.6053527485703 -0.403630273073482 -0.33674550351965 "yes"
"1167" 1290 0.39650924265281 -1.17312381058336 -1.17302043954906 -0.40107192792502 -0.17959441195126 0.303868037684766 0.226572711579747 0.537786219505191 -0.0912634113871284 "yes"
"1168" 1291 0.278996238891518 -1.1329756629876 -1.1328738137823 -0.40107192792502 -0.24438132214255 0.35607202831989 0.332526570867552 0.668173029918453 -0.00472081941689009 "yes"
"1169" 1292 0.414463760436593 -1.0928276453956 -1.09272735672001 -0.40107192792502 -0.231635749502047 0.161207826528318 0.243019454304158 0.134692199492376 0.0506149212502622 "yes"
"1170" 1293 1.0409134842055 -1.05267979651391 -1.05258110706625 -0.40107192792502 -0.356191190258794 -0.184628564321159 0.669547916451654 -0.0820988398732216 -0.094168074303476 "yes"
"1171" 1294 1.69461654468958 -0.972384759701791 -0.972289384794108 -0.40107192792502 -0.356191190258794 -0.56089602659842 0.804715552902809 -0.58076651259919 -0.533219978204074 "yes"
"1172" 1295 0.924777822900894 -0.932237649178333 -0.932143989576933 -0.40107192792502 -0.356096557916362 -0.555447333561384 0.80337401857749 -0.58076651259919 0.17186197552498 "yes"
"1173" 1296 -0.00535738031151673 -0.892090862178575 -0.89199895657024 -0.40107192792502 -0.348076153566561 -0.240013390147371 0.671168377439901 -0.531081455672323 0.633260477565482 "yes"
"1174" 1297 -0.166874052046695 -0.851944437401856 -0.851854324469748 -0.40107192792502 -0.307977339985395 1.54769439463285 0.102809205270187 1.36907949947337 0.129463921912392 "yes"
"1175" 1298 0.53650974666028 -0.811798413545236 -0.811710131968965 -0.40107192792502 -0.356191190258794 0.36399888698689 0.585525125363835 -0.0142497427405794 -0.107141223424441 "yes"
"1176" 1299 1.09460692792302 -0.771652829303567 -0.771566417758753 -0.40107192792502 -0.356191190258794 -0.543797541371051 0.800685469202654 -0.58076651259919 -0.0528474668188584 "yes"
"1177" 1300 0.156353499187768 -0.73150772336905 -0.731423220527358 -0.40107192792502 -0.279232773200208 0.38251589788227 0.300559503808109 0.153839025579761 0.170127881501028 "yes"
"1178" 1301 -0.143694086560957 -0.691363134431273 -0.691280578959726 -0.40107192792502 -0.356191190258794 -0.116496700368735 0.618361654266285 0.0541563677292135 0.921502753667891 "yes"
"1179" 1302 0.262492588714136 -0.651219101176523 -0.651138531737845 -0.40107192792502 -0.356191190258794 -0.455229111494495 0.779809645948682 -0.58076651259919 0.921502753667891 "yes"
"1180" 1303 -0.489047054368767 -0.611075662288129 -0.610997117540118 -0.40107192792502 -0.356191190258794 -0.0625736497895466 -0.0329977157936329 -0.486542912732059 -0.0530630074786561 "yes"
"1181" 1304 0.248079237084296 -0.570932856445836 -0.570856375041351 -0.40107192792502 -0.356191190258794 -0.493081141715383 0.629913182077552 -0.58076651259919 -0.30493224840982 "yes"
"1182" 1305 1.553734164656 -0.530790722325788 -0.530716342912453 -0.40107192792502 -0.356191190258794 -0.56089602659842 0.804715742981594 -0.58076651259919 -0.367899554514111 "yes"
"1183" 1306 0.978512520311884 -0.490649298600238 -0.490577059819993 -0.40107192792502 -0.356191190258794 -0.56089602659842 0.804715760253254 -0.58076651259919 -0.443983062435454 "yes"
"1184" 1307 1.03560694268456 -0.450508623937093 -0.450438564426363 -0.40107192792502 -0.356191190258794 -0.56089602659842 0.804715777522136 -0.58076651259919 -0.49470539829735 "yes"
"1185" 1308 0.193969663275634 -0.410368737000087 -0.410300895389538 -0.40107192792502 -0.356191190258794 -0.547652031611316 0.735972534993198 -0.58076651259919 -0.494018952819558 "yes"
"1186" 1309 -0.86301184793452 -0.370229676448534 -0.37016409136235 -0.40107192792502 -0.127957415044277 1.24535835712085 -1.36475488273657 -0.58076651259919 0.0606986798406655 "yes"
"1187" 1310 -0.863412190524331 -0.330091480936607 -0.330028190992809 -0.40107192792502 0.056676121618834 1.0890198768188 -0.969697123618942 -0.58076651259919 2.99434614853045 "yes"
"1188" 1311 -0.932107216622167 -0.289954189113656 -0.289893232923661 -0.40107192792502 -0.124192516604241 1.33381148087692 -0.37279570193922 0.94654354693052 2.36989797912156 "yes"
"1189" 1312 -1.25105624044565 -0.249817839623765 -0.249759255792187 -0.40107192792502 0.107993273265122 0.0305975564269582 -0.100980578748375 0.292202291473333 0.0279298358559208 "yes"
"1190" 1313 -0.687356387854282 -0.209682471105557 -0.20962629822997 -0.40107192792502 -0.211092899201379 0.116356541877421 0.526533150477826 0.544994350795398 0.114499397472756 "yes"
"1191" 1314 -0.857573284133287 -0.169548122191952 -0.169494398862454 -0.40107192792502 -0.100868229539113 -0.255075035312132 0.531446057177816 0.310239918634072 0.0069974329246709 "yes"
"1192" 1315 -0.945179377567574 -0.129414831509734 -0.129363596309314 -0.40107192792502 0.303018831610034 -0.177063162248616 0.00322311386046539 -0.446674917996234 -0.192955477801988 "yes"
"1193" 1316 -0.66988074401137 -0.0892826376799181 -0.0892339291836755 -0.40107192792502 -0.202680803960894 0.256116178439271 0.436033852673598 -0.461437616164853 -0.272518769998499 "yes"
"1194" 1317 -0.742603524806835 -0.0491515793169662 -0.0491054360919285 -0.40107192792502 -0.356191190258794 0.0985626740479579 0.59841209687404 -0.58076651259919 -0.329701935966093 "yes"
"1195" 1318 -0.636414736793277 -0.00902169502860833 -0.00897815563386685 -0.40107192792502 -0.346582285926911 -0.0322875079139996 0.599447341903944 -0.58076651259919 -0.0152887604188177 "yes"
"1196" 1319 -0.608459193380618 0.031106976584024 0.0311478735977739 -0.40107192792502 -0.00896982799938652 0.864329696587754 0.130567260910757 0.479875290331733 0.944819599158639 "yes"
"1197" 1320 -0.532635262290575 0.0712343969268572 0.0712726130177423 -0.40107192792502 0.0213091410371894 2.50585605159289 -0.398564389985923 0.70938077105355 0.663403591077568 "yes"
"1198" 1321 -0.107528361170785 0.111360527413302 0.11139602404789 -0.40107192792502 -0.185021326831566 0.462469972765912 0.296086957922984 -0.58076651259919 -0.311029066654639 "yes"
"1199" 1322 0.111761046805055 0.151485329463873 0.151518068118214 -0.40107192792502 -0.356191190258794 -0.522383275142072 0.795638452128769 -0.58076651259919 -0.415968627691091 "yes"
"1200" 1323 -0.207648220891748 0.191608764507229 0.191638706666286 -0.40107192792502 -0.356191190258794 -0.56089602659842 0.804716053630138 -0.58076651259919 -0.480129604953546 "yes"
"1201" 1324 -0.981323735458922 0.231730793979607 0.231757901138048 -0.40107192792502 -0.0445663430754003 -0.455667449080563 0.411329976117044 0.150207933240109 -0.367865718230006 "yes"
"1202" 1325 -1.11150944494605 0.27185137932561 0.271875612987656 -0.40107192792502 -0.328239453171691 -0.528008196783606 0.298285364795213 -0.58076651259919 -0.327614031149846 "yes"
"1203" 1326 -1.0358729116485 0.31197048199806 0.311991803678097 -0.40107192792502 -0.356191190258794 -0.429373567768705 0.751104168927659 0.131738508405841 -0.427811543141513 "yes"
"1204" 1327 -1.16972321936564 0.352088063458605 0.352106434680907 -0.40107192792502 -0.117724247142653 -0.178968027066388 0.48725752580298 0.0534814431367809 -0.443143436469063 "yes"
"1205" 1328 -1.28538566440119 0.392204085177447 0.392219467476835 0.247137765314548 0.706861589618284 -0.0952004833102551 -0.196446848826698 0.020440218959807 -0.362467295424321 "yes"
"1206" 1329 -1.44298833220869 0.432318508634 0.432330863555808 2.37034360817129 1.53262403150401 -0.394703209891424 -0.915052714612345 0.472585203806908 -0.143672041056614 "yes"
"1207" 1330 -1.58058859647793 0.472431295316855 0.472440584417392 1.86695565220765 4.68299294557768 -0.44749350437303 -2.89189990817124 0.702012099349537 0.582408348325542 "yes"
"1208" 1331 -1.65345391278575 0.512542406724245 0.512548591570759 0.452007478267918 5.58413866388482 -0.56089602659842 -3.39262011451997 -0.58076651259919 0.828780493836053 "yes"
"1209" 1332 -1.6725852260439 0.552651804364005 0.552654846534886 -0.40107192792502 5.01967299264518 -0.56089602659842 -3.40463480882816 0.520453188455746 1.13808238206143 "yes"
"1210" 1333 -1.6847952117333 0.592759449753779 0.592759310839107 1.18183476769767 1.37977809860563 -0.506063498662577 -1.46092316079095 -0.58076651259919 0.1538650830189 "yes"
"1211" 1334 -1.68745034824659 0.632865304421568 0.63286194602308 3.18160396296222 -0.356191190258794 -0.56089602659842 -0.230707493243191 -0.58076651259919 -0.307805154590506 "yes"
"1212" 1335 -1.68870227884745 0.672969329905696 0.672962713636977 0.728584501390121 1.96604050045007 -0.56089602659842 -2.63542383665403 -0.0835913098843888 0.411022719681422 "yes"
"1213" 1336 -1.68894176258161 0.713071487755002 0.713061575241853 -0.40107192792502 5.88032174910309 -0.56089602659842 -3.14677040262691 -0.205574481723298 0.687487764124884 "yes"
"1214" 1340 -1.61758654099023 1.07390052593073 1.07385922249243 -0.40107192792502 2.60253083225151 -0.56089602659842 -2.24985436021099 0.251073725099818 -0.100905304392001 "yes"
"1215" 1341 -1.60347626408903 1.11398189511053 1.11393691240247 -0.40107192792502 1.03366063967015 -0.56089602659842 -1.83409199720134 -0.288632906736435 -0.230106145778626 "yes"
"1216" 1342 -1.58074706124071 1.15406097445592 1.154012274252 -0.40107192792502 3.326995625379 -0.56089602659842 -2.53297503175285 0.140009891956075 0.417683849409145 "yes"
"1217" 1343 -1.56632972860592 1.19413772566007 1.19408526974908 -0.40107192792502 4.68980805243045 -0.56089602659842 -3.6308524903713 5.29507149473349 3.48812621735414 "yes"
"1218" 1344 -1.53497662499269 1.23421211042974 1.23415586061546 -0.40107192792502 3.70691868834277 -0.56089602659842 -2.96302499806896 1.31115334450616 1.63321074616231 "yes"
"1219" 1345 -1.34905701896891 1.27428409048534 1.27422400858671 -0.40107192792502 0.895375600419865 -0.56089602659842 -0.740928824255054 -0.0629782177851588 -0.0555637368054671 "yes"
"1220" 1346 -0.888468546023404 1.31435362756113 1.31428967541252 -0.40107192792502 -0.29050449487591 -0.56089602659842 0.41973179390005 1.05760125910313 -0.368005944286606 "yes"
"1221" 1347 -0.222936503365211 1.35442068340546 1.35435282285695 -0.344972145023423 -0.356191190258794 -0.56089602659842 0.62516292275402 2.08395814509273 -0.444967468318509 "yes"
"1222" 1348 -0.60749969743444 1.39448521978106 1.39441341269861 1.08692395061528 -0.356191190258794 -0.56089602659842 0.409318263718744 0.875655607302635 -0.4763098870328 "yes"
"1223" 1349 -0.522810635299971 1.43454719846522 1.43447140673085 1.91452808482587 -0.356191190258794 -0.496424011554506 0.264446501523603 -0.58076651259919 -0.510113565751751 "yes"
"1224" 1350 -0.147641068598073 1.47460658124997 1.47452676676204 0.837251834864088 -0.356191190258794 -0.56089602659842 0.707955922372733 -0.58076651259919 -0.529204447964227 "yes"
"1225" 1351 0.611056736803577 1.51466332994235 1.51457945461568 -0.0725604912857372 -0.356191190258794 -0.56089602659842 0.777159116797529 -0.58076651259919 -0.529204447964227 "yes"
"1226" 1352 1.45251254154444 1.55471740636455 1.55462943213079 -0.40107192792502 -0.356191190258794 -0.56089602659842 0.804368686038729 -0.58076651259919 -0.479928678797002 "yes"
"1227" 1353 1.14920150095945 1.59476877235425 1.59467666116192 -0.40107192792502 -0.356191190258794 -0.56089602659842 0.800038622396616 -0.58076651259919 -0.530205913804266 "yes"
"1228" 1354 1.59276691477682 1.63481738976468 1.63472110357956 -0.40107192792502 -0.356191190258794 -0.205677661165194 0.353708106286517 -0.58076651259919 -0.485196478693865 "yes"
"1229" 1355 1.32665732175652 1.67486322046502 1.67476272127018 -0.40107192792502 -0.356191190258794 1.89100464919483 -0.28677557327571 0.0537852361648307 -0.134339060823047 "yes"
"1230" 1356 0.20587469723781 1.71490622634041 1.71480147613656 -0.40107192792502 -0.28866621453768 3.19719343808134 -0.985898592649828 1.45245366250983 0.133370260762289 "yes"
"1231" 1357 1.30264728247671 1.7549463692923 1.75483733009802 -0.40107192792502 -0.355768462137458 1.56456655819154 -0.071536326029703 -0.220707531504022 -0.216874805697584 "yes"
"1232" 1358 0.863438297657874 1.7949836112387 1.79487024509057 -0.40107192792502 -0.293290178451661 3.26959720386048 -0.383479143612348 -0.0444974776163474 -0.450026752406751 "yes"
"1233" 1359 0.674804465886985 1.83501791411432 1.83490018306716 -0.40107192792502 -0.356191190258794 3.67435943929555 -0.507159991289474 -0.127823882309582 -0.500980587199409 "yes"
"1234" 1360 1.45670508688502 -1.17308433479826 -1.17296422903913 -0.40107192792502 -0.356191190258794 -0.56089602659842 0.719931393511736 -0.58076651259919 -0.179022908117906 "yes"
"1235" 1361 1.00301131203206 -1.13291945052894 -1.13280086741047 -0.40107192792502 -0.356191190258794 -0.335914559090329 0.736523223422781 0.166065550864049 0.0867593820685856 "yes"
"1236" 1362 1.52485153902556 -1.09275469649482 -1.09263767478647 -0.40107192792502 -0.356191190258794 -0.548085327642914 0.801695202880586 -0.260873590478243 0.0999366612871817 "yes"
"1237" 1363 1.08007830734338 -1.01242573423244 -1.01231195164299 -0.40107192792502 -0.356191190258794 -0.56089602659842 0.804715530830206 -0.58076651259919 -0.423755155055384 "yes"
"1238" 1364 0.902953972029874 -0.972261603551514 -0.972149498665574 -0.40107192792502 -0.356191190258794 -0.56089602659842 0.80471554811018 -0.58076651259919 -0.489230907193278 "yes"
"1239" 1365 0.354856818398706 -0.93209775820015 -0.931987369776415 -0.40107192792502 -0.317928409076605 -0.469600729483346 0.743830658639599 -0.394543808943387 0.241523463587016 "yes"
"1240" 1366 -0.503450048899774 -0.891934236948275 -0.891825603742367 -0.40107192792502 -0.111091352020003 0.643525146433681 0.00480681438834321 1.05333060270581 0.809306171872148 "yes"
"1241" 1367 -0.604704158183439 -0.851771078564092 -0.851664239327899 -0.40107192792502 -0.322178736433327 0.664800580418927 -0.0832161180171451 0.303301997459908 0.255124083078421 "yes"
"1242" 1368 -0.372444985720616 -0.811608321813412 -0.81150331529546 -0.40107192792502 -0.356191190258794 -0.108950596959661 0.39338511815257 0.304295229527415 -0.04119424304881 "yes"
"1243" 1369 -0.0730584892328922 -0.771446005460028 -0.771342870404784 -0.40107192792502 -0.356191190258794 -0.503265418459709 0.760827598231491 -0.58076651259919 -0.129070914331921 "yes"
"1244" 1370 -0.193769588160773 -0.731284168265019 -0.731182943412776 -0.40107192792502 -0.356191190258794 -0.199112174755914 0.605195684457321 -0.366256367200204 0.0871396255093922 "yes"
"1245" 1371 -0.624481756814427 -0.691122848986632 -0.691023573073347 -0.40107192792502 0.0151924806805408 1.17084148944414 -0.392999599197882 1.05851992825414 1.26107313447032 "yes"
"1246" 1372 -0.446714982445251 -0.650962086380123 -0.650864798137152 -0.40107192792502 -0.350927518126864 1.05834399819329 0.0878398594865894 0.1882941879385 0.861494309387941 "yes"
"1247" 1373 -0.189024467197088 -0.610801919197489 -0.610706657351627 -0.40107192792502 -0.356191190258794 -0.283103347194118 -0.39129772459056 -0.576804457562289 -0.23284734560389 "yes"
"1248" 1374 1.19924585908058 -0.570642386187511 -0.570549189460089 -0.40107192792502 -0.356191190258794 -0.503239104824147 0.715741977033047 -0.58076651259919 -0.350358948113044 "yes"
"1249" 1375 0.797728555047924 -0.530483526094848 -0.530392433202233 -0.40107192792502 -0.356191190258794 -0.453349935196155 0.76629314715629 -0.58076651259919 -0.470614260780812 "yes"
"1250" 1376 0.318041269662032 -0.490325377660538 -0.490236427313565 -0.40107192792502 -0.356191190258794 -0.514348106544928 0.781748810366268 -0.58076651259919 -0.401714639010433 "yes"
"1251" 1377 0.141651961714619 -0.45016797962143 -0.450081210525173 -0.40107192792502 -0.356191190258794 -0.533398341601985 0.787320487209101 -0.58076651259919 -0.367734920359755 "yes"
"1252" 1378 0.104086109139556 -0.410011370709956 -0.409926821563555 -0.40107192792502 -0.356191190258794 -0.56089602659842 0.804715789894997 -0.58076651259919 -0.283555559247919 "yes"
"1253" 1379 -0.420391930640489 -0.369855589653954 -0.369773299150484 -0.40107192792502 -0.314006414277656 0.148039219189127 0.504170822542123 -0.486229773094773 0.542001113239366 "yes"
"1254" 1380 -1.20860508856166 -0.329700675176542 -0.329620682002583 -0.40107192792502 0.412081709155859 0.359582886846338 -1.16228580571025 2.90256269724042 4.24677069391023 "yes"
"1255" 1381 -1.07501840225008 -0.289546665995685 -0.289469008831283 -0.40107192792502 0.2829022626001 0.0966641354494873 -0.144718816657578 0.454327255224873 4.24677069391023 "yes"
"1256" 1382 -0.900961456886393 -0.249393600824153 -0.24931831834241 -0.40107192792502 0.310679920967172 -0.103476718940104 0.279248056477833 -0.58076651259919 0.473575662133495 "yes"
"1257" 1383 0.0599433970746968 -0.209241518369118 -0.209168649236162 -0.40107192792502 -0.354627005638003 -0.523643885514732 0.794988695524609 -0.556663991669031 0.256235395259867 "yes"
"1258" 1384 -0.479253803618262 -0.169090457332118 -0.169020040206834 -0.40107192792502 0.0500400335718166 -0.0567114320638625 0.440005481796585 0.686193189096933 0.201900345055453 "yes"
"1259" 1385 -0.840001705184501 -0.128940456408788 -0.12887252994248 -0.40107192792502 0.129303661952435 0.292503249086509 0.26148772092219 1.1000386747093 0.00503815831806519 "yes"
"1260" 1386 -0.901984573591343 -0.0887915542885251 -0.0887261571247488 -0.40107192792502 0.604905115910662 0.87408835209331 -0.308441993723317 0.978927320245125 -0.110134653237961 "yes"
"1261" 1387 -0.710299870085928 -0.0486437896543192 -0.0485809604288378 -0.40107192792502 0.0684214996335925 3.34129839254918 -0.511125027725881 -0.543011517786243 -0.0366796714307396 "yes"
"1262" 1388 -0.584203602566195 -0.0084972011827076 -0.00843697852287419 -0.40107192792502 -0.259536903091349 1.40067207721403 0.210997977078874 -0.58076651259919 0.270057400230031 "yes"
"1263" 1389 -0.854722469797484 0.0316481724568416 0.0317057499319151 -0.40107192792502 0.91050734166578 0.595775950730562 -0.699980179529163 1.14612719128975 1.73424812598826 "yes"
"1264" 1390 -0.649713281500703 0.0717922926017612 0.0718471862817427 -0.40107192792502 -0.180589070617077 2.83204119848089 -0.373815419150002 -0.396000789816162 1.2496740062822 "yes"
"1265" 1391 -0.0462095982468688 0.111935120596924 0.111987291880114 -0.40107192792502 0.247274411776092 1.67692175811264 -0.166560653925243 -0.58076651259919 -0.429767067099071 "yes"
"1266" 1392 -0.268547970359676 0.152076617794495 0.152126028088379 -0.40107192792502 -0.22264894095488 2.10930140124541 0.0170339235636888 -0.58076651259919 -0.445924268136084 "yes"
"1267" 1393 -0.290393510934093 0.192216745554485 0.192263356275989 -0.40107192792502 -0.356191190258794 -0.214792705565695 0.675173564295144 -0.58076651259919 -0.498478818912938 "yes"
"1268" 1394 -0.716133755891493 0.232355465245005 0.232399237820247 -0.40107192792502 -0.124038082770447 -0.0472830402022867 0.379134307447919 0.24643589858821 -0.327759610785468 "yes"
"1269" 1395 -1.04447800764403 0.272492738242021 0.272533634107267 -0.40107192792502 0.0356394347392783 -0.527645761223237 0.308335157003362 0.36726178286498 -0.266896561735468 "yes"
"1270" 1396 -0.666863143299554 0.312628525930308 0.312666506531422 -0.40107192792502 -0.272576975489541 -0.188926043895848 0.637465696642331 -0.437373168265701 -0.365146924799777 "yes"
"1271" 1397 -0.648560422008242 0.352762789702899 0.352797816496239 -0.40107192792502 -0.244958289355813 -0.55092930070965 0.664351636746671 -0.58076651259919 -0.409524205226575 "yes"
"1272" 1398 -0.936406832218267 0.392895490961983 0.392927525414043 -0.40107192792502 -0.356191190258794 -0.502791512874205 0.672314257358514 -0.58076651259919 -0.288658621880511 "yes"
"1273" 1399 -1.26408608536398 0.433026591118549 0.433055594706685 0.947105247971898 -0.356191190258794 -0.56089602659842 0.604961369966885 -0.58076651259919 -0.138908743037011 "yes"
"1274" 1400 -1.52523715913081 0.47315605159311 0.473181985805341 0.971475125277385 2.83209939750067 -0.477265276599599 -1.88667814678815 0.014294289544093 0.295059114396439 "yes"
"1275" 1401 -1.63503228911262 0.513283833815504 0.513306660151129 -0.40107192792502 5.85955344775657 -0.56089602659842 -3.62959932756235 -0.529201900079904 0.320882693061161 "yes"
"1276" 1402 -1.66603406263085 0.553409899225512 0.553429579195062 -0.40107192792502 5.065252609509 -0.56089602659842 -3.04598215908211 0.955661976935258 0.356542670352271 "yes"
"1277" 1403 -1.6734497901121 0.593534209272812 0.593550704398219 1.15253859645967 -0.287673623060988 -0.560158968579931 -0.858655254654487 -0.58076651259919 -0.187167372567979 "yes"
"1278" 1404 -1.68149482132028 0.633656725417146 0.633669997232215 3.18160395902508 -0.356191190258794 -0.56089602659842 -0.560514044881687 -0.58076651259919 -0.371600043424171 "yes"
"1279" 1405 -1.67736204911367 0.673777409128794 0.673787419179236 0.849668732078599 0.632668743249887 -0.538980057187631 -1.7561797604113 0.00837099879580866 0.0574894901665331 "yes"
"1280" 1406 -1.67464218478643 0.713896221888605 0.71390293173243 -0.40107192792502 2.10288486893023 -0.56089602659842 -1.2721639650085 -0.58076651259919 0.192182290564517 "yes"
"1281" 1407 -1.66972770713294 0.754013125188393 0.754016496395939 -0.40107192792502 1.45804688864049 -0.56089602659842 -1.74562517155495 0.507083733448384 -0.290887293339223 "yes"
"1282" 1408 -1.66800075519046 0.794128080530966 0.794128074685186 -0.40107192792502 -0.0384688054690197 -0.424825194105187 -2.2986614509103 -0.579893668629391 -0.221119641030139 "yes"
"1283" 1409 -1.65989532722448 0.834241049430412 0.834237628127125 -0.40107192792502 0.164953650821306 -0.56089602659842 -1.6418181597192 -0.58076651259919 0.228479531570492 "yes"
"1284" 1410 -1.65287274111578 0.874351993412352 0.874345118260394 -0.40107192792502 3.55616850214009 -0.56089602659842 -3.05640841353628 0.0895903016250104 1.27251636736552 "yes"
"1285" 1411 -1.65586188843159 0.91446087401409 0.914450506635792 -0.40107192792502 4.30169876417796 -0.56089602659842 -3.47945807870175 0.391776640674095 2.31240188743236 "yes"
"1286" 1412 -1.64235910533889 0.954567652785092 0.954553754816047 -0.40107192792502 3.30000549177938 -0.56089602659842 -3.11906255195691 0.115640274468438 1.01146850411848 "yes"
"1287" 1413 -1.61489988261429 0.994672291286753 0.994654824376575 -0.40107192792502 4.62563653243648 -0.56089602659842 -3.78329576760428 -0.58076651259919 0.115699508259343 "yes"
"1288" 1414 -1.57859268639395 1.03477475109316 1.03475367690506 -0.40107192792502 2.1104488553425 -0.56089602659842 -2.92582281613369 -0.0390938203301424 -0.290690017840405 "yes"
"1289" 1415 -1.56464384681104 1.07487499379066 1.07485027400229 -0.40107192792502 0.576901030801567 -0.56089602659842 -0.419283739994069 -0.04766250954308 -0.375894933523374 "yes"
"1290" 1416 -1.54344639428028 1.11497298097871 1.11494457728198 -0.40107192792502 -0.161694594394529 -0.56089602659842 -0.589661718294428 -0.58076651259919 -0.429459728320512 "yes"
"1291" 1417 -1.52924526431816 1.1550686742697 1.15503654837129 -0.40107192792502 0.334229665891629 -0.56089602659842 -1.16987759359734 -0.58076651259919 -0.21477255106989 "yes"
"1292" 1418 -1.48281949141623 1.19516203528945 1.19512614891077 -0.40107192792502 4.49998790778796 -0.56089602659842 -2.89294840686035 -0.223690062809867 0.699117608601424 "yes"
"1293" 1419 -1.41160371269852 1.2352530256772 1.2352133405547 -0.40107192792502 5.13707510736095 -0.56089602659842 -3.27890398870628 0.327542166904396 -0.0888787354950304 "yes"
"1294" 1420 -0.915514234179019 1.27534160708588 1.27529808497124 -0.40107192792502 0.99388772839098 -0.56089602659842 -0.186789972491018 -0.58076651259919 -0.224042617058129 "yes"
"1295" 1421 0.109556209498586 1.31542774118233 1.31538034384278 -0.0129744227676126 -0.356191190258794 -0.56089602659842 0.691220193774616 -0.58076651259919 -0.41790188942453 "yes"
"1296" 1422 0.45871282485797 1.35551138964761 1.35546007886616 1.9879279132893 -0.356191190258794 -0.56089602659842 0.766897149798959 -0.58076651259919 -0.50063549094937 "yes"
"1297" 1423 -0.76805970611305 1.39559251417723 1.39553725175272 0.626229833527596 -0.356191190258794 -0.204041910395861 0.0854579979274317 2.11070553843446 -0.453246702026048 "yes"
"1298" 1424 0.269268673415169 1.4356710764812 1.43561182422862 -0.400307541774069 -0.356191190258794 -0.452939848484098 0.711465357517685 -0.58076651259919 -0.455562961203965 "yes"
"1299" 1425 1.25450039549268 1.47574703828436 1.47568375803502 -0.40107192792502 -0.356191190258794 -0.56089602659842 0.784682134444923 -0.58076651259919 -0.519583903292515 "yes"
"1300" 1426 1.55750342576074 1.51582036132655 1.51575301492841 -0.40107192792502 -0.356191190258794 -0.56089602659842 0.752003449977172 -0.58076651259919 -0.494592397115305 "yes"
"1301" 1427 1.55563851507013 1.55589100736291 1.55581955668085 -0.40107192792502 -0.356191190258794 -0.253999378674817 0.681483619015632 -0.58076651259919 -0.330647956670749 "yes"
"1302" 1428 -0.0433841073080004 1.5959589381642 1.59588334507974 -0.40107192792502 -0.356191190258794 1.80387681658671 -0.104793734959934 -0.143991332573521 -0.330741640563105 "yes"
"1303" 1429 -0.0437364691376162 1.63602411551648 1.63594434192882 -0.40107192792502 -0.317235173435298 4.07991687747479 -1.02281761446852 1.55942589887806 -0.337335035730792 "yes"
"1304" 1430 0.252732836255645 1.67608650122218 1.67600250904757 -0.40107192792502 -0.29680158313575 7.15493333308532 -1.41097161913878 1.05711810961335 -0.275510795775972 "yes"
"1305" 1431 0.826274776605911 1.71614605709944 1.71605780827207 -0.40107192792502 -0.356191190258794 3.44170351658932 -0.251769438942807 0.256655024429586 -0.235233329806927 "yes"
"1306" 1432 0.588867175889019 1.83630736419067 1.83620611718927 -0.40107192792502 -0.356191190258794 1.67052596370662 -0.420104829856622 0.0225248509836538 -0.517890151549559 "yes"
"1307" 1433 1.57045102520529 -1.0926815785833 -1.09254778507503 -0.40107192792502 -0.356191190258794 -0.56089602659842 0.804715491490942 0.210445365879042 -0.256491244656955 "yes"
"1308" 1434 1.09776662634649 -1.05250021864345 -1.0523680262643 -0.40107192792502 -0.356191190258794 -0.56089602659842 0.804715508770564 0.336666591112613 0.141158683185258 "yes"
"1309" 1435 0.547522707261322 -1.0123190668588 -1.01218851444232 -0.40107192792502 -0.356191190258794 -0.490784859510755 0.788190089605659 -0.58076651259919 -0.0117053838620681 "yes"
"1310" 1436 -0.155928678532878 -0.972138162071454 -0.972009288448485 -0.40107192792502 -0.356191190258794 0.032463167638853 0.612400582333958 0.380984037137013 -0.313274617645426 "yes"
"1311" 1437 -0.408202755130134 -0.931957543122176 -0.931830387120572 -0.40107192792502 -0.336701105140599 0.294757919318057 0.518934012782705 0.384648863454376 -0.172127848270701 "yes"
"1312" 1438 0.795863868232624 -0.891777248850071 -0.891651849294431 -0.40107192792502 -0.356191190258794 -0.414418033416188 0.770190225244955 -0.531781890497706 -0.0243163923556172 "yes"
"1313" 1439 0.49352625448997 -0.851597318092341 -0.851473713803718 -0.40107192792502 -0.356191190258794 -0.528449736258784 0.79706789604464 -0.58076651259919 -0.187151642215726 "yes"
"1314" 1440 0.0553279762691951 -0.811417789683987 -0.811296019479878 -0.40107192792502 -0.356191190258794 -0.328260990488558 0.741018104776063 -0.58076651259919 -0.280323409605172 "yes"
"1315" 1441 -0.459457398517952 -0.771238702457801 -0.771118805151663 -0.40107192792502 -0.356191190258794 -0.0190389337241099 0.559330438034844 -0.342628747333257 -0.405086384469968 "yes"
"1316" 1442 0.159434690843982 -0.731060095243881 -0.730942109644999 -0.40107192792502 -0.356191190258794 -0.477807630411162 0.772769605725873 -0.58076651259919 -0.258443918932427 "yes"
"1317" 1443 0.657153738377082 -0.690882006869498 -0.690765971783014 -0.40107192792502 -0.356191190258794 -0.252502518604018 0.484420561904517 -0.422234687855269 0.171890393154304 "yes"
"1318" 1444 0.0659477585145844 -0.650704476159127 -0.650590430385396 -0.40107192792502 -0.356191190258794 -0.314301667082732 0.568987231993318 -0.58076651259919 0.00443140437504157 "yes"
"1319" 1445 0.704784266892655 -0.610527541933802 -0.610415524268339 -0.40107192792502 -0.356191190258794 -0.365888678876428 0.602444787409527 -0.58076651259919 -0.533219978204074 "yes"
"1320" 1446 0.642201780471053 -0.570351243011062 -0.57024129224435 -0.40107192792502 -0.332148529900328 -0.358187502499757 0.502373911768921 -0.58076651259919 -0.415310961092161 "yes"
"1321" 1447 -0.076061332973198 -0.530175618204759 -0.530067773122116 -0.40107192792502 -0.356191190258794 0.1439212618273 -0.345164033387902 -0.58076651259919 -0.39004090894855 "yes"
"1322" 1448 -0.324318953114171 -0.490000706324927 -0.489895005706087 -0.40107192792502 -0.320876578017559 0.114832325141529 0.447102144999704 -0.58076651259919 0.0552645368883033 "yes"
"1323" 1449 -0.536764678809723 -0.449826546177361 -0.449723028796345 -0.40107192792502 -0.350358659910792 1.90524251627789 -0.956346094334688 0.415935170339653 0.247927575473623 "yes"
"1324" 1450 -0.639392559705948 -0.409653176563487 -0.409551881188317 -0.40107192792502 -0.307291709155191 -0.152001662043435 -0.173316594637895 0.245692823837894 0.505884037846346 "yes"
"1325" 1451 -0.95377881641435 -0.369480636280078 -0.369381601672649 -0.40107192792502 -0.10467377615717 0.407778562203952 -0.60527599149295 1.52599974782324 0.329570208142455 "yes"
"1326" 1452 -0.705098798379294 -0.329308964119124 -0.329212229034883 -0.40107192792502 -0.299360009230031 -0.255871217439697 0.428364108686445 0.865918887887485 1.15342460431823 "yes"
"1327" 1453 -0.0442471610422247 -0.289138198867513 -0.289043802055376 -0.40107192792502 -0.356191190258794 0.178973700000535 -0.042210018576496 -0.58076651259919 0.947570411328106 "yes"
"1328" 1454 -0.80049704513544 -0.248968379306945 -0.248876359508897 -0.40107192792502 0.191969086784266 0.455034779490205 0.0453847405771707 -0.58076651259919 0.117219904669055 "yes"
"1329" 1455 -0.393118400392152 -0.208799544213534 -0.208709940164403 -0.40107192792502 -0.0738737257302744 -0.115522196720537 0.511496097004127 -0.58076651259919 0.0104336663546537 "yes"
"1330" 1456 0.0090314542174162 -0.168631732357581 -0.168544582785139 -0.40107192792502 -0.332376931075005 -0.442181650813215 0.762320874585776 -0.58076651259919 -0.179661869320951 "yes"
"1331" 1457 -0.62221758626694 -0.128464982503675 -0.128380326127832 -0.40107192792502 -0.0676344206928833 1.630803874549 0.0982533786179262 -0.58076651259919 -0.0348267227435325 "yes"
"1332" 1458 -0.907988519755869 -0.0882993334098859 -0.0882172089429923 -0.40107192792502 0.914349703601155 2.74623047705873 -0.871838228791372 2.41363656934222 0.0264109006352145 "yes"
"1333" 1459 -0.84551133680246 -0.0481348238280681 -0.0480552699745878 -0.40107192792502 0.77783299585859 4.34014692062473 -1.0630831581628 0.238013675980981 -0.0672658686845283 "yes"
"1334" 1460 -0.454919103472171 -0.00797149250353257 -0.00789454795946177 -0.40107192792502 0.0310581023785984 3.84068006111163 -0.638126649191067 0.873715220102237 0.0435190469231177 "yes"
"1335" 1461 -0.464683725140406 0.0321906218255344 0.0322649183724207 -0.40107192792502 0.207497092051744 1.66503471103605 -0.143279477962233 1.27897957765342 0.647247444176887 "yes"
"1336" 1462 -0.771754814135285 0.0723514804278251 0.0724230902984107 -0.40107192792502 0.0729058620830532 2.47446290787549 -0.378760727418916 0.0231626810751383 0.647247444176887 "yes"
"1337" 1463 -0.422317447960169 0.112511044579348 0.112579929103613 -0.40107192792502 -0.217561063590827 0.777768417542713 0.396171392459032 -0.541010772921101 -0.169078496065447 "yes"
"1338" 1464 -0.805606242015512 0.152669275563866 0.152735396080638 -0.40107192792502 -0.341161260693641 2.11716212181575 0.0550256896593268 -0.58076651259919 -0.27092728787112 "yes"
"1339" 1465 -0.370330519475837 0.192826134672647 0.192889452530288 -0.40107192792502 -0.356191190258794 -0.198224865465764 0.719233238414718 -0.58076651259919 -0.405960549429341 "yes"
"1340" 1466 -0.158974525758969 0.232981583205153 0.233042059761277 -0.40107192792502 -0.356191190258794 -0.56089602659842 0.759044970893761 -0.568477492652138 -0.372633350552288 "yes"
"1341" 1467 -0.154427421300059 0.273135582468755 0.273193179091091 -0.40107192792502 -0.356191190258794 -0.56089602659842 0.67702314266763 -0.58076651259919 -0.367324464767429 "yes"
"1342" 1468 0.220268213148226 0.313288093779599 0.313342771845723 -0.40107192792502 -0.356191190258794 -0.56089602659842 0.742085919381281 -0.58076651259919 -0.393694851972857 "yes"
"1343" 1469 0.450379890574429 0.353439078462337 0.353490799360099 -0.40107192792502 -0.356191190258794 -0.56089602659842 0.767953980653913 -0.58076651259919 -0.46291211019347 "yes"
"1344" 1470 0.0329864108982908 0.393588497850553 0.393637222978073 -0.40107192792502 -0.356191190258794 -0.56089602659842 0.78946368165092 -0.58076651259919 -0.385798242371623 "yes"
"1345" 1471 -0.624271729642348 0.433736313286764 0.433782004053041 -0.400971936676466 -0.356191190258794 -0.56089602659842 0.804716146977809 -0.58076651259919 -0.2879950201126 "yes"
"1346" 1472 -1.12198728639026 0.473882486123023 0.473925103947887 1.73162920532838 -0.212683331437614 -0.376278851347883 0.326180402751959 -0.379864883781862 0.14568633252559 "yes"
"1347" 1473 -1.48493369482366 0.514026977720877 0.514066484035194 0.145229882746537 1.42695549434088 -0.492894308258506 -0.841004960098171 0.138764558986349 1.38406671558658 "yes"
"1348" 1474 -1.65070099136709 0.554169749451568 0.554206105697652 -0.40107192792502 5.17979819193979 -0.56089602659842 -3.1991756531468 3.6658729337723 2.5685665345017 "yes"
"1349" 1475 -1.66093300610631 0.594310762696449 0.59434393032822 1.10475281803037 -0.275967078757022 -0.56089602659842 -1.33097993377243 -0.52019890000636 0.6080460209229 "yes"
"1350" 1476 -1.67370637663049 0.634449978847138 0.634479919330065 3.18160395508616 -0.356191190258794 -0.56089602659842 -1.1608418822211 -0.58076651259919 -0.297235415012633 "yes"
"1351" 1477 -1.6636134586217 0.674587359305467 0.674614034117209 0.0545904813450436 2.88789618108327 -0.56089602659842 -1.52049810753381 -0.0526797525750239 0.0287160671471365 "yes"
"1352" 1478 -1.65047870517293 0.714722865484117 0.714746236114586 -0.40107192792502 0.484156331104671 -0.476108380235632 -0.882901794732213 -0.58076651259919 0.108874938139848 "yes"
"1353" 1479 -1.6458624559207 0.754856458806688 0.75487648675821 -0.40107192792502 2.34496873720816 -0.56089602659842 -1.10134522131725 0.0967784896828069 -0.233907360331762 "yes"
"1354" 1480 -1.64777175735341 0.794988100707855 0.795004747495269 -0.40107192792502 0.467838848923828 -0.56089602659842 -1.73572743988016 -0.328281410154223 -0.203391123974427 "yes"
"1355" 1481 -1.64753979384956 0.835117752633469 0.835130979784809 -0.40107192792502 -0.356191190258794 -0.56089602659842 -2.14314234513521 -0.58076651259919 0.0927623261093563 "yes"
"1356" 1482 -1.63993531202718 0.875245376041241 0.875255145097346 -0.40107192792502 4.54295873491062 -0.56089602659842 -2.71869649148445 -0.0804612283817413 0.936172015227813 "yes"
"1357" 1483 -1.63718949453952 0.915370932400352 0.915377204915594 -0.40107192792502 6.27093294335881 -0.56089602659842 -3.23631233671087 -0.265959821702651 1.82024342067754 "yes"
"1358" 1484 -1.60917567439821 0.955494383192178 0.955497120734551 -0.40107192792502 6.78059031570536 -0.56089602659842 -3.59501234871419 0.659731030175357 0.686046789754847 "yes"
"1359" 1485 -1.56748040066404 0.995615689910384 0.995614854061323 -0.40107192792502 7.07396259312842 -0.56089602659842 -3.70544741822634 0.635004145240053 -0.04649663288452 "yes"
"1360" 1486 -1.51779341201522 1.03573481406074 1.0357303664161 -0.40107192792502 4.12338132804829 -0.56089602659842 -3.04388064585521 -0.0923652444009811 -0.277491488254737 "yes"
"1361" 1487 -1.47842755766988 1.07585171716211 1.07584361933174 -0.40107192792502 -0.289348471433337 -0.56089602659842 0.137993607306449 -0.0250272666350475 -0.411022213102246 "yes"
"1362" 1488 -1.43713978609476 1.115966360746 1.11595457435423 -0.40107192792502 -0.355232584924239 -0.56089602659842 -0.561911912535102 -0.58076651259919 -0.474843565570607 "yes"
"1363" 1489 -1.40192358008353 1.15607870635708 1.15606319304275 -0.40107192792502 0.872819968230601 -0.56089602659842 -0.702537916111865 -0.58076651259919 -0.38409624443754 "yes"
"1364" 1490 -1.34265096975096 1.1961887155532 1.19616943697034 -0.40107192792502 0.202426142199379 -0.56089602659842 -1.62113850400799 -0.58076651259919 -0.0734446018480955 "yes"
"1365" 1491 -1.01211299596536 1.23629634990605 1.23627326772358 -0.400283380886858 2.54170109205206 -0.56089602659842 -1.56458823519206 0.111434228350891 -0.181812218817047 "yes"
"1366" 1492 -0.279421681255975 1.2764015710009 1.2763746469031 0.473097069406816 -0.206029652075335 -0.532582442187573 0.529961178593993 -0.58076651259919 -0.311323320064866 "yes"
"1367" 1493 0.16220850299283 1.31650434043702 1.31647353612372 2.18325460876804 -0.356191190258794 -0.56089602659842 0.660364094809123 -0.58076651259919 -0.45361946137859 "yes"
"1368" 1494 -0.438109198888169 1.35660461982794 1.35656989701473 0.164828194854542 -0.356191190258794 -0.440568947516208 0.503969124975629 -0.58076651259919 -0.518806184190945 "yes"
"1369" 1495 -0.136179365557461 1.39670237080158 1.39666369122002 -0.40107192792502 -0.356191190258794 -0.372455632063086 0.494976559248645 -0.198184736625675 -0.451175372303967 "yes"
"1370" 1496 -0.237275639930016 1.43679755500052 1.43675488039832 -0.40107192792502 -0.356191190258794 -0.202626166609679 0.422826043772033 -0.153006252904353 -0.414168064994847 "yes"
"1371" 1497 1.32454402690322 1.47689013408216 1.47684342622354 -0.40107192792502 -0.356191190258794 -0.327616826598327 0.555185627423049 -0.58076651259919 -0.403466462964768 "yes"
"1372" 1498 1.26184744706221 1.51698006971907 1.51692929038488 -0.40107192792502 -0.356191190258794 0.531483555702807 0.490292911576031 -0.58076651259919 -0.37901873063315 "yes"
"1373" 1499 0.110974996042363 1.55706732359914 1.55701243458696 -0.40107192792502 -0.356191190258794 1.27495617509759 0.214975947446714 -0.270870054474459 -0.26614770222264 "yes"
"1374" 1500 0.228012997025273 1.59715185742565 1.59709282055016 -0.40107192792502 -0.356191190258794 0.432813541054888 -0.0261624342868135 0.295384375134414 -0.289752821113622 "yes"
"1375" 1501 1.75129024952287 1.63723363291767 1.63717041001101 -0.40107192792502 -0.356191190258794 1.13846070735442 -0.316222069196978 -0.226567517711092 -0.274748899049227 "yes"
"1376" 1502 0.946451362981854 1.67731261181037 1.67724516472205 -0.40107192792502 -0.356191190258794 1.45625545519169 0.189580480964273 -0.244582481510515 -0.403761697865131 "yes"
"1377" 1503 0.579209639769919 1.8375997966594 1.83751507169687 -0.40107192792502 -0.356191190258794 0.903900442714893 0.288979284110297 -0.0312316868927146 -0.528928724911204 "yes"
"1378" 1504 1.61048847158837 1.87766421915485 1.87757507952835 -0.40107192792502 -0.356191190258794 0.691893430249379 0.10745808352813 -0.58076651259919 -0.528852951440138 "yes"
"1379" 1505 1.21499212293401 -1.13280663467336 -1.13265446735099 -0.40107192792502 -0.356191190258794 -0.56089602659842 0.804715469454649 -0.58076651259919 -0.521227946461838 "yes"
"1380" 1506 0.61655197644263 -1.09260829135986 -1.09245768721546 -0.40107192792502 -0.356191190258794 -0.56089602659842 0.611651130609495 -0.58076651259919 -0.382033405985634 "yes"
"1381" 1507 0.00979387132652353 -1.05241011766031 -1.05226111559949 -0.40107192792502 -0.356191190258794 0.184804082193065 0.529102428027366 0.788794497079408 0.323615636016501 "yes"
"1382" 1508 -0.12974458843723 -1.01221215248755 -1.01206479141316 -0.40107192792502 -0.298272974814663 -0.018612969916802 0.512424938231018 1.4991834410171 0.135241099878949 "yes"
"1383" 1509 -0.149044992409499 -0.972014434753005 -0.971868753565164 -0.40107192792502 -0.356191190258794 -0.232132024024317 0.45058776858619 0.399800141749732 -0.313274617645426 "yes"
"1384" 1510 0.586602007082698 -0.931817003366714 -0.931673040962619 -0.40107192792502 -0.356191190258794 -0.538044948105894 0.639506911464723 -0.58076651259919 -0.327399322745665 "yes"
"1385" 1511 1.26765985844887 -0.891619897237156 -0.891477692510663 -0.40107192792502 -0.356191190258794 -0.56089602659842 0.804715573064186 -0.58076651259919 -0.339067191924162 "yes"
"1386" 1512 0.387309300774806 -0.85142315527081 -0.851282747112271 -0.40107192792502 -0.356191190258794 -0.38397094473051 0.7521069272963 -0.58076651259919 -0.356801650945085 "yes"
"1387" 1513 -0.241573338251945 -0.811226816372002 -0.811088243668121 -0.40107192792502 -0.356191190258794 -0.134839328600248 0.615391037834778 -0.58076651259919 -0.376253907405259 "yes"
"1388" 1514 -0.294523645352242 -0.771030919442758 -0.770894221076298 -0.40107192792502 -0.356191190258794 -0.058114460730981 0.640935352374307 -0.58076651259919 -0.408322601080805 "yes"
"1389" 1515 0.482684411950367 -0.730835503382512 -0.730700718232126 -0.40107192792502 -0.356191190258794 -0.55193974341639 0.802604616222556 -0.58076651259919 -0.400771715933764 "yes"
"1390" 1516 0.171722130905165 -0.690640607087935 -0.690507774027833 -0.40107192792502 -0.329101270408308 0.181516030542192 0.47939525220769 -0.58076651259919 -0.287804914829857 "yes"
"1391" 1517 0.320967771475025 -0.650446269452605 -0.650315427352359 -0.40107192792502 -0.356191190258794 -0.351188333826848 0.717531928854101 -0.58076651259919 -0.362688743134869 "yes"
"1392" 1518 0.841189889947517 -0.610252529366809 -0.610123717091222 -0.40107192792502 -0.356191190258794 -0.56089602659842 0.804715693868264 -0.58076651259919 -0.533219978204074 "yes"
"1393" 1519 1.01869561479412 -0.570059425717414 -0.569932682126226 -0.40107192792502 -0.356191190258794 -0.546837309900221 0.765989445931926 -0.58076651259919 -0.443205442398036 "yes"
"1394" 1520 0.904162712048362 -0.52986699738757 -0.5297423613351 -0.40107192792502 -0.356191190258794 -0.507290033202628 0.788831552289334 -0.58076651259919 -0.347973585291209 "yes"
"1395" 1521 0.547468014895525 -0.489675283256357 -0.489552793591604 -0.40107192792502 -0.356191190258794 -0.437190869226314 0.775558025575069 -0.553385046374589 0.279440519330851 "yes"
"1396" 1522 0.0406693950477917 -0.44948432219888 -0.449364017764995 -0.40107192792502 -0.356191190258794 0.439459628705954 0.435842173344996 0.060109273374053 0.555403110975127 "yes"
"1397" 1523 -0.11543880161558 -0.409294153085746 -0.409176072719799 -0.40107192792502 -0.180920247566662 -0.31478552014119 0.571911661181641 -0.0916561651782434 0.505884037846346 "yes"
"1398" 1524 -1.00876602816047 -0.369104814782825 -0.368988997315948 -0.40107192792502 -0.102485970938605 0.63413090419711 0.142359977167353 2.54603854113739 0.333813972693983 "yes"
"1399" 1525 -0.480147255471551 -0.3289163461514 -0.328802830408049 -0.40107192792502 -0.314757339082669 1.24572314943903 0.336145791628832 1.18223328902103 -0.423608036509286 "yes"
"1400" 1526 0.0524164917525948 -0.288728786047423 -0.28861761084551 -0.40107192792502 -0.356191190258794 -0.223199018774679 0.642344232233381 -0.328810808340848 -0.280877952131988 "yes"
"1401" 1527 0.0918066146119114 -0.248542173321649 -0.248433377472355 -0.40107192792502 -0.297763710452062 -0.291223471322191 0.289159078106125 -0.58076651259919 0.117219904669055 "yes"
"1402" 1528 -0.189765469732035 -0.208356546819448 -0.20825016912656 -0.40107192792502 -0.298289544158821 -0.153174933290318 0.654862583293759 -0.58076651259919 -0.192276535887938 "yes"
"1403" 1529 0.102150811655546 -0.168171945380143 -0.168068024640287 -0.40107192792502 -0.196296010152472 0.80753837684904 0.368153825852289 -0.58076651259919 -0.426767545761391 "yes"
"1404" 1530 -0.664292526121126 -0.127988407837243 -0.127886982839529 -0.40107192792502 0.143269913828577 2.99727619958712 -0.53544237780802 0.626136930961807 -0.0409053663222534 "yes"
"1405" 1531 -0.683699245835771 -0.0878059730180865 -0.0877070825437907 -0.40107192792502 0.0630307946836171 2.55061007279296 -0.250605212280611 0.993802608322308 0.0947306616984704 "yes"
"1406" 1532 -0.757406220395321 -0.0476246797435246 -0.0475283625658025 -0.40107192792502 -0.0515511954363534 2.06633026823607 -0.127047996641172 0.105458059370877 -0.0876566558443922 "yes"
"1407" 1533 -0.392334263283355 -0.00744456682763222 -0.00735086171168378 -0.40107192792502 -0.215117386092936 1.0657744818055 0.218343110457185 -0.26098917922689 -0.204877600961858 "yes"
"1408" 1534 -0.794046101469195 0.0327343269221254 0.0328253812199297 -0.40107192792502 -0.0593923525280289 1.84382607568454 0.00454532408293154 0.38560927011977 -0.289200572304096 "yes"
"1409" 1535 -0.736130615784894 0.0729119627057675 0.0730003274373592 -0.40107192792502 1.03023201206365 1.78360916067489 -0.609647934733715 -0.259713362364612 -0.165833168521349 "yes"
"1410" 1536 -1.00567719094528 0.11308830173027 0.113173938156646 -0.40107192792502 0.455222931380491 2.54218199210505 -0.493392883986309 0.381952729255127 0.128851305692598 "yes"
"1411" 1537 -1.19459834838833 0.15326330521033 0.153346174601752 -0.40107192792502 0.962182304963397 0.918698733096875 -0.449772911385988 -0.500623501612498 -0.241361586992445 "yes"
"1412" 1538 -0.65353918104451 0.193436934368566 0.193516998004506 -0.40107192792502 -0.241744314188783 0.0418112400221724 0.593386678402804 -0.58076651259919 -0.333914799154374 "yes"
"1413" 1539 -0.159187804268176 0.233609150435462 0.233686369604995 -0.40107192792502 -0.356191190258794 -0.56089602659842 0.804716055837229 -0.58076651259919 -0.409674665806125 "yes"
"1414" 1540 -0.538480686001522 0.273779914649761 0.273854250651667 -0.40107192792502 -0.150529081420498 -0.230305884432444 0.595038267181744 -0.58076651259919 -0.460181243573959 "yes"
"1415" 1541 -0.140096572527414 0.313949188258566 0.314020602401864 -0.40107192792502 -0.329925207970105 -0.515665682078479 0.726434659502786 -0.58076651259919 -0.50107149958967 "yes"
"1416" 1542 -0.137491572563572 0.354116932517879 0.354185386121796 -0.40107192792502 -0.356191190258794 -0.56089602659842 0.795867626550889 -0.58076651259919 -0.524633779207497 "yes"
"1417" 1543 -0.178826770194397 0.394283108692565 0.394348563086693 -0.40107192792502 -0.356191190258794 -0.56089602659842 0.766702573308996 -0.58076651259919 -0.505044522309587 "yes"
"1418" 1544 -0.0401113885670037 0.434447678056513 0.434510094581189 -0.40107192792502 -0.301973498498112 -0.496105629454195 0.598489936264813 -0.58076651259919 -0.488531609211384 "yes"
"1419" 1545 -0.0853831622300701 0.474610601893013 0.474669941899476 0.273591477629159 -0.356191190258794 -0.329333536285355 0.620375863886083 -0.58076651259919 -0.451804866518446 "yes"
"1420" 1546 -1.33837696837281 0.514771841494917 0.514828066345746 1.12543963842093 0.227731527541811 -0.233357615295456 -0.460362191951921 1.88124014962204 2.9867111687605 "yes"
"1421" 1547 -1.641333932278 0.554931358165073 0.554984429234018 -0.40107192792502 -0.0899811329385211 -0.56089602659842 -3.3987300789815 8.6822898828808 5.85521898951798 "yes"
"1422" 1548 -1.65103519519026 0.595089113216162 0.595138991888625 1.16263547924425 0.42410490855035 -0.431314323562608 -1.19327972811217 -0.18508921596384 1.83353066667336 "yes"
"1423" 1549 -1.64755396928775 0.635245067971174 0.635291715644424 1.46733045618707 0.884679456220603 -0.48111204625891 -0.948999019048112 -0.0218001578239989 -0.181040054548141 "yes"
"1424" 1550 -1.63335147230994 0.675399183763626 0.67544256184691 -0.399885422044721 2.3390460129024 -0.56089602659842 -1.74673491264811 0.307107588605942 -0.086377657958431 "yes"
"1425" 1551 -1.61176884413407 0.715551421937673 0.715591491852483 -0.40107192792502 0.759110269044368 -0.56089602659842 -0.997581599513611 -0.58076651259919 -0.0447883924529044 "yes"
"1426" 1552 -1.60998073556021 0.755701743848374 0.755738467028854 -0.40107192792502 1.71646498549848 -0.56089602659842 -1.19277261743116 -0.199826711243175 -0.0984730118498118 "yes"
"1427" 1553 -1.62223762633818 0.795850110862104 0.79588344875499 -0.40107192792502 -0.120896452226181 -0.56089602659842 -1.4758582801731 -0.452457304723948 -0.199251332535847 "yes"
"1428" 1554 -1.62898579483693 0.835996484356487 0.836026398421402 -0.40107192792502 -0.322302849929129 -0.56089602659842 -2.63256013070918 -0.58076651259919 -0.45010653426784 "yes"
"1429" 1555 -1.61733506554659 0.876140825720699 0.876167277430541 -0.40107192792502 5.28697997113496 -0.56089602659842 -3.21167355951118 0.392294791269072 0.189061666327207 "yes"
"1430" 1556 -1.59025038749851 0.91628309635585 0.916306047196908 -0.40107192792502 6.12120289477618 -0.56089602659842 -3.19882528531376 0.0956784907325926 0.756142155931108 "yes"
"1431" 1557 -1.53294556867383 0.956423257675106 0.956442669147113 -0.40107192792502 5.42172119188409 -0.56089602659842 -2.91928857420164 0.427032283397099 0.316275657875344 "yes"
"1432" 1558 -1.44407239526979 0.996561271103738 0.996577104720377 -0.00197573081583184 5.06511373733252 -0.56089602659842 -2.67522572499765 0.0938024670801252 0.0141249719836925 "yes"
"1433" 1559 -1.21153450983059 1.03669709807963 1.03670931536863 2.21790669328073 1.07292554508811 -0.56089602659842 -0.23198651536957 0.187003736139537 -0.22469742495872 "yes"
"1434" 1560 -1.11448705881422 1.07683070005338 1.07683926255664 0.245275646444341 0.022819586804799 -0.542994470299147 -0.362893911429817 0.0117461456341876 -0.379376627920414 "yes"
"1435" 1561 -1.07761387834871 1.11696203848841 1.11696690776252 -0.40107192792502 -0.356191190258794 -0.513190078965941 -1.2424697601704 -0.58076651259919 -0.517401622951246 "yes"
"1436" 1562 -0.862129398373804 1.15709107486151 1.15709221247749 -0.40107192792502 -0.356191190258794 -0.54718134120263 0.326911514780867 -0.58076651259919 -0.524232753390463 "yes"
"1437" 1563 -0.841404185875094 1.19721777066255 1.19721513820662 0.78307068160211 -0.356191190258794 -0.56089602659842 0.199603064253734 -0.58076651259919 -0.533008408342921 "yes"
"1438" 1564 0.359904715424108 1.23734208739528 1.23733564646864 1.92818358905369 -0.356191190258794 -0.56089602659842 0.571381175969912 -0.58076651259919 -0.498865901399007 "yes"
"1439" 1565 0.480295734178252 1.27746398657709 1.27745369879629 1.17052053039081 -0.356191190258794 -0.56089602659842 0.53501595500631 -0.58076651259919 -0.505747474797 "yes"
"1440" 1566 -0.101433642912292 1.31758342973938 1.31756925673672 -0.217670817781497 -0.356191190258794 -0.56089602659842 0.202651469675452 -0.58076651259919 -0.522018810090314 "yes"
"1441" 1567 0.945718995895796 1.35770037842798 1.35768228185146 -0.40107192792502 -0.356191190258794 -0.56089602659842 0.569923582209889 -0.58076651259919 -0.516122075818103 "yes"
"1442" 1568 1.16422894810315 1.39781479420308 1.39779273571674 -0.40107192792502 -0.356191190258794 -0.399776197162572 0.254488119291085 -0.58076651259919 -0.442890050663309 "yes"
"1443" 1569 -0.583235175381067 1.43792663863958 1.43790057992365 -0.40107192792502 0.045309751679501 -0.205639657527128 -0.174150663913542 0.503169689485731 -0.311961107351846 "yes"
"1444" 1570 0.0564946581288771 1.47803587332723 1.47800577607862 -0.40107192792502 -0.356191190258794 -0.29359182940181 0.311257235413333 0.475343710129161 0.188395767543596 "yes"
"1445" 1571 0.0330331778991811 1.51814245987113 1.51810828580314 -0.40107192792502 -0.290448362979969 -0.10364789834995 0.377594080688184 0.0958381296842317 0.0860530597601592 "yes"
"1446" 1572 -0.0147565003254375 1.55824635989146 1.55820807073453 -0.40107192792502 -0.265750372632238 1.54470105271047 -0.349318969749053 0.549263386758261 -0.424080550063756 "yes"
"1447" 1573 0.888068832344628 1.59834753502419 1.59830509252577 -0.40107192792502 -0.356191190258794 0.871732099133249 0.217007700337445 -0.538001166333487 -0.409865381336994 "yes"
"1448" 1574 1.49089369017839 1.6785415572495 1.67849069338016 -0.40107192792502 -0.356191190258794 -0.56089602659842 0.643837043366415 -0.58076651259919 -0.486427799010363 "yes"
"1449" 1575 0.844852885785108 1.83889521680809 1.83882705194428 -0.40107192792502 -0.356191190258794 -0.329032953107312 0.112231287016853 -0.0439340381269509 -0.515935034492704 "yes"
"1450" 1576 1.66746217787083 1.87897624488672 1.87890365941155 -0.40107192792502 -0.356191190258794 0.883386924554237 0.240833977112307 -0.58076651259919 -0.518052026726272 "yes"
"1451" 1577 1.71201355256956 -1.17296535803456 -1.17279481519496 -0.40107192792502 -0.356191190258794 -0.56089602659842 0.751865684213691 -0.58076651259919 -0.533219978204074 "yes"
"1452" 1578 0.946681976463566 -1.13275003081143 -1.13258101306 -0.40107192792502 -0.356191190258794 -0.551034092645319 0.76482407989846 -0.58076651259919 -0.531667909775283 "yes"
"1453" 1579 0.490065496424147 -1.09253483452232 -1.09236738083624 -0.40107192792502 -0.356191190258794 -0.56089602659842 0.636843598794853 -0.509359487045922 -0.509152877330718 "yes"
"1454" 1580 0.689050039681738 -1.0523198081503 -1.05215395750479 -0.40107192792502 -0.356191190258794 -0.321195444528246 0.748088211792162 -0.511741360237711 -0.392848904525228 "yes"
"1455" 1581 0.496074611307203 -1.01210499067783 -1.01194078204532 -0.40107192792502 -0.356191190258794 -0.365893868302872 0.748337364865209 -0.58076651259919 -0.410065573548821 "yes"
"1456" 1582 0.371914785986937 -0.97189042108593 -0.971727893436128 -0.40107192792502 -0.275847008354787 -0.154632312470276 0.51764939534717 -0.58076651259919 -0.481319900015178 "yes"
"1457" 1583 1.23044301253901 -0.931676138354262 -0.931515330653698 -0.40107192792502 -0.356191190258794 -0.56089602659842 0.720136298074367 -0.58076651259919 -0.462063460683429 "yes"
"1458" 1584 0.651315634359123 -0.891462181460647 -0.891303132672869 -0.40107192792502 -0.356191190258794 -0.56089602659842 0.781220907361114 -0.58076651259919 -0.464837464563469 "yes"
"1459" 1585 -0.0107302397469426 -0.851248589381281 -0.8510913384661 -0.40107192792502 -0.356191190258794 -0.278295371667289 0.628522856261883 -0.58076651259919 -0.460074837487227 "yes"
"1460" 1586 0.515986659737088 -0.811035401089971 -0.810879987003555 -0.40107192792502 -0.356191190258794 -0.56089602659842 0.804715602771697 -0.58076651259919 -0.366925482036998 "yes"
"1461" 1587 -0.236881139913489 -0.770822655558236 -0.770669117252888 -0.40107192792502 -0.356191190258794 0.505997391766368 0.501415797177586 -0.351651463132331 -0.120892854407397 "yes"
"1462" 1588 0.380335302956973 -0.730610391755079 -0.730458768178892 -0.40107192792502 -0.356191190258794 0.108313721391054 0.563410903630017 -0.126198118728897 -0.0512860128373694 "yes"
"1463" 1589 0.231715457170185 -0.690398648646644 -0.690248978743227 -0.40107192792502 -0.328663066055744 0.759696610308589 0.137715865210355 -0.58076651259919 -0.230786550620954 "yes"
"1464" 1590 0.584406568368733 -0.650187465195942 -0.650039787904437 -0.40107192792502 -0.356191190258794 -0.516282583092039 0.677162085375638 -0.58076651259919 -0.333798706118995 "yes"
"1465" 1591 1.28067911952213 -0.609976880362867 -0.60983123461746 -0.40107192792502 -0.356191190258794 -0.56089602659842 0.804715689014828 -0.58076651259919 -0.533219978204074 "yes"
"1466" 1592 1.35119633465093 -0.569766933103709 -0.569623357833446 -0.40107192792502 -0.356191190258794 -0.56089602659842 0.804715706257141 -0.58076651259919 -0.442552041596749 "yes"
"1467" 1593 0.796574641329282 -0.529557662370966 -0.529416196499826 -0.40107192792502 -0.356191190258794 -0.56089602659842 0.804715723500823 -0.58076651259919 -0.365387506052256 "yes"
"1468" 1594 -0.0318825739066463 -0.489349107113422 -0.489209789559525 -0.40107192792502 -0.356191190258794 -0.335374039753709 0.741223046208032 -0.58076651259919 -0.190686992513834 "yes"
"1469" 1595 -0.469943812138479 -0.44914130627535 -0.44900417595128 -0.40107192792502 -0.191287296360159 0.151506894198894 0.508369564119687 1.01396813373355 -0.0586099702487971 "yes"
"1470" 1596 -0.14432540642027 -0.408934298796837 -0.408799394609193 -0.40107192792502 -0.2714961881341 -0.290429992761634 0.671519038901775 -0.209897140087569 0.57124921379304 "yes"
"1471" 1597 -0.936914391781766 -0.368728123613337 -0.368595484462298 -0.40107192792502 0.353465175483389 0.748497601486078 -0.0953299345730062 0.746368335681059 0.582018961887656 "yes"
"1472" 1598 0.119614579173649 -0.328522819655231 -0.32839248443489 -0.40107192792502 -0.356191190258794 -0.493890650318985 0.788922418521754 -0.58076651259919 -0.457861176192907 "yes"
"1473" 1599 1.20870691272524 -0.288318425848164 -0.288190433445487 -0.40107192792502 -0.356191190258794 -0.56089602659842 0.409323269752206 -0.58076651259919 -0.455990549977772 "yes"
"1474" 1600 0.458491375638165 -0.248114981112004 -0.247989370407422 -0.40107192792502 -0.356191190258794 -0.51818825608422 0.794649479887041 -0.58076651259919 -0.533219978204074 "yes"
"1475" 1601 0.559831890408809 -0.207912524361434 -0.207789334228095 -0.40107192792502 -0.342472667391207 -0.501576747102579 0.782430940230498 -0.58076651259919 -0.413433874369145 "yes"
"1476" 1602 0.378466554579699 -0.167711094505201 -0.167590363808978 0.704196204817633 -0.26750210052128 -0.31102897835722 0.463679019257672 -0.58076651259919 -0.455543207225884 "yes"
"1477" 1603 -0.0759709861309173 -0.127510730446127 -0.127392498045161 -0.310517736676203 -0.331091432310639 2.14441251520637 0.095731395655495 -0.108693825390711 -0.34606595476867 "yes"
"1478" 1604 -0.192751722972011 -0.0873114710806485 -0.0871957758255604 -0.40107192792502 -0.139828493378025 1.16329443590068 0.211632246130142 0.552057624853837 -0.44009618275169 "yes"
"1479" 1605 -0.653071423684698 -0.0471133552990325 -0.0470002360320705 -0.40107192792502 0.00877494065278302 3.11095165540208 -0.542939033403376 2.17497093457591 -0.249326298351405 "yes"
"1480" 1606 -0.740175916247967 -0.00691642198451988 -0.0068059175399531 -0.40107192792502 -0.0996463827991135 1.91000559177014 -0.00448383816475892 1.37232467739296 -0.241787278960579 "yes"
"1481" 1607 -1.07525837169496 0.0332792899862796 0.0333871407827898 -0.40107192792502 0.180019723477439 2.01428985227764 -0.230596258860659 1.24804716356335 -0.257245302587355 "yes"
"1482" 1608 -0.65560652146966 0.0734737417440162 0.0735789000755728 -0.40107192792502 0.00913688689445976 1.42103743591124 0.00693770741606549 -0.382084932457631 1.06765087303477 "yes"
"1483" 1609 -1.07967349109454 0.113666894426758 0.113769321485261 -0.40107192792502 0.426427657407192 0.479419967639225 -0.291795381936316 1.85005129863564 6.10365288356389 "yes"
"1484" 1610 -1.23048123098677 0.153858709180022 0.153958366166665 -0.40107192792502 0.993208974314681 -0.148143548908191 -0.614927929333074 1.69850923060704 1.54369897506525 "yes"
"1485" 1611 -0.75356253787864 0.194049147157272 0.194145995282414 -0.40107192792502 0.0641217160555621 -0.344605363732227 0.498452580537709 -0.58076651259919 -0.189118151807466 "yes"
"1486" 1612 0.157507297571818 0.234238169519792 0.234332170003767 -0.40107192792502 -0.356191190258794 -0.56089602659842 0.804716050826298 -0.58076651259919 -0.300144832437387 "yes"
"1487" 1613 -0.140396510207403 0.274425737437495 0.274516851510164 -0.40107192792502 -0.352020445322642 -0.475469897324238 0.667321489618247 -0.58076651259919 -0.23319585694961 "yes"
"1488" 1614 -0.688406376996522 0.314611812088473 0.314700000989919 -0.40107192792502 0.0511755722924165 -0.552713139968609 0.46944648144323 -0.58076651259919 -0.482270367628989 "yes"
"1489" 1615 -0.577274498412085 0.354796354659697 0.354881579640088 -0.40107192792502 -0.325592948551056 -0.512942241316672 0.623191815807902 -0.181765924205775 -0.459807589671192 "yes"
"1490" 1616 -1.08859709860872 0.394979326346876 0.395061548667286 -0.40107192792502 -0.195382842192067 -0.259835607208328 0.261596104699367 0.272102364626851 -0.369956484032749 "yes"
"1491" 1617 -0.331047435226957 0.435160688355281 0.43523986928706 -0.40107192792502 -0.239574035714871 -0.236345169639476 0.556320018930513 -0.475364293203754 -0.369956484032749 "yes"
"1492" 1618 -0.153934597281735 0.475340401899114 0.475416502724889 -0.262281440020259 -0.356191190258794 -0.492374071343075 0.453316863506049 0.0481152991765152 -0.431506395341706 "yes"
"1493" 1619 -1.42354958766031 0.51551842820251 0.515591410216056 1.97910580263962 0.384363660043359 -0.437901667572971 -0.84097024563856 1.60864542523985 1.50983377690535 "yes"
"1494" 1620 -1.52612996840565 0.555694728499408 0.555764553005788 0.341860322572567 0.85835155706367 -0.439474325598881 -2.52300503949703 0.0475754710610808 3.13571202070839 "yes"
"1495" 1621 -1.55417319932384 0.595869264033691 0.595935892349746 1.06765362161072 1.34749202136419 -0.233109703231629 -1.48131836259313 -0.102774708512128 1.00985553792904 "yes"
"1496" 1622 -1.54908289839738 0.636041996059677 0.636105389513904 0.322102971490908 2.3353714628114 -0.0841288256464967 -1.28501271452131 0.479054938184518 -0.122256044017082 "yes"
"1497" 1623 -1.57059964384418 0.676212885841997 0.676273005775252 -0.40107192792502 0.701471720893279 0.485255254169155 -0.774837196021851 -0.10656211129765 -0.086377657958431 "yes"
"1498" 1624 -1.5578922760192 0.7163818946563 0.716438702421499 -0.40107192792502 0.34756667869052 -0.165321592520724 -1.18924204637123 -0.58076651259919 -0.189085337553312 "yes"
"1499" 1625 -1.55621866540563 0.756548983788952 0.756602440751697 -0.40107192792502 -0.349838009258165 -0.56089602659842 -0.182105474599811 0.0833474844056144 -0.238025386737921 "yes"
"1500" 1626 -1.58386616057952 0.796714114537662 0.79676418207632 -0.40107192792502 2.13580980359992 -0.56089602659842 -1.44076311221496 -0.0928493561000519 -0.297312293592827 "yes"
"1501" 1627 -1.60746211362272 0.836877248211564 0.836923887717333 -0.40107192792502 -0.356191190258794 -0.56089602659842 -2.9620453164641 -0.58076651259919 -0.45010653426784 "yes"
"1502" 1628 -1.58822024234908 0.877038346131281 0.877081519008717 -0.40107192792502 3.94121629957866 -0.56089602659842 -2.56409601245168 0.137583314379307 0.192732838816163 "yes"
"1503" 1629 -1.51504568313487 0.917197369629455 0.917237037296371 -0.40107192792502 4.68751750876372 -0.56089602659842 -3.63028472585304 0.505511131292945 0.734847476026722 "yes"
"1504" 1630 -1.35856270448605 0.957354280050644 0.957390403938749 0.708599430544842 1.69719815627489 -0.56089602659842 -1.5251036991397 2.10218095469576 0.768346490046162 "yes"
"1505" 1631 -0.810983152112404 0.997509038751963 0.997541580306548 2.91984591464039 0.491967880683164 -0.56089602659842 0.0202943748812266 -0.231419437232557 0.528187744440488 "yes"
"1506" 1632 -0.481630270307566 1.03766160710277 1.03769052778349 3.18160408030121 -0.347174325856072 -0.56089602659842 0.651920168636326 -0.58076651259919 -0.22469742495872 "yes"
"1507" 1633 -0.439782633230734 1.07781194648545 1.077837207766 2.14661472253304 -0.356191190258794 -0.56089602659842 0.477034230154269 -0.58076651259919 -0.402838239768133 "yes"
"1508" 1634 -0.0431173627148675 1.11796001829508 1.11798158166395 -0.02626432633097 -0.356191190258794 -0.56089602659842 0.423422460111226 -0.58076651259919 -0.523471604334768 "yes"
"1509" 1635 0.216124769222567 1.1581057839402 1.15812361090045 1.97992419873921 -0.356191190258794 -0.56089602659842 0.102623442665936 -0.58076651259919 -0.533158487013826 "yes"
"1510" 1636 -0.109239297301868 1.1982492048426 1.19826325691237 1.02682223423636 -0.356191190258794 -0.56089602659842 0.604609144055211 -0.58076651259919 -0.533008408342921 "yes"
"1511" 1637 0.757327624378555 1.23839024243778 1.23840048115038 -0.284864220805672 -0.356191190258794 -0.56089602659842 0.309238063962919 -0.58076651259919 -0.533122600772324 "yes"
"1512" 1638 0.747016319924179 1.2785288581751 1.27853524507915 -0.40107192792502 -0.356191190258794 -0.56089602659842 0.191467906235941 -0.58076651259919 -0.533212764014473 "yes"
"1513" 1639 0.690629698369091 1.31866501351788 1.31866751017791 -0.40107192792502 -0.356191190258794 -0.56089602659842 0.206883208737134 -0.58076651259919 -0.533219978204074 "yes"
"1514" 1640 1.34202037295336 1.3989297889457 1.39892438987431 -0.40107192792502 -0.356191190258794 -0.56089602659842 -0.22885587831775 -0.58076651259919 -0.442890050663309 "yes"
"1515" 1641 0.284287045740129 1.43905833202995 1.43904892750366 -0.40107192792502 -0.356191190258794 -0.177246944824146 0.429731377142392 -0.477194763358551 -0.277530408096978 "yes"
"1516" 1642 0.0788108925184921 1.47918426071878 1.47917081236661 -0.40107192792502 -0.329117674275271 -0.0451673139818054 0.211404187122292 0.146773151013081 0.402965219980156 "yes"
"1517" 1643 -0.351657846390943 1.51930753654924 1.51929000601719 -0.40107192792502 -0.344168220516364 1.04261967565714 -0.156923652706686 2.9791005975149 0.233685041886795 "yes"
"1518" 1644 0.499669059689704 1.55942812107404 1.55940647002486 -0.40107192792502 -0.356191190258794 0.136254231108288 0.523016463081758 -0.328520565830267 -0.424080550063756 "yes"
"1519" 1645 1.60848755525874 1.59954597586129 1.59952016597514 -0.40107192792502 -0.356191190258794 -0.422343262042329 0.771517460810919 -0.58076651259919 -0.47852427272939 "yes"
"1520" 1646 1.51658047424361 1.84019362994159 1.84014206330301 -0.40107192792502 -0.356191190258794 -0.56089602659842 -0.898299352095091 -0.43451392825072 -0.500495584687195 "yes"
"1521" 1647 1.27553350925049 1.88029130183499 1.88023530861887 -0.40107192792502 -0.356191190258794 0.549567935909326 -0.583341210403407 -0.139275168018013 -0.500495584687195 "yes"
"1522" 1648 1.50989508699333 -1.17292551543204 -1.17273808236586 -0.40107192792502 -0.356191190258794 -0.523793823696353 0.736343087358897 -0.58076651259919 -0.533219978204074 "yes"
"1523" 1649 0.905941637007124 -1.13269329601549 -1.13250738885745 -0.40107192792502 -0.356191190258794 -0.56089602659842 0.609262256548007 -0.58076651259919 -0.533219978204074 "yes"
"1524" 1650 1.72134525327343 -1.09246120776732 -1.09227686556461 -0.40107192792502 -0.356191190258794 -0.56089602659842 0.748102653772483 -0.58076651259919 -0.528454904133994 "yes"
"1525" 1651 1.48899042485095 -1.05222928974063 -1.05204655153795 -0.40107192792502 -0.356191190258794 -0.56089602659842 0.804715494456407 -0.58076651259919 -0.503604702729473 "yes"
"1526" 1652 0.794679243599529 -0.971766120558471 -0.971586707479932 -0.40107192792502 -0.356191190258794 -0.553567254858383 0.714535747257482 -0.58076651259919 -0.481319900015178 "yes"
"1527" 1653 1.77467435065726 -0.931534947503354 -0.931357255542938 -0.40107192792502 -0.356191190258794 -0.56089602659842 0.803653586819182 -0.58076651259919 -0.484731493094107 "yes"
"1528" 1654 0.872905262099801 -0.891304100869652 -0.891128169060625 -0.40107192792502 -0.356191190258794 -0.56089602659842 0.754509596659372 -0.58076651259919 -0.486482283647301 "yes"
"1529" 1655 0.997287748342203 -0.851073619703302 -0.850899487075221 -0.40107192792502 -0.356191190258794 -0.56089602659842 0.781031376125356 -0.58076651259919 -0.478462384797397 "yes"
"1530" 1656 1.09359691987077 -0.810843543047883 -0.81067124862665 -0.40107192792502 -0.356191190258794 -0.56089602659842 0.804715597958404 -0.58076651259919 -0.366925482036998 "yes"
"1531" 1657 -0.0359138496666626 -0.770613909944675 -0.770443492752326 -0.40107192792502 -0.356191190258794 -0.433123888376082 0.710992766375276 -0.502846264950987 -0.0639768204164211 "yes"
"1532" 1658 1.12651812648195 -0.730384759432443 -0.730216258486642 -0.40107192792502 -0.356191190258794 -0.548059376530978 0.801689991115947 -0.58076651259919 0.0180430871427306 "yes"
"1533" 1659 0.613854892136077 -0.690156130546935 -0.689989584861175 -0.40107192792502 -0.346120673904074 -0.363053371785872 0.669712712988277 -0.58076651259919 -0.220336803035073 "yes"
"1534" 1660 0.892596269257987 -0.649928062321081 -0.64976351090406 -0.40107192792502 -0.356191190258794 -0.49948432955498 0.724610212081369 -0.58076651259919 -0.329215689662431 "yes"
"1535" 1661 1.30830796605987 -0.609700593784368 -0.609538075639962 -0.40107192792502 -0.356191190258794 -0.56089602659842 0.804715684165522 -0.58076651259919 -0.533219978204074 "yes"
"1536" 1662 0.336383654284772 -0.569473763962814 -0.569313318089731 -0.40107192792502 -0.356191190258794 -0.484011287736972 0.77406307122577 -0.568359060222419 -0.441654738242367 "yes"
"1537" 1663 -0.116142108434779 -0.529247611878624 -0.529089277270359 -0.40107192792502 -0.356191190258794 0.134749180479358 0.592757619148974 0.746795351271952 -0.370033884863456 "yes"
"1538" 1664 0.297049189128189 -0.489022176550139 -0.488865992194583 -0.40107192792502 -0.356191190258794 -0.280199861023505 0.719017624539267 -0.58076651259919 -0.315234661182582 "yes"
"1539" 1665 0.614359076920449 -0.448797496991452 -0.448643501870709 -0.40107192792502 -0.356191190258794 -0.540433389517623 0.799892641139972 -0.58076651259919 -0.0586099702487971 "yes"
"1540" 1666 0.0170386211099101 -0.40857361221222 -0.408421845302388 -0.40107192792502 -0.356191190258794 0.0946683636982115 0.650197052196453 -0.0942483121431947 0.598594160675728 "yes"
"1541" 1667 -0.831970768595959 -0.368350561217445 -0.368201061488532 -0.40107192792502 -0.314203162378608 0.302473889251602 0.380392312886325 1.14015586697291 0.656396515909573 "yes"
"1542" 1668 0.263117882415141 -0.328128383007392 -0.327981189422682 -0.40107192792502 -0.356191190258794 -0.548223808086374 0.801728920524018 -0.58076651259919 -0.477147347676232 "yes"
"1543" 1669 1.42906612045588 -0.287907116576955 -0.287762268093091 -0.40107192792502 -0.356191190258794 -0.56089602659842 0.804715822013515 -0.58076651259919 -0.518500731867232 "yes"
"1544" 1670 1.60875486240224 -0.247686800915738 -0.247544336482731 -0.40107192792502 -0.356191190258794 -0.56089602659842 0.804715839237682 -0.58076651259919 -0.533219978204074 "yes"
"1545" 1671 1.65627469281499 -0.207467475008063 -0.207327433568477 1.08229345497718 -0.356191190258794 -0.56089602659842 0.804715856459201 -0.58076651259919 -0.495583492484056 "yes"
"1546" 1672 0.653349928677089 -0.167249177832158 -0.167111598321124 3.18107217128756 -0.356191190258794 -0.56089602659842 0.796340924869477 -0.58076651259919 -0.467985015928756 "yes"
"1547" 1673 1.03371324986688 -0.127031948360168 -0.126896869705633 2.38213175195177 -0.356191190258794 -0.56089602659842 0.803387982002812 -0.58076651259919 -0.478425888181471 "yes"
"1548" 1674 0.285892515021891 -0.0868158255584059 -0.0866832866800302 1.0278570813477 -0.356191190258794 -0.387732630506777 0.763900716831449 -0.58076651259919 -0.44009618275169 "yes"
"1549" 1675 -0.526360963885108 -0.0466008483862475 -0.0464708881958553 -0.40107192792502 -0.338481668850452 1.41377085796081 0.205926479390894 1.03139255113909 -0.316549458688597 "yes"
"1550" 1676 -0.774646409841937 -0.00638705579658349 -0.00625971319766968 -0.40107192792502 -0.0378325485759239 1.88318577649966 -0.0454832069996659 0.0411425076333727 -0.260486136734641 "yes"
"1551" 1677 -0.981926233451863 0.0338255132646748 0.0339501993770122 -0.40107192792502 0.105046594332169 2.71486760248993 -0.246557745847846 0.252583911716678 -0.239169091462549 "yes"
"1552" 1678 -1.13192841376086 0.0740368198586629 0.0741588105982387 -0.40107192792502 0.157941137013845 2.02167907367638 -0.272623091608289 1.86478109559022 1.86612958530456 "yes"
"1553" 1679 -1.29956189621365 0.11424682505408 0.114366081543508 -0.40107192792502 0.306782983825263 -0.312984728225736 -0.244250680269365 2.65463520639788 6.10365288356389 "yes"
"1554" 1680 -1.30190860699504 0.154455489927074 0.154571973298399 -0.40107192792502 0.230989322872529 0.556381230951065 -0.736803179541609 3.48728141902966 2.55834244196902 "yes"
"1555" 1681 -0.812573932611399 0.194662775561875 0.19477644695631 -0.40107192792502 -0.0476425844559008 -0.355993003705123 0.550979881037616 -0.58076651259919 -0.112126458809035 "yes"
"1556" 1682 -0.222165357702652 0.234868643050533 0.234979463618987 -0.40107192792502 -0.356191190258794 -0.56089602659842 0.804716045818106 -0.58076651259919 -0.209891887289932 "yes"
"1557" 1683 -0.387521814630237 0.275073053493445 0.275180984396807 -0.40107192792502 -0.27655612970671 -0.548706522848414 0.737038671129043 -0.425979480915798 -0.23319585694961 "yes"
"1558" 1684 -1.17364233149123 0.315275967999639 0.315380970408907 -0.40107192792502 0.0944071193487446 -0.29156869743961 -0.113331190900954 0.21528497386566 -0.375686615893745 "yes"
"1559" 1685 -0.485167317533431 0.355477347686906 0.355579382783089 -0.40107192792502 -0.297329894745194 -0.56089602659842 0.45491539124435 -0.375921424360618 -0.404856155339908 "yes"
"1560" 1686 -0.468849958451862 0.3956771536817 0.395776182656805 -0.40107192792502 -0.356191190258794 -0.303748978368884 0.482311730631699 -0.58076651259919 -0.241782739953592 "yes"
"1561" 1687 -1.128136447956 0.435875347120123 0.435971331176594 -0.40107192792502 -0.190121103012342 0.0891719248933041 -0.114306707418192 0.138727300165542 -0.293634246870377 "yes"
"1562" 1688 -1.11513544446883 0.47607188914737 0.47616478949877 -0.40107192792502 -0.295113515089842 -0.450718286447473 0.048214178638446 0.831099180289705 -0.411207924164965 "yes"
"1563" 1689 -0.733230462042161 0.516266740918407 0.51635651878953 -0.307905371922416 -0.283768019685905 -0.434998965443076 0.371381002399335 -0.304608368719634 -0.385394634708913 "yes"
"1564" 1690 -0.599709785040023 0.556459863598086 0.55654648022515 1.61485147307087 -0.355485206143902 -0.463783977030997 0.522788512825209 -0.484736604972647 -0.378941317849564 "yes"
"1565" 1691 -1.35309259018954 0.596651218361335 0.596734634992307 2.14768143397319 -0.00143764312554256 -0.56089602659842 -1.09411197220583 0.260709921464474 -0.126147188622393 "yes"
"1566" 1692 -1.17819052765882 0.636840766393486 0.636920944288111 1.25548354893818 -0.118733391540369 -0.56089602659842 -0.245381258195127 0.725902689341439 0.042382223522835 "yes"
"1567" 1693 -1.41468741242446 0.677028468890305 0.677105369320457 -0.39599667950793 0.0676957183834622 -0.560008828364838 -0.210035051427648 0.817556180121202 -0.295820249952409 "yes"
"1568" 1694 -1.46459736580475 0.717214287058341 0.717287871308428 -0.40107192792502 -0.329843697242629 -0.405961603872172 -0.1527547033123 -0.544521652187619 -0.453133232877847 "yes"
"1569" 1695 -1.49850661137613 0.757398182115333 0.757468411482101 -0.40107192792502 -0.356191190258794 -0.56089602659842 -0.559468349052435 -0.58076651259919 -0.517663938282683 "yes"
"1570" 1696 -1.5379769770368 0.797580115290014 0.797646951083157 -0.40107192792502 1.20701393158759 -0.56089602659842 -0.819025222134248 0.153734870168371 -0.496646328928285 "yes"
"1571" 1697 -1.58194084323455 0.837760047822721 0.837823451364867 -0.40107192792502 -0.29714370767568 -0.56089602659842 -2.85074068913366 -0.0487398828966474 -0.446610851853958 "yes"
"1572" 1698 -1.56267632018528 0.877937940965381 0.87799787359252 -0.40107192792502 -0.00517224565668235 -0.56089602659842 -1.97160741994234 -0.510108121823067 0.160657875770049 "yes"
"1573" 1699 -1.43213370400555 0.918113755981941 0.91817017904332 -0.40107192792502 0.462961496406906 -0.56089602659842 -1.63580514138175 0.274719176477937 0.70289740771474 "yes"
"1574" 1700 -1.08639914541019 0.958287454148263 0.958340329007029 1.5117654744106 -0.282627663188533 -0.56089602659842 -1.64771633281082 4.11906931767651 2.42220747924893 "yes"
"1575" 1701 -0.28486333380513 0.998458996752767 0.998508284785875 3.18160406300844 -0.356191190258794 -0.56089602659842 0.398486742397035 -0.58076651259919 2.60275988338201 "yes"
"1576" 1702 0.509560341337769 1.03862834509634 1.0386740076949 3.18160407630828 -0.356191190258794 -0.56089602659842 0.36422153907202 -0.58076651259919 0.590064500526949 "yes"
"1577" 1703 0.573396567729889 1.07879546049268 1.07883745906216 3.16740390460758 -0.356191190258794 -0.56089602659842 0.451898873503846 -0.58076651259919 -0.533219978204074 "yes"
"1578" 1704 0.885486200230654 1.1189603042685 1.11899860022904 2.13918654515279 -0.356191190258794 -0.56089602659842 0.312816433652703 -0.58076651259919 -0.533219978204074 "yes"
"1579" 1705 1.03080263696849 1.15912283776385 1.15915739255029 -0.089501508691941 -0.356191190258794 -0.56089602659842 0.205740128804827 -0.58076651259919 -0.533219978204074 "yes"
"1580" 1706 0.178266764967942 1.19928302233215 1.19931379739432 -0.40107192792502 -0.356191190258794 -0.56089602659842 0.68526895916257 -0.58076651259919 -0.533219978204074 "yes"
"1581" 1707 1.5298787341452 1.23944081934044 1.23946777614359 -0.40107192792502 -0.356191190258794 -0.56089602659842 -0.0408490599352464 -0.58076651259919 -0.533219978204074 "yes"
"1582" 1708 1.33263821699526 1.27959619016987 1.27961929019452 -0.40107192792502 -0.356191190258794 -0.56089602659842 0.650155580766005 -0.58076651259919 -0.533219978204074 "yes"
"1583" 1709 1.66600656611585 1.31974909621552 1.319768300958 -0.40107192792502 -0.356191190258794 -0.56089602659842 -1.19979183692096 -0.58076651259919 -0.533219978204074 "yes"
"1584" 1711 1.66385378603286 1.44019263981836 1.4401999278525 -0.40107192792502 -0.356191190258794 -0.56089602659842 0.718073686523295 -0.58076651259919 -0.476256407088628 "yes"
"1585" 1712 0.467139507390471 1.48033530097114 1.48033853986963 -0.40107192792502 -0.356191190258794 0.52513071848576 0.387318843495125 -0.438246540690605 -0.217798050436162 "yes"
"1586" 1713 0.406668974934459 1.52047530453568 1.52047445587679 -0.40107192792502 -0.302615677082427 0.0077831682572801 0.222977465713818 0.0291835541258486 -0.199564423485248 "yes"
"1587" 1714 0.56667845762313 1.5606126119968 1.56060763737543 -0.40107192792502 -0.356191190258794 2.16425446321747 -0.152924847248063 -0.0533181239767376 -0.215723279825023 "yes"
"1588" 1715 0.637866025394593 1.60074718485458 1.60073804588325 -0.40107192792502 -0.356191190258794 0.8453034243331 0.13244552602814 0.221838147501372 -0.3926390699055 "yes"
"1589" 1716 0.654518026981595 1.88160939538908 1.88157003260683 -0.40107192792502 -0.356191190258794 -0.56089602659842 -0.233056835986351 3.00767888262565 -0.455900326070745 "yes"
"1590" 1717 1.42245409045325 1.92172070738637 1.92167687379959 -0.40107192792502 -0.356191190258794 -0.56089602659842 0.647417603922589 -0.529081534928779 -0.507198999575293 "yes"
"1591" 1718 1.35241451484515 -1.1326364300511 -1.13243359443932 -0.40107192792502 -0.356191190258794 -0.544324373656026 0.632834341090448 -0.58076651259919 -0.533219978204074 "yes"
"1592" 1719 1.0207318117406 -0.810651241453136 -0.810462027675084 -0.40107192792502 -0.356191190258794 -0.56089602659842 0.732443172201932 -0.58076651259919 -0.49535008263469 "yes"
"1593" 1720 0.363485763286763 -0.770404681739722 -0.770217346642517 -0.40107192792502 -0.356191190258794 -0.537749550411193 0.670719767573654 -0.458326631211773 -0.441340922549293 "yes"
"1594" 1721 1.20869266772603 -0.730158605482477 -0.729973188153758 -0.40107192792502 -0.356191190258794 -0.56089602659842 0.753865478337604 -0.58076651259919 -0.422219070091227 "yes"
"1595" 1722 1.69671637860967 -0.689913051787155 -0.689729591310223 -0.40107192792502 -0.356191190258794 -0.56089602659842 0.722975966944462 -0.58076651259919 -0.455873756282326 "yes"
"1596" 1723 1.64222786004744 -0.569179917083839 -0.569002561614351 -0.40107192792502 -0.356191190258794 -0.56089602659842 -0.676237352241015 -0.58076651259919 -0.512399876470276 "yes"
"1597" 1724 1.02889788725876 -0.528936844629767 -0.52876160229651 -0.40107192792502 -0.356191190258794 -0.554671901036664 0.378107799018004 -0.58076651259919 -0.483664605765029 "yes"
"1598" 1725 1.43978910376607 -0.488694490216274 -0.488521400076875 -0.40107192792502 -0.356191190258794 -0.56089602659842 -0.299648942201423 -0.58076651259919 -0.284206582983407 "yes"
"1599" 1726 0.289478416907936 -0.448452892927235 -0.448281994033723 -0.40107192792502 -0.33251960041003 -0.0667431590420846 0.667407129540702 -0.58076651259919 0.10005464197789 "yes"
"1600" 1727 -0.587620538716984 -0.408212091842282 -0.408043423240488 -0.40107192792502 0.112087231502533 1.02480972194317 -0.00149880820899154 1.75633370840737 0.899812502266516 "yes"
"1601" 1728 -0.90795184110854 -0.367972126036201 -0.367805726765818 -0.40107192792502 0.304321115078467 1.09819519632324 -0.144247263541226 2.97307250915804 0.966513953051567 "yes"
"1602" 1729 -0.242006644044025 -0.327733034578997 -0.327568943673114 -0.40107192792502 -0.324436371031932 -0.31959804338174 0.719937259285083 -0.419800992827291 -0.374769595002333 "yes"
"1603" 1730 0.669193395270805 -0.287494856535425 -0.287333113020692 -0.40107192792502 -0.356191190258794 -0.56089602659842 0.804715817102754 -0.58076651259919 -0.44765988822081 "yes"
"1604" 1731 1.53823322088342 -0.247257630965156 -0.247098273860979 -0.40107192792502 -0.356191190258794 -0.56089602659842 0.804715834320996 -0.58076651259919 -0.533219978204074 "yes"
"1605" 1732 1.55645485594013 -0.166786193453919 -0.166631726200522 3.18160367310979 -0.356191190258794 -0.56089602659842 0.804715868749555 -0.58076651259919 -0.513082511685262 "yes"
"1606" 1733 1.55812575710611 -0.126552059603096 -0.126400095774972 3.18160368643108 -0.356191190258794 -0.56089602659842 0.804715885961223 -0.58076651259919 -0.515669854495185 "yes"
"1607" 1734 0.501925448682769 -0.086319034405314 -0.0861696129918263 1.72958304453069 -0.356191190258794 -0.56089602659842 0.804715903173244 -0.58076651259919 -0.494149849622972 "yes"
"1608" 1735 -0.546323123757567 -0.0460871568897224 -0.0459403168723604 -0.40107192792502 -0.334108409026735 0.527669721426698 0.489664806863454 0.156928135371378 -0.394802800766165 "yes"
"1609" 1736 -1.13279937772213 -0.00585646607895094 -0.00571224643079413 -0.40107192792502 0.112863927958677 1.1697090017838 -0.127337555736784 1.53636408060348 -0.246324579670249 "yes"
"1610" 1737 -1.12951694053782 0.0343729990114285 0.0345145593259019 -0.40107192792502 0.0966300627278839 0.588718657611002 -0.0393821518131513 1.05452871944388 0.317093169405965 "yes"
"1611" 1738 -1.00502117614487 0.0746011993730929 0.0747400613980281 -0.40107192792502 -0.330076063847224 1.46640694831773 0.130626210432402 0.185811962144977 0.903684815597241 "yes"
"1612" 1739 -1.07682630679085 0.114828096004991 0.114964220793627 -0.40107192792502 0.0397348800041509 0.0585691756624378 0.359627606531202 -0.1859054797611 0.895406942789234 "yes"
"1613" 1740 -1.29627603455956 0.155053649913812 0.155186998528551 -0.40107192792502 0.255704632954607 0.436872347057231 -0.0865844014133719 1.53696964142947 0.875423875232917 "yes"
"1614" 1741 -1.23417191288051 0.195277822114059 0.195408355626764 -0.40107192792502 -0.0920850610539563 0.00807922599299585 0.287420627836872 0.708819466521315 -0.0550240742923184 "yes"
"1615" 1742 -0.65825674305546 0.235500573628343 0.235628253120569 -0.40107192792502 -0.256080622091222 -0.509204839314869 0.632161455666885 0.13676749513816 -0.157287996542341 "yes"
"1616" 1743 -0.965130932411058 0.275721865487617 0.27584665205084 -0.40107192792502 0.360371016242346 -0.132585011443661 -0.0632446480537559 1.92222289504107 -0.219339503391429 "yes"
"1617" 1744 -0.779390257679079 0.315941658731404 0.316063513467148 -0.40107192792502 -0.258278628314481 0.407976155034159 0.148883505900283 -0.58076651259919 -0.351084369155192 "yes"
"1618" 1745 0.361566724580593 0.356159914407924 0.356278798428207 -0.40107192792502 -0.356191190258794 -0.560752058232465 0.804682158577609 -0.58076651259919 -0.400896299723776 "yes"
"1619" 1746 0.406565420709065 0.396376593574543 0.396492468001845 -0.40107192792502 -0.356191190258794 -0.56089602659842 0.375763133550104 -0.58076651259919 -0.386993391334876 "yes"
"1620" 1747 -0.181015844844853 0.436591657297736 0.436704483265324 -0.40107192792502 -0.351928162401428 -0.530647920115118 0.458077712510394 -0.58076651259919 -0.377129138045056 "yes"
"1621" 1748 -0.917293580462113 0.476805066653419 0.476914805305659 -0.40107192792502 -0.230054105946338 -0.451099401663826 0.0778256804846433 0.127231568011056 -0.34291470611992 "yes"
"1622" 1749 0.333864018919738 0.517016782727256 0.517123395219783 -0.40107192792502 -0.356191190258794 -0.45646591531012 0.32138995267004 -0.58076651259919 -0.417435924226703 "yes"
"1623" 1750 -0.217071101662679 0.557226766614831 0.557330214114738 -0.40107192792502 -0.356191190258794 -0.222390164483156 0.27438508319108 -0.58076651259919 -0.440121703891302 "yes"
"1624" 1751 -0.450835393974075 0.597434979421839 0.597535223108014 0.372203329683313 -0.356191190258794 -0.520322138456 -0.0500311685420851 -0.58076651259919 -0.287147215263422 "yes"
"1625" 1752 -0.807337270254744 0.637641382264421 0.637738383327503 0.971929690511915 -0.356191190258794 -0.56089602659842 -0.160824581939111 -0.58076651259919 -0.340784786120545 "yes"
"1626" 1753 -0.906869547034268 0.677845936269122 0.677939655912069 1.92607165661669 -0.356191190258794 -0.56089602659842 -0.073704820606981 -0.58076651259919 -0.473530522537091 "yes"
"1627" 1754 -1.28071343725454 0.718048602573458 0.718139002011562 0.198168726126887 -0.0950159423335259 -0.56089602659842 -0.600945200446689 0.454842325191332 -0.419974562697323 "yes"
"1628" 1755 -1.42572897943549 0.758249342325933 0.758336382787108 -0.40107192792502 0.462965609872129 -0.56089602659842 -0.833326063910835 -0.536534629105188 -0.205750730907161 "yes"
"1629" 1756 -1.4800280301977 0.798448116686327 0.798531759411393 -0.40107192792502 2.0546238402629 -0.56089602659842 -0.972459383874244 0.179326142582082 -0.205750730907161 "yes"
"1630" 1757 -1.55412783673739 0.838644886825977 0.838725093068669 -0.40107192792502 0.477079632282588 -0.56089602659842 -3.20254237451438 -0.58076651259919 -0.446610851853958 "yes"
"1631" 1758 -1.51350759563804 0.878839613927792 0.878916344955149 -0.208191959083643 0.109920216595622 -0.56089602659842 -1.56784368045769 -0.58076651259919 -0.0553388871738685 "yes"
"1632" 1759 -0.82028248311892 0.91903225918664 0.919105476279402 0.511895801326373 0.0218296589181968 -0.515461367414754 0.265235048819593 1.02917803046515 0.339916310403686 "yes"
"1633" 1760 -0.248150863596326 0.959222783809743 0.959292448262283 1.95513930476652 -0.218582237311466 -0.56089602659842 0.293095467731444 0.128782209359226 1.56281096661559 "yes"
"1634" 1761 0.342810157739853 0.999411149016613 0.999477222137078 3.18160405902159 -0.356191190258794 -0.56089602659842 0.146169006230958 -0.58076651259919 2.46220526905379 "yes"
"1635" 1763 1.55905052870908 1.16014224051692 1.16019356167964 -0.40107192792502 -0.356191190258794 -0.56089602659842 0.124721796052737 -0.58076651259919 -0.522269497433994 "yes"
"1636" 1764 1.17085268940536 1.20031922738397 1.20036676397348 -0.40107192792502 -0.356191190258794 -0.56089602659842 0.681754456963992 -0.58076651259919 -0.533219978204074 "yes"
"1637" 1765 1.34448056235807 1.36100286978252 1.36103488220312 -0.40107192792502 -0.356191190258794 -0.56089602659842 -0.262846162855801 -0.58076651259919 -0.533219978204074 "yes"
"1638" 1766 1.53899854044903 1.44132956666654 1.44135358569991 -0.40107192792502 -0.356191190258794 -0.428523018327961 0.6566213520995 -0.58076651259919 -0.496527568879206 "yes"
"1639" 1767 0.164538321938791 1.48148899881419 1.4815089633854 -0.40107192792502 -0.356191190258794 1.48911462875715 -0.0942569195268334 0.328301896279333 -0.302507607431198 "yes"
"1640" 1768 0.973821340631594 1.52164576862834 1.52166164024743 -0.40107192792502 -0.356191190258794 -0.229549522835017 0.650194702029774 -0.447934078095406 -0.267643040337607 "yes"
"1641" 1769 0.762599205133452 1.60195116693765 1.60195873725134 -0.40107192792502 -0.356191190258794 0.675651466564698 0.440617394491981 -0.143827623674582 -0.376655340287014 "yes"
"1642" 1770 1.0077071341259 1.88293053095607 1.88290783684947 -0.40107192792502 -0.356191190258794 -0.56089602659842 0.642869172659903 2.21988568305745 -0.419151125152118 "yes"
"1643" 1771 1.037351256804 1.92305855800874 1.92303138702618 -0.40107192792502 -0.356191190258794 -0.56089602659842 0.804716762122814 -0.431663758670722 -0.494188510260906 "yes"
"1644" 1772 1.24673380239318 -0.770194970078197 -0.769990677988328 -0.40107192792502 -0.356191190258794 -0.548087430675833 0.753227347680549 -0.58076651259919 -0.528466891705634 "yes"
"1645" 1773 1.57235031986702 -0.729931928970014 -0.729729556175033 -0.40107192792502 -0.356191190258794 -0.56089602659842 0.414496952765626 -0.58076651259919 -0.528148303957456 "yes"
"1646" 1774 1.72780771872426 -0.609146103335095 -0.608949723326353 -0.40107192792502 -0.356191190258794 -0.56089602659842 0.534641850587507 -0.58076651259919 -0.533219978204074 "yes"
"1647" 1775 0.880177661407467 -0.488366046757238 -0.488176011782065 -0.40107192792502 -0.356191190258794 -0.528694940664167 0.0966736504645328 -0.58076651259919 -0.231731040042077 "yes"
"1648" 1776 0.187401359468169 -0.448107492658314 -0.447919650945936 -0.40107192792502 -0.209423886705261 0.145183055373932 0.504022985758127 0.200565225028757 0.139720795034565 "yes"
"1649" 1777 -0.477216757484879 -0.407849736192585 -0.407664126859079 -0.40107192792502 0.0275755420264975 0.650644294436359 0.171707838972831 1.50966719023683 0.951001597117071 "yes"
"1650" 1778 0.0156682576200492 -0.367592816505137 -0.367409478660083 -0.40107192792502 -0.199193146176351 0.414493256111484 0.424780863788434 0.412177980985922 1.00761007903309 "yes"
"1651" 1779 0.594962849515477 -0.327336772735916 -0.327155745482568 -0.40107192792502 -0.356191190258794 -0.414582825198618 0.763638418248407 -0.58076651259919 -0.351984856980383 "yes"
"1652" 1780 0.333909453949911 -0.287081644019898 -0.286902966454553 -0.40107192792502 -0.356191190258794 -0.455404173430346 0.779851029777803 -0.58076651259919 -0.425062484849574 "yes"
"1653" 1781 1.2049711849575 -0.246827469486459 -0.246651180698739 -0.40107192792502 -0.356191190258794 -0.56089602659842 0.804715829404051 -0.58076651259919 -0.533219978204074 "yes"
"1654" 1782 1.77177369843895 -0.166322139457489 -0.166150745464292 3.17501549368921 -0.356191190258794 -0.56089602659842 0.804715863819982 -0.58076651259919 -0.532309122090375 "yes"
"1655" 1783 0.956273143744832 -0.126071062191962 -0.125902174200697 3.1816036826095 -0.356191190258794 -0.56089602659842 0.804715881023577 -0.58076651259919 -0.5321981340589 "yes"
"1656" 1784 0.278461249047899 -0.08582109556882 -0.0856547526388538 1.04910749429473 -0.356191190258794 -0.56089602659842 0.804715898226803 -0.58076651259919 -0.507663266405301 "yes"
"1657" 1785 -0.523895722511343 -0.0455722786872887 -0.0454085198697879 -0.40107192792502 -0.349825827263384 0.126211246068295 0.57551397163889 -0.213800300266421 -0.432343560468234 "yes"
"1658" 1786 -0.608849080536441 -0.00532465063974816 -0.00516351497763451 -0.40107192792502 -0.356191190258794 -0.481638369439185 0.765347435736984 -0.58076651259919 -0.236304605327066 "yes"
"1659" 1787 -1.34243862228746 0.0349217494883111 0.0350802229606969 -0.40107192792502 1.00758966426815 -0.110489885205517 -0.803621194572019 2.78151663344173 0.617862399491575 "yes"
"1660" 1788 -0.668317017712799 0.075166882618625 0.0753226548757026 -0.40107192792502 -0.302261346831715 -0.0343779558841038 0.606722844461414 -0.456380206822411 0.314641747116123 "yes"
"1661" 1789 -0.550417909299609 0.115410709680335 0.115563741705688 -0.40107192792502 -0.347927699822141 -0.531862821554256 0.792871263445168 -0.58076651259919 -0.406654564423091 "yes"
"1662" 1790 -0.988971335687345 0.155653191610394 0.155803444396725 -0.40107192792502 0.716224294038856 1.72269607689836 -0.68660673520256 0.337700073727861 -0.0782168834692168 "yes"
"1663" 1791 -0.629845092123078 0.195894289353517 0.196041723902984 -0.40107192792502 -0.316510905995815 0.0112389886193799 0.317678797267946 -0.2930222975045 -0.0098472419094747 "yes"
"1664" 1792 -0.765952102668899 0.236133963862523 0.23627854118711 -0.40107192792502 -0.310583033995899 -0.0913876516188121 0.575056497069473 -0.387508040557598 -0.124442828361134 "yes"
"1665" 1793 -1.04619256360757 0.276372176098702 0.276513857220263 -0.40107192792502 0.208081534840199 -0.130580094842783 -0.284585127514834 0.163588557670239 -0.215875417754216 "yes"
"1666" 1794 -0.556052877191313 0.316608887031861 0.316747632982286 -0.40107192792502 0.189621500133814 1.45413602390884 -0.0531761508919816 -0.58076651259919 -0.33357810174156 "yes"
"1667" 1795 0.14456283137492 0.356844057640493 0.35697982946234 -0.40107192792502 -0.352276906226462 -0.240580926758459 0.640845321172618 -0.58076651259919 -0.3990795830596 "yes"
"1668" 1796 0.0143741040966817 0.397077648912404 0.397210407658603 -0.40107192792502 -0.356191190258794 -0.56089602659842 0.804433805351601 -0.58076651259919 -0.505626651404958 "yes"
"1669" 1797 -0.696651717718054 0.43730962184442 0.437439328578792 -0.40107192792502 -0.00299138371184537 -0.56089602659842 0.399611378913433 -0.376298441057787 -0.441372651644324 "yes"
"1670" 1798 -0.44087978088381 0.477539937442907 0.477666553240499 -0.40107192792502 -0.251395078234339 -0.56089602659842 -0.565112694506968 -0.0443757167046061 -0.325841393351662 "yes"
"1671" 1799 0.351858618482436 0.517768556724105 0.517892042670931 -0.40107192792502 -0.356191190258794 -0.56089602659842 0.727342052467366 -0.58076651259919 -0.443194674549897 "yes"
"1672" 1800 0.738220192442617 0.557995440713871 0.558115757907912 -0.40107192792502 -0.356191190258794 0.0212965663765797 0.594464203702872 -0.58076651259919 -0.517853607551001 "yes"
"1673" 1801 0.296107295176335 0.598220550448676 0.59833765999926 -0.40107192792502 -0.356191190258794 -0.550034595767054 0.349378934872586 -0.58076651259919 -0.500791034182138 "yes"
"1674" 1802 -0.0643303079496765 0.63844384697499 0.638557710003715 -0.40107192792502 -0.356191190258794 -0.511524922799889 0.398377926701077 -0.58076651259919 -0.531111997562819 "yes"
"1675" 1803 0.0904843435083983 0.6786652913502 0.678775868990571 -0.206683729773946 -0.356191190258794 -0.56089602659842 0.297939754427671 -0.58076651259919 -0.509895330029838 "yes"
"1676" 1804 -0.821281395774019 0.718884844642254 0.718992098040594 2.10730145894291 -0.356191190258794 -0.56089602659842 -0.28014505343394 0.190061661444046 -0.396377972085791 "yes"
"1677" 1805 -1.21761140300993 0.759102467930566 0.759206358245442 0.458719868905026 0.833206927546497 -0.56089602659842 -1.11300321702654 1.22750705833849 0.195791287723261 "yes"
"1678" 1806 -1.39325652612913 0.799318122305447 0.799418610708524 -0.394106689519285 0.342719855339287 -0.56089602659842 -0.852280349740664 0.951545803068995 -0.0655600743390448 "yes"
"1679" 1807 -1.50849635173731 0.839531768868955 0.839628816545095 -0.393884557837456 0.013288589673934 -0.56089602659842 -2.78582925378518 -0.58076651259919 -0.516218429752441 "yes"
"1680" 1808 -1.14875251993015 0.879743368735 0.879836936882194 1.91505810440663 -0.350924509309048 -0.503991500438494 -0.24220036427176 -0.58076651259919 -0.428077004919431 "yes"
"1681" 1809 -0.252009336401622 0.919952883029271 0.92004293285909 0.635257114652772 -0.356191190258794 -0.56089602659842 0.341461595059056 -0.521233626126499 -0.406041650603407 "yes"
"1682" 1810 0.249777160805615 0.96016027288969 0.960246765627675 0.470863980490725 -0.356191190258794 -0.56089602659842 0.265343234817801 -0.165304904143516 -0.192367449752034 "yes"
"1683" 1811 1.42387520513432 1.0003654994668 1.00044839635224 0.882313258049435 -0.356191190258794 -0.0446030196752372 0.32996403067451 1.23781320875542 0.0728869407264073 "yes"
"1684" 1812 1.54416457828179 1.04056852392356 1.04064778621013 0.253265950901464 -0.356191190258794 -0.56089602659842 0.20782185828999 -0.33607700181427 -0.432708112718371 "yes"
"1685" 1813 1.68355022860082 1.08076930743594 1.08084489639182 -0.40107192792502 -0.356191190258794 -0.56089602659842 0.253578089762055 -0.58076651259919 -0.521276154006876 "yes"
"1686" 1814 0.811540879279486 1.1209678111931 1.12103968810103 -0.40107192792502 -0.356191190258794 -0.56089602659842 0.711854377324154 -0.58076651259919 -0.461693164280281 "yes"
"1687" 1815 1.09439284834838 1.1611639963974 1.16123212255496 -0.40107192792502 -0.356191190258794 -0.56089602659842 0.263609455511336 -0.58076651259919 -0.48763425375158 "yes"
"1688" 1816 1.75079849572371 1.20135782426469 1.20142216098484 -0.40107192792502 -0.356191190258794 -0.56089602659842 0.119007236586713 -0.58076651259919 -0.533219978204074 "yes"
"1689" 1817 1.78265008120485 1.32192477621291 1.32197751265199 -0.40107192792502 -0.356191190258794 -0.56089602659842 -0.433233347843925 -0.58076651259919 -0.533219978204074 "yes"
"1690" 1818 1.3247604092468 1.44246911725175 1.44250990579112 -0.40107192792502 -0.356191190258794 -0.331859729898412 0.521404358172294 -0.58076651259919 -0.513818314950656 "yes"
"1691" 1819 0.17270922555658 1.48264535899334 1.48268208772714 -0.40107192792502 -0.356191190258794 0.00495616961599017 0.290826459513205 -0.0133802641751419 -0.4137646813676 "yes"
"1692" 1820 1.25867263592958 1.5228189336406 1.52285156401066 -0.40107192792502 -0.356191190258794 0.399017259149585 0.492592787903575 0.367671995420571 -0.420777359049583 "yes"
"1693" 1821 1.64299088181321 1.64332326857594 1.64334337267824 -0.40107192792502 -0.356191190258794 0.241365361563103 0.545099321375171 -0.58076651259919 -0.52485948355968 "yes"
"1694" 1822 0.959374736286126 1.88425471396049 1.884248726839 -0.40107192792502 -0.356191190258794 -0.56089602659842 0.599289995687154 1.61539043455391 -0.389988973788012 "yes"
"1695" 1823 1.68449212438336 -0.810265304422147 -0.810042134584459 -0.40107192792502 -0.356191190258794 -0.56089602659842 0.668665490285559 -0.58076651259919 -0.505472030222861 "yes"
"1696" 1824 1.44089210324296 -0.649146251254522 -0.648930843157724 -0.40107192792502 -0.356191190258794 -0.56089602659842 0.804715652404582 -0.58076651259919 -0.426966089144964 "yes"
"1697" 1825 0.676759551230468 -0.608867897170649 -0.608654527556593 -0.40107192792502 -0.356191190258794 0.106797340026359 0.581932990594097 -0.58076651259919 -0.27707521448379 "yes"
"1698" 1826 0.792089316114833 -0.568590185248116 -0.568378893325903 -0.40107192792502 -0.356191190258794 -0.434485522820619 0.774492759859967 -0.58076651259919 -0.327448916832976 "yes"
"1699" 1827 1.24617148011092 -0.528313154719645 -0.52810397969293 -0.40107192792502 -0.356191190258794 -0.550666545739481 0.388561890952558 -0.58076651259919 -0.344177965061947 "yes"
"1700" 1828 0.779550657170637 -0.488036844813874 -0.487829825880825 -0.40107192792502 -0.320019843235456 -0.425158486990228 0.473240890599697 -0.374646711408276 0.201753781796484 "yes"
"1701" 1829 -0.51547118112242 -0.447761294755312 -0.447556471108237 -0.40107192792502 0.36841941897812 0.562991028379087 -0.117012684028146 1.29816242940789 0.351971580830627 "yes"
"1702" 1830 1.20283148268581 -0.407486543763968 -0.407283954589012 -0.40107192792502 -0.356191190258794 -0.52574769572811 0.796431176597227 -0.58076651259919 0.18142578775065 "yes"
"1703" 1831 0.620695888506446 -0.367212631055049 -0.367012315532094 -0.40107192792502 -0.320213357420676 0.303358286367709 0.424661766331984 -0.58076651259919 0.0205970042933559 "yes"
"1704" 1832 0.910173998250842 -0.326939595838857 -0.326741593141433 -0.40107192792502 -0.317354027951835 -0.337802564279328 0.714851441258685 -0.58076651259919 -0.460293770116399 "yes"
"1705" 1833 1.70912948604118 -0.286667477320703 -0.286471826615326 -0.40107192792502 -0.356191190258794 -0.56089602659842 0.804715807289398 -0.58076651259919 -0.481698049932525 "yes"
"1706" 1834 1.78704607153824 -0.246396314700239 -0.246203055146612 -0.40107192792502 -0.356191190258794 -0.56089602659842 0.80471582449042 -0.58076651259919 -0.519389456662218 "yes"
"1707" 1835 0.979939438075289 -0.125588954137331 -0.12540310292367 3.18160367878812 -0.356191190258794 -0.56089602659842 0.804715876086191 -0.58076651259919 -0.530803711178358 "yes"
"1708" 1836 -0.0666727098707197 -0.0853220069897169 -0.0851387034918924 0.675980407519707 -0.356191190258794 -0.56089602659842 0.772213734461848 -0.58076651259919 -0.520036465924893 "yes"
"1709" 1837 0.19335415523991 -0.0450562116496524 -0.0448754949891245 -0.393431031762247 -0.356191190258794 -0.56089602659842 0.797266974196518 -0.58076651259919 -0.483163555396891 "yes"
"1710" 1838 -0.722093549151648 -0.00479160727988588 -0.00461351656954208 -0.40107192792502 -0.224524252380964 -0.099719593736641 0.497029451229748 0.0191111114715627 -0.350877486511401 "yes"
"1711" 1839 -1.19037826867001 0.0354717669640501 0.0356471926199283 -0.40107192792502 0.442342422979675 -0.0603881649665946 -0.264752343688145 0.693992014688454 0.220982353167496 "yes"
"1712" 1840 -0.714933750703151 0.0757338719338716 0.0759065934398106 -0.40107192792502 -0.290532685738536 -0.120761523875515 0.604114426398117 -0.355740418593599 -0.0038010565806128 "yes"
"1713" 1841 -0.694823659437757 0.115994668488746 0.116164646758135 -0.40107192792502 0.0601033405521268 1.75404270005016 -0.0360330431657745 -0.58076651259919 -0.392254977502135 "yes"
"1714" 1842 -0.838693662653786 0.156254117495346 0.156421313451102 -0.40107192792502 0.48211477718017 0.638667271731918 -0.290416594153435 -0.58076651259919 -0.216110937083059 "yes"
"1715" 1843 -0.646081864588726 0.196512179828516 0.196676554402842 -0.40107192792502 0.000735890239230458 0.990264268542951 0.153596245563541 1.79802123127459 -0.0743214140179643 "yes"
"1716" 1844 -0.5260053193348 0.236768816371032 0.236930330506207 -0.40107192792502 -0.142071257321399 -0.385599152780571 0.0828449874929054 2.13191085091655 0.157740105079353 "yes"
"1717" 1845 -1.10761963116749 0.277023988014388 0.277182602662227 -0.40107192792502 0.133053448195382 -0.229397173282795 -0.289029762118358 0.683085727463227 0.219547794375376 "yes"
"1718" 1846 -0.727562479426843 0.31727765565826 0.317433331781045 -0.40107192792502 -0.159886311417621 0.231195291800242 0.271209703023643 -0.58076651259919 -0.107889440851807 "yes"
"1719" 1847 -0.169625793976735 0.357529780211434 0.357682478781846 -0.40107192792502 -0.0549806841793511 -0.510261572443018 0.596389796888225 -0.58076651259919 -0.234476129957826 "yes"
"1720" 1848 -0.280273052018133 0.397780322591741 0.397930004593027 -0.40107192792502 0.688002683699187 -0.29290161270139 -0.231041876338074 1.04662384783466 -0.378151332166481 "yes"
"1721" 1849 -0.885636955427545 0.438029243726226 0.438175870152559 -0.40107192792502 0.876899332388832 1.10377868260875 -1.02944653739806 1.84095481120917 -0.3450422236235 "yes"
"1722" 1850 0.576844924342806 0.478276504551502 0.478420036408094 -0.40107192792502 -0.356191190258794 -0.513571422372014 0.313306914038347 -0.58076651259919 -0.276530098525612 "yes"
"1723" 1851 0.890928914769618 0.518522066013868 0.51866246431744 -0.40107192792502 -0.356191190258794 -0.56089602659842 0.715106058616579 -0.58076651259919 -0.434753360455397 "yes"
"1724" 1852 1.53717761643718 0.55876588906978 0.558903114848367 -0.40107192792502 -0.356191190258794 -0.56089602659842 0.680786235450073 -0.58076651259919 -0.529785585324264 "yes"
"1725" 1853 1.27666129632489 0.599007934685654 0.599141948979308 -0.40107192792502 -0.356191190258794 -0.56089602659842 -0.199388148013052 -0.58076651259919 -0.533219978204074 "yes"
"1726" 1854 0.774072130063423 0.639248163838569 0.639378927699173 -0.40107192792502 -0.356191190258794 -0.56089602659842 0.285412668970733 -0.58076651259919 -0.53237678593037 "yes"
"1727" 1855 0.00447749995061254 0.679486537516085 0.679614012007971 -0.40107192792502 -0.356191190258794 -0.56089602659842 0.286077289977239 -0.58076651259919 -0.528248565880706 "yes"
"1728" 1856 -0.609057484978495 0.719723016716856 0.719847162916562 -0.00583647109854489 -0.356191190258794 -0.56089602659842 0.172161495728978 -0.58076651259919 -0.438877946358218 "yes"
"1729" 1857 -0.439736962039249 0.759957562450392 0.760078341447428 1.08460469280701 -0.245613667685592 -0.56089602659842 0.43768055456349 -0.58076651259919 -0.0388034818458901 "yes"
"1730" 1858 -1.07753974932694 0.800190135737824 0.800307508634285 1.84373305085731 -0.105851144117322 -0.56089602659842 -0.229740081919397 -0.58076651259919 -0.221259804805767 "yes"
"1731" 1859 -1.32548133282383 0.840420697611517 0.840534625523046 1.96835048689923 -0.356191190258794 -0.56089602659842 -0.908518500989626 -0.58076651259919 -0.529513028814626 "yes"
"1732" 1860 -0.736943827452132 0.880649209116034 0.880759653171428 0.777263707445753 -0.356191190258794 -0.56089602659842 -0.0399532656545703 -0.58076651259919 -0.526098338936633 "yes"
"1733" 1861 -0.0415052291011811 0.920875631307739 0.920982552649221 -0.40107192792502 -0.356191190258794 -0.56089602659842 0.580490970105233 -0.58076651259919 -0.52353802451643 "yes"
"1734" 1862 1.2966662116766 0.961099925255075 0.96120328503913 -0.40107192792502 -0.356191190258794 -0.56089602659842 0.184611526006049 -0.58076651259919 -0.510473723592288 "yes"
"1735" 1863 1.48691994345422 1.0013220520394 1.00142181143622 -0.40107192792502 -0.356191190258794 -0.56089602659842 0.0917005484150905 0.734049698122828 -0.487885821332354 "yes"
"1736" 1864 0.288233174197236 1.04154197275443 1.04163809294858 -0.40107192792502 -0.356191190258794 -0.56089602659842 0.264197366053168 -0.385008106459765 -0.4372839953152 "yes"
"1737" 1865 0.14438742001122 1.08175964850689 1.08185209069737 -0.40107192792502 -0.356191190258794 -0.430741577158094 0.611096823166827 -0.58076651259919 -0.452304998616442 "yes"
"1738" 1866 -0.124394799320458 1.12197504041661 1.12206376581737 -0.40107192792502 -0.183385614264801 -0.00789823613730818 0.315943775828659 -0.58076651259919 -0.471805681620846 "yes"
"1739" 1867 0.193549603179302 1.16218810961703 1.16227307945675 -0.40107192792502 -0.3423654031651 0.00261487489370746 0.549135777975863 -0.58076651259919 -0.494772828759157 "yes"
"1740" 1868 1.07116327172635 1.20239881725495 1.20247999277763 -0.40107192792502 -0.356191190258794 -0.56089602659842 0.766967544213228 -0.58076651259919 -0.533219978204074 "yes"
"1741" 1869 1.5880101162509 1.44361129626631 1.44366889288682 -0.40107192792502 -0.356191190258794 -0.56089602659842 0.768792209815225 -0.58076651259919 -0.518254855150919 "yes"
"1742" 1870 0.987529549108538 1.48380438626943 1.48385791772398 -0.40107192792502 -0.356191190258794 -0.205354529440353 0.605974527020689 -0.470729283151609 -0.449394035526694 "yes"
"1743" 1871 0.51103196253288 1.52399480440176 1.52404423206383 -0.40107192792502 -0.356191190258794 0.578339514620042 0.115075984623832 0.702045752585718 -0.460488836485418 "yes"
"1744" 1872 0.750235893216649 1.88558194984465 1.88559270808519 -0.40107192792502 -0.356191190258794 -0.56089602659842 0.552703139163008 1.82373464099663 -0.370610423689055 "yes"
"1745" 1873 1.41646468653994 -0.930966914019523 -0.930721293987147 -0.40107192792502 -0.356191190258794 -0.277286294304067 0.676277663374272 0.107397424295526 -0.490493723714459 "yes"
"1746" 1874 1.20301367863365 -0.890668117265998 -0.890424262374455 -0.40107192792502 -0.280216505983623 2.44856244153255 -0.00858146136913811 0.378267566819364 -0.471149978731033 "yes"
"1747" 1875 0.734877878035536 -0.850369688613709 -0.850127638173779 -0.40107192792502 -0.356191190258794 0.562607126352614 0.465394827764019 0.0399145176724259 -0.486454685780671 "yes"
"1748" 1876 0.596313093050151 -0.81007166738756 -0.809831460706493 -0.40107192792502 -0.282174894993044 -0.308918075102859 0.617238562663449 0.649241246392207 -0.490815894264583 "yes"
"1749" 1877 1.16087590862496 -0.769774092910289 -0.769535769291111 -0.40107192792502 -0.354239655075567 -0.440901359672496 0.691007387728812 0.606652340779743 -0.49929086876442 "yes"
"1750" 1878 1.21650469977866 -0.729477004501773 -0.729240603243433 -0.40107192792502 -0.356191190258794 -0.545039862567951 0.786790120746189 -0.58076651259919 -0.505084220697467 "yes"
"1751" 1879 1.54289389600208 -0.689180441479174 -0.688946001876068 -0.40107192792502 -0.356191190258794 -0.56089602659842 0.0401534136587353 -0.58076651259919 -0.526728641499466 "yes"
"1752" 1880 0.963491638348027 -0.648884443156467 -0.64865200449822 -0.40107192792502 -0.356191190258794 -0.528991425655047 0.797195628018691 -0.58076651259919 -0.39124050648894 "yes"
"1753" 1881 0.246854725779309 -0.608589048844213 -0.608358650415731 -0.40107192792502 -0.356191190258794 0.892122647088839 0.431272373694412 -0.388158515132946 -0.106312031330714 "yes"
"1754" 1882 -0.258805737252123 -0.568294297849623 -0.568065978930489 -0.40107192792502 -0.300656475304001 0.741947751164283 0.359840460574266 0.211632983129428 -0.259443576869741 "yes"
"1755" 1883 -0.33383100531012 -0.528000229475943 -0.527774029340472 -0.40107192792502 -0.26253894188489 0.154811532434168 0.50069297465772 0.1164050897855 -0.282904976525277 "yes"
"1756" 1884 -0.405735036808663 -0.487706883022515 -0.487482840939362 -0.40107192792502 0.00984881656751975 0.618694455747189 0.150205563098074 1.49987441608677 0.352099254218456 "yes"
"1757" 1885 0.162022357142974 -0.447414297784385 -0.447192453016243 -0.40107192792502 -0.220334072919795 1.03011246626595 0.297175439117764 0.516755689655103 0.493472119373776 "yes"
"1758" 1886 1.48183081365771 -0.407122513051995 -0.406902904855628 -0.40107192792502 -0.356191190258794 -0.56089602659842 0.752744164668379 -0.58076651259919 -0.275345763711241 "yes"
"1759" 1887 1.07304893218264 -0.326541502242943 -0.326326484934714 -0.40107192792502 -0.356191190258794 -0.560823543150153 0.799517286504526 -0.58076651259919 -0.515300542078293 "yes"
"1760" 1888 1.16149051281407 -0.125105733443296 -0.124902879877689 3.18160367496838 -0.356191190258794 -0.56089602659842 0.781989350505481 -0.58076651259919 -0.527475348913286 "yes"
"1761" 1889 0.911497126025712 -0.0848217666017283 -0.0846214634148773 3.05354600821439 -0.356191190258794 -0.56089602659842 0.78390007525673 -0.58076651259919 -0.528285266178023 "yes"
"1762" 1890 0.00854519938561089 -0.0445389536406746 -0.0443412400241201 1.42077502539433 -0.356191190258794 -0.56089602659842 0.774489604745107 -0.58076651259919 -0.515568496481183 "yes"
"1763" 1891 -0.589000070700242 -0.00425733379303725 -0.00406224892996868 -0.40107192792502 -0.318138810038016 -0.404864808609503 0.708757783951686 -0.58076651259919 -0.428070095666501 "yes"
"1764" 1892 -1.12822422385857 0.0360230537152724 0.0362154706502403 -0.40107192792502 0.458977669563779 0.244922793567061 -0.119427639524722 0.247840212759166 -0.0683208222579014 "yes"
"1765" 1893 -0.187573572130085 0.0763021696655581 0.076491879506632 -0.40107192792502 -0.338448892341302 -0.278515205902359 0.727419286984905 -0.58076651259919 -0.193459629174616 "yes"
"1766" 1894 -0.0322834356328912 0.116579974846586 0.116766938437298 -0.40107192792502 -0.291455453699563 0.155813152782786 0.550238153121047 -0.58076651259919 -0.382655260227717 "yes"
"1767" 1895 -0.366740602095245 0.156856430055088 0.157040608247961 -0.40107192792502 -0.0569015682605484 0.104987492264397 0.315034165485357 -0.58076651259919 -0.266826412464488 "yes"
"1768" 1896 -0.0301999415648507 0.197131496095428 0.197312849752668 -0.40107192792502 -0.274581699135356 -0.0865638163454648 0.620711951793875 -0.543716296248889 -0.13036848344438 "yes"
"1769" 1897 -0.615178841281966 0.237405133780294 0.237583623773983 -0.40107192792502 -0.089881315611667 -0.326800711753141 0.494811182510931 -0.310967476543987 0.393004179243134 "yes"
"1770" 1898 -0.744786171319017 0.277677303930894 0.277852891142909 -0.40107192792502 0.234937802000165 0.0945098687240105 -0.284395302338396 1.06274795891216 0.509829957813763 "yes"
"1771" 1899 -0.991843760483051 0.317947967376871 0.31812061269938 -0.40107192792502 0.768724288953091 0.283603224443503 -1.65776696723212 0.142742457478313 0.0898093696507885 "yes"
"1772" 1900 -0.524863015442202 0.358217084956801 0.358386749292575 -0.40107192792502 -0.0565382553694735 0.0927341480854134 0.282380937439618 0.227877923430856 -0.0821914994748985 "yes"
"1773" 1901 0.125402979735342 0.398484617518507 0.398651261780728 -0.40107192792502 0.124782621110343 -0.319659663567057 0.380556877201522 0.347088017110544 -0.241009208331896 "yes"
"1774" 1902 -0.204935991662311 0.438750525918867 0.438914111031906 -0.40107192792502 -0.222820585638682 0.055689757161031 -0.341876760035984 -0.188414424816291 -0.24494266772023 "yes"
"1775" 1903 0.0501960118322394 0.479014771024588 0.479175257923686 -0.40107192792502 -0.354973272593619 -0.317894515465662 0.645625493263219 -0.0459580842551155 -0.243655909314465 "yes"
"1776" 1904 0.055616868242674 0.519277313711894 0.519434663343937 -0.40107192792502 0.0920636000841624 -0.271232170890881 0.174750461423392 -0.576947272676716 -0.423186103427498 "yes"
"1777" 1905 1.01387768605668 0.559538114867296 0.559692288190627 -0.40107192792502 -0.356191190258794 -0.56089602659842 0.753967792125786 -0.58076651259919 -0.530307041236969 "yes"
"1778" 1906 1.0926899490247 0.599797135387408 0.599948093372227 -0.40107192792502 -0.356191190258794 -0.56089602659842 0.433405318084946 -0.58076651259919 -0.533219978204074 "yes"
"1779" 1907 0.433826019842214 0.640054336179344 0.640202039807775 -0.40107192792502 -0.356191190258794 -0.56089602659842 0.576370502395631 -0.58076651259919 -0.533219978204074 "yes"
"1780" 1908 -0.54119348091968 0.680309678160788 0.680454088427387 -0.40107192792502 -0.356191190258794 -0.56089602659842 -0.00472109116398018 -0.58076651259919 -0.532380893615473 "yes"
"1781" 1909 -0.0370258024273932 0.720563122260502 0.720704200172364 -0.40107192792502 -0.356191190258794 -0.56089602659842 0.417595418959084 -0.58076651259919 -0.515105413204899 "yes"
"1782" 1910 0.0507837634603209 0.760814629418432 0.760952335995173 -0.40107192792502 -0.356191190258794 -0.553976951903321 0.496886285416996 -0.58076651259919 -0.441005721427577 "yes"
"1783" 1911 0.109936960637703 0.801064160585692 0.801198456860252 -0.40107192792502 -0.356191190258794 -0.498532067778553 -0.10571245248365 -0.58076651259919 -0.533219978204074 "yes"
"1784" 1912 -0.0656552589479256 0.841311676725367 0.841442523743509 -0.40107192792502 -0.356191190258794 -0.56089602659842 -0.61048555209494 -0.58076651259919 -0.531988244967915 "yes"
"1785" 1913 -0.452748142891176 0.88155713881201 0.881684497633159 -0.40107192792502 -0.356191190258794 -0.56089602659842 -0.216882696484443 -0.58076651259919 -0.5282279641906 "yes"
"1786" 1914 -0.171068785344667 0.921800507832485 0.921924339529502 -0.40107192792502 -0.356191190258794 -0.56089602659842 0.363754422597269 -0.58076651259919 -0.520598821717597 "yes"
"1787" 1915 1.20096009702403 0.962041744785741 0.962162010445631 -0.40107192792502 -0.356191190258794 -0.56089602659842 -0.449789649241744 -0.58076651259919 -0.479021154687443 "yes"
"1788" 1916 0.289689857386459 1.00228081068352 1.00239747140709 -0.40107192792502 -0.356191190258794 -0.381400643789047 0.428191265221677 -0.475112495067366 -0.402586564749305 "yes"
"1789" 1917 -0.0506197383826559 1.04251766655001 1.04263068345265 -0.40107192792502 -0.356191190258794 0.351679008408118 0.201035801315652 2.78029761615491 -0.307261218049821 "yes"
"1790" 1918 0.29322326892354 1.08275227342263 1.08286160763408 -0.40107192792502 -0.356191190258794 0.0269129950759722 0.554497966463415 -0.58076651259919 -0.32525802547692 "yes"
"1791" 1919 0.899662120299727 1.12298459235181 1.12309020501675 -0.40107192792502 -0.356191190258794 -0.490368223743844 0.347565950714277 -0.58076651259919 -0.516727421347051 "yes"
"1792" 1920 0.449166045442004 1.16321458440157 1.16331643667945 -0.40107192792502 -0.356191190258794 -0.209686078796467 0.530301487989361 -0.58076651259919 -0.522224940299392 "yes"
"1793" 1921 1.45570714555119 1.20344221064933 1.20354026371516 -0.40107192792502 -0.356191190258794 -0.56089602659842 0.652233327105521 -0.58076651259919 -0.533219978204074 "yes"
"1794" 1922 1.22092867012757 1.5251733857569 1.52523964932045 -0.40107192792502 -0.356191190258794 -0.532479104797214 0.40864379737475 -0.58076651259919 -0.470290542767475 "yes"
"1795" 1923 0.87866936737304 1.5653779706428 1.56544008628982 -0.40107192792502 -0.356191190258794 -0.106393698988152 0.163259449798721 1.64731842994897 -0.430596256795362 "yes"
"1796" 1925 0.636365748974035 1.88691224406877 1.88693978611623 -0.40107192792502 -0.356191190258794 -0.56089602659842 -0.487745648469776 1.57770702831983 -0.453288363985842 "yes"
"1797" 1926 1.04782881401246 -0.769562925659316 -0.769307527362466 -0.40107192792502 -0.335028337748282 0.263801447806164 0.460083270749336 -0.450908374458059 -0.511163883842941 "yes"
"1798" 1927 0.21147512751852 -0.729248754660311 -0.728995280263848 -0.40107192792502 -0.329596890359849 -0.0751743537524183 0.59826645424394 0.104802015468043 -0.508561654011241 "yes"
"1799" 1928 0.207782547442276 -0.688935109994599 -0.688683598863871 -0.40107192792502 -0.345077360602047 -0.286214593614581 0.660758553394216 0.053614702548136 -0.49928718011804 "yes"
"1800" 1929 -0.194934524386176 -0.648622031047137 -0.648372522542737 -0.40107192792502 -0.279858594245134 0.423761197212178 0.375928756209916 0.705581055137292 -0.440815408853149 "yes"
"1801" 1930 0.280969580053571 -0.608309557199497 -0.608062090676861 -0.40107192792502 -0.256970228156408 0.724418264579487 0.299317896786061 0.330447917529862 -0.257705267434243 "yes"
"1802" 1931 0.341226309346857 -0.567997727829457 -0.567752342639188 -0.40107192792502 -0.356191190258794 0.0622674535062817 0.638854963183981 -0.58076651259919 -0.396301891366883 "yes"
"1803" 1932 1.14395185276177 -0.527686582311326 -0.527443317798466 -0.40107192792502 -0.356191190258794 -0.56089602659842 0.719661418053793 -0.58076651259919 -0.405992365188027 "yes"
"1804" 1933 1.01413486990889 -0.48737616001522 -0.487135055519035 -0.40107192792502 -0.356191190258794 -0.333599444680709 0.679608148935449 -0.58076651259919 -0.0738020764600484 "yes"
"1805" 1934 0.210508000920545 -0.447066500306841 -0.446827595160958 -0.40107192792502 -0.243609477271325 1.59207539868488 -0.0663207841636396 -0.0783477127753693 0.130353550769253 "yes"
"1806" 1935 1.40108041884828 -0.0843203723321933 -0.0841030302645625 2.47638100190878 -0.356191190258794 -0.56089602659842 0.579908653143242 -0.58076651259919 -0.530229118633246 "yes"
"1807" 1936 0.584587691017831 -0.044020502517035 -0.0438057527612195 1.32136932813054 -0.356191190258794 -0.56089602659842 0.794172456885219 -0.58076651259919 -0.524143874999068 "yes"
"1808" 1937 -0.300074406175546 -0.00372182796557047 -0.00350970977528591 -0.40107192792502 -0.237367817731393 0.066015479272172 0.546043747104295 -0.566741452748779 -0.405940852466953 "yes"
"1809" 1938 -1.02319494522942 0.0365756120256857 0.0367850594054916 -0.40107192792502 0.464863026391098 0.639863768412427 -0.334100989709371 1.68178592911627 0.0540874077283524 "yes"
"1810" 1939 -0.292548242813169 0.0768717781676248 0.0770785155006263 -0.40107192792502 -0.295677072324613 -0.252294944913894 0.685951593454766 -0.58076651259919 -0.152696604376887 "yes"
"1811" 1940 0.531126267811756 0.117166631178398 0.11737061923771 -0.40107192792502 -0.241034233251406 -0.497386772220802 0.550793590301621 -0.58076651259919 -0.440774206092147 "yes"
"1812" 1941 -0.163487730704071 0.157460131784237 0.157661331352123 -0.40107192792502 -0.330437456162502 -0.473984453339551 0.732522573737783 -0.58076651259919 -0.364408380444965 "yes"
"1813" 1942 -0.581697373997713 0.197752240719158 0.197950612587389 -0.40107192792502 0.031198257534548 0.864519205760035 0.151172956926202 -0.298642658806052 -0.275981704592833 "yes"
"1814" 1943 -0.656300009551852 0.238042918725327 0.238238423695642 -0.40107192792502 -0.176664599690047 0.544007957133214 0.347217671422929 -0.00364448119667432 -0.0117145928415035 "yes"
"1815" 1944 0.497001989294512 0.278332126553515 0.278524725437461 -0.40107192792502 -0.356191190258794 -0.390789161894345 0.634606912096026 -0.58076651259919 0.163658336889482 "yes"
"1816" 1945 -0.259816866220626 0.318619824962942 0.318809478582663 -0.40107192792502 0.894411387048866 0.458666281653094 -0.464071155512406 0.363351780319186 0.136114522332329 "yes"
"1817" 1946 -1.04803479057478 0.358905974722064 0.359092643909826 -0.40107192792502 0.825697746172604 0.22706468026194 -1.10770813409355 0.912295039114417 0.0489800746926603 "yes"
"1818" 1947 0.0349387810405224 0.3991905366081 0.39937418220709 -0.40107192792502 -0.0512986674300303 0.748830233094858 0.245567759317347 -0.0310848617535549 -0.259843985751415 "yes"
"1819" 1948 0.520182461906908 0.43947347140783 0.439654054272153 -0.40107192792502 -0.356191190258794 -0.552253924185959 0.787336194475707 -0.58076651259919 -0.133231692380685 "yes"
"1820" 1949 -0.611102172226333 0.479754739917593 0.479932220912556 -0.40107192792502 0.689636384043842 0.386117468794433 -0.53288491215259 1.65420230412178 -0.022784529115176 "yes"
"1821" 1950 0.147760963940251 0.520034302943572 0.520208642945824 -0.40107192792502 -0.0260701397705647 -0.293867409747865 0.425454189270556 -0.23346962809932 -0.345338560197527 "yes"
"1822" 1951 0.900175532636191 0.560312121301933 0.560483281199808 -0.40107192792502 -0.356191190258794 -0.56089602659842 0.804716158104885 -0.58076651259919 -0.530021125380372 "yes"
"1823" 1952 0.327065190099573 0.600588155819168 0.600756096512846 -0.40107192792502 -0.356191190258794 -0.534914501555032 0.528680528344859 -0.58076651259919 -0.533219978204074 "yes"
"1824" 1953 0.0621408843507288 0.640862367332259 0.641027049734052 -0.40107192792502 -0.356191190258794 -0.496326401234327 -0.0758126838642972 -0.58076651259919 -0.533219978204074 "yes"
"1825" 1954 -0.0501075952497903 0.681134716688962 0.681296101723389 -0.40107192792502 -0.356191190258794 -0.56089602659842 0.316065451525159 -0.58076651259919 -0.533219978204074 "yes"
"1826" 1955 0.938366654265286 0.721405164747883 0.721563213352084 -0.40107192792502 -0.356191190258794 -0.56089602659842 0.239703658753375 -0.58076651259919 -0.533219978204074 "yes"
"1827" 1956 0.559812369048087 0.761673672378892 0.761828345502857 -0.40107192792502 -0.356191190258794 -0.557189848160041 0.655786776168452 -0.58076651259919 -0.533219978204074 "yes"
"1828" 1957 0.288642879235565 0.801940200463354 0.80209145906995 -0.40107192792502 -0.356191190258794 -0.558859439427212 0.664322396973702 -0.58076651259919 -0.533219978204074 "yes"
"1829" 1958 -0.0858494028396253 0.842204709894154 0.842352514959644 -0.40107192792502 -0.356191190258794 -0.466017727732756 0.588063571777414 -0.58076651259919 -0.533219978204074 "yes"
"1830" 1959 -0.21839834366104 0.882467161576219 0.882611474090183 -0.40107192792502 -0.356191190258794 -0.56089602659842 0.511158617311342 -0.58076651259919 -0.522591711480609 "yes"
"1831" 1960 -0.091461795627979 0.922727516426437 0.92286829739222 -0.40107192792502 -0.356191190258794 -0.56089602659842 0.725171802930199 -0.58076651259919 -0.508605461072424 "yes"
"1832" 1961 0.657763093815154 0.962985735374108 0.963122945808819 -0.40107192792502 -0.356191190258794 -0.530279804836913 0.380717599256334 -0.58076651259919 -0.454113666718324 "yes"
"1833" 1962 -0.275491582611866 1.00324177936094 1.00337538029615 -0.40107192792502 -0.356191190258794 -0.128439772605004 0.254795382002648 0.216049060338203 -0.40657483485632 "yes"
"1834" 1963 -0.164499317276062 1.04349560934175 1.04362556182306 -0.40107192792502 -0.356191190258794 -0.304694732160711 0.335173382657182 0.265422188372259 -0.317952752684179 "yes"
"1835" 1964 1.38786088163609 1.08374718628403 1.08387345137186 -0.40107192792502 -0.356191190258794 -0.56089602659842 0.782289651924916 -0.58076651259919 -0.347658311259876 "yes"
"1836" 1965 1.11896106600188 1.20448800875658 1.20460297817531 -0.40107192792502 -0.356191190258794 -0.56089602659842 0.554361172392106 -0.58076651259919 -0.533219978204074 "yes"
"1837" 1966 1.52791901423405 1.24473018348965 1.24484130990678 -0.40107192792502 -0.356191190258794 -0.56089602659842 0.514867750991558 -0.58076651259919 -0.533219978204074 "yes"
"1838" 1967 1.32582827028201 1.56657618357121 1.56665516826579 -0.40107192792502 -0.356191190258794 -0.56089602659842 0.458835545376908 -0.278645146578473 -0.406712468024411 "yes"
"1839" 1968 1.78625590115984 1.60679492540407 1.60686971792063 -0.40107192792502 -0.356191190258794 -0.56089602659842 0.0435589490842163 -0.545835005231621 -0.471946536054761 "yes"
"1840" 1970 1.82302092105255 -0.930680926988743 -0.930401107315551 -0.40107192792502 -0.356191190258794 -0.56089602659842 0.753465074577019 0.0140832038636897 -0.410223992832971 "yes"
"1841" 1971 0.958501648180696 -0.729019978484929 -0.728749391585143 -0.40107192792502 -0.356191190258794 -0.56089602659842 0.777934500226767 -0.58076651259919 -0.512940951011116 "yes"
"1842" 1972 1.45969835225908 -0.688689212791289 -0.688420590772357 -0.40107192792502 -0.356191190258794 -0.477468479246978 0.689090852696264 -0.58076651259919 -0.483135963940123 "yes"
"1843" 1973 1.03745105208812 -0.648359013837515 -0.648092396131201 -0.40107192792502 -0.356191190258794 -0.541885946595332 0.787037321094692 -0.58076651259919 -0.485186753894506 "yes"
"1844" 1974 1.49560329174861 -0.567700473956831 -0.567437983150306 -0.40107192792502 -0.356191190258794 -0.56089602659842 0.465429045592358 -0.58076651259919 -0.505488665787255 "yes"
"1845" 1975 0.774385405757659 -0.446717900879356 -0.446461896028272 -0.40107192792502 -0.186667053489256 -0.427768699278093 0.3803669955138 -0.58076651259919 -0.414324343422521 "yes"
"1846" 1976 1.7994620782879 -0.204775510767904 -0.20453354140202 -0.40107192792502 -0.356191190258794 -0.547016790043002 0.631057772904228 0.0431334578348119 -0.433019715028738 "yes"
"1847" 1977 1.58535898349566 -0.164455188805515 -0.164215696478336 -0.40107192792502 -0.356191190258794 -0.499715570415302 0.785018279523373 -0.530391776761066 -0.388646870081883 "yes"
"1848" 1978 1.29739762784805 -0.124135946120666 -0.12389897018131 -0.40107192792502 -0.356191190258794 -0.56089602659842 0.804715861285733 -0.58076651259919 -0.487364080447687 "yes"
"1849" 1979 1.6554407349509 -0.0838178221012579 -0.0835834018908236 -0.40107192792502 -0.356191190258794 -0.56089602659842 0.747799455338041 -0.58076651259919 -0.533144897213943 "yes"
"1850" 1980 0.453405538500478 -0.0435008561285346 -0.0432690309797313 -0.40107192792502 -0.356191190258794 -0.56089602659842 0.766645305375906 -0.58076651259919 -0.528117037525114 "yes"
"1851" 1981 -0.276213172843956 -0.00318508757671712 -0.00295589681411183 -0.40107192792502 -0.356191190258794 -0.325051364945998 0.727175124108381 -0.58076651259919 -0.383315314871972 "yes"
"1852" 1982 -0.934046044495474 0.0371294441867513 0.0373559612475528 -0.40107192792502 -0.17244130369411 -0.292790368899606 0.426716576613423 1.28194149100431 0.150905722669816 "yes"
"1853" 1983 0.365709180185547 0.0774426998020242 0.0776665038540964 -0.40107192792502 -0.356191190258794 -0.518644231206651 0.735801966236038 -0.58076651259919 -0.172699591661693 "yes"
"1854" 1984 0.400709003597557 0.117754639916571 0.117975691662286 -0.40107192792502 -0.313952665091891 -0.208789799679415 0.573429210597366 -0.58076651259919 -0.5278280243814 "yes"
"1855" 1985 -0.340761041556049 0.158065225185795 0.158283485336844 -0.40107192792502 0.3047803815469 0.0969067398987876 0.178782224247714 -0.58076651259919 -0.477631376899651 "yes"
"1856" 1986 -0.69306737798118 0.198374416273055 0.198589845550617 -0.40107192792502 0.472194486367447 -0.0418187576850208 -0.18061089417853 1.03455108347696 -0.455971197681485 "yes"
"1857" 1987 0.150711967423887 0.238682173849834 0.238894732985079 -0.40107192792502 -0.356191190258794 -0.448500102731446 0.723885060010247 -0.578100597411959 -0.510420532603876 "yes"
"1858" 1988 1.09559704010401 0.278988458596243 0.279198108330358 -0.40107192792502 -0.356191190258794 -0.56089602659842 0.766578954286181 -0.58076651259919 -0.35559912752493 "yes"
"1859" 1989 -0.232879931787165 0.319293231201046 0.319499932285476 -0.40107192792502 0.566358413539228 0.74586506766876 -0.273849984481877 0.254380956373357 0.178235421891979 "yes"
"1860" 1990 -1.08991680698279 0.359596452361905 0.359800165558558 -0.40107192792502 0.724353355247518 0.990979879193875 -1.44584411062152 2.46971078018419 0.194243605977143 "yes"
"1861" 1991 0.109486194861921 0.399898082785581 0.400098768867311 -0.40107192792502 -0.0445341063186488 0.0130069939173367 0.0485453579247228 -0.58076651259919 -0.273482104029689 "yes"
"1862" 1992 0.357016704766462 0.44019808318842 0.440395702938856 -0.40107192792502 -0.356191190258794 -0.56089602659842 0.788233923650431 -0.58076651259919 0.0205685465358769 "yes"
"1863" 1993 -0.490637154629035 0.48049641429618 0.4806909285103 -0.40107192792502 0.440494298724291 1.18410974897569 -0.712310072925224 1.33372421537955 0.339139195225252 "yes"
"1864" 1994 0.390559488209843 0.520793036844607 0.520984406328815 -0.40107192792502 -0.342180189323732 0.352366769792666 0.0607637279671675 -0.484594409334313 -0.222532059096336 "yes"
"1865" 1995 1.06164144773504 0.561087911579514 0.561276097151806 -0.40107192792502 -0.356191190258794 -0.56089602659842 0.548867817389727 -0.58076651259919 -0.530970462513875 "yes"
"1866" 1996 0.94843172778529 0.601380999256945 0.601565961747283 -0.40107192792502 -0.356191190258794 -0.56089602659842 0.50423357230986 -0.58076651259919 -0.533219978204074 "yes"
"1867" 1997 1.42462660556672 0.641672260643549 0.641853960893994 -0.40107192792502 -0.356191190258794 -0.56089602659842 0.66871823371974 -0.58076651259919 -0.533219978204074 "yes"
"1868" 1998 0.459033104578857 0.681961656516714 0.682140055381793 -0.40107192792502 -0.356191190258794 -0.165524501421573 0.581427441302714 -0.58076651259919 -0.533219978204074 "yes"
"1869" 1999 0.669871366534898 0.722249147664936 0.722424206011702 -0.40107192792502 -0.356191190258794 -0.537047401959453 0.632196537554897 -0.58076651259919 -0.533219978204074 "yes"
"1870" 2000 0.966115181290028 0.762534694887876 0.762706373596096 -0.40107192792502 -0.356191190258794 -0.56089602659842 0.20391171195519 -0.58076651259919 -0.533219978204074 "yes"
"1871" 2001 0.797118236545848 0.802818258996553 0.802986518959189 -0.40107192792502 -0.356191190258794 -0.56089602659842 0.718012634623633 -0.58076651259919 -0.533219978204074 "yes"
"1872" 2002 0.541648983453345 0.843099800813821 0.843264602937055 -0.40107192792502 -0.356191190258794 -0.482183874994655 0.695941152804663 -0.58076651259919 -0.533219978204074 "yes"
"1873" 2003 0.171159918959062 0.883379281174396 0.883540586377897 -0.40107192792502 -0.356191190258794 -0.476342476524722 0.643037318361732 -0.58076651259919 -0.509436849660664 "yes"
"1874" 2004 -0.530255788794412 0.923656660925126 0.923814430142351 -0.40107192792502 -0.356191190258794 -0.50847426550201 0.380043869996355 -0.58076651259919 -0.485700616052982 "yes"
"1875" 2005 -0.488150030281428 0.963931900925288 0.964086095103678 -0.40107192792502 -0.356191190258794 -0.147272344318441 0.362240702804292 -0.0726705088932589 -0.419177910242858 "yes"
"1876" 2006 0.0917567105623747 1.00420496204679 1.00435554214774 -0.40107192792502 -0.356191190258794 -0.253612346777877 0.223297052344741 0.00556450722471213 -0.412557238640676 "yes"
"1877" 2007 0.96958824825077 1.04447580517413 1.04462273217386 -0.40107192792502 -0.356191190258794 -0.56089602659842 0.48330148455301 -0.58076651259919 -0.462972927784754 "yes"
"1878" 2008 0.874206213599686 1.08474439120528 1.08488762609431 -0.40107192792502 -0.356191190258794 -0.56089602659842 0.546324483735292 -0.58076651259919 -0.487177375781885 "yes"
"1879" 2009 1.55906597360651 1.12501068105116 1.12515018483508 -0.40107192792502 -0.356191190258794 -0.56089602659842 0.496326542759899 -0.58076651259919 -0.533219978204074 "yes"
"1880" 2010 1.72132045878357 1.52753869970853 1.52763875117815 -0.40107192792502 -0.356191190258794 -0.56089602659842 -0.148730854289379 -0.58076651259919 -0.488929752479904 "yes"
"1881" 2011 1.82882777567229 -0.769139129440425 -0.768849463607647 -0.40107192792502 -0.356191190258794 -0.56089602659842 0.440712268928133 -0.58076651259919 -0.52694276176842 "yes"
"1882" 2012 1.65630205892777 -0.728790675025087 -0.728502936185523 -0.40107192792502 -0.356191190258794 -0.56089602659842 0.754628470281216 -0.58076651259919 -0.523653894109808 "yes"
"1883" 2013 1.69792146296613 -0.648095390434776 -0.647811624099854 -0.40107192792502 -0.356191190258794 -0.56089602659842 0.794750732189447 -0.58076651259919 -0.51049842280878 "yes"
"1884" 2014 1.17567005716161 -0.204323221360899 -0.204064126670209 -0.40107192792502 -0.295981140524161 -0.223305552862067 0.682662584855672 -0.149928736661742 -0.303383979682568 "yes"
"1885" 2015 0.630375818964862 -0.163985757799777 -0.163729142693204 -0.40107192792502 -0.356191190258794 0.319840462856716 0.444529677046922 1.02695181952157 -0.20799552973458 "yes"
"1886" 2016 0.205680579701439 -0.123649375467421 -0.123395279364898 -0.40107192792502 -0.324686324250183 -0.0259682077829148 0.550594048596729 0.149051480938349 -0.415707168744451 "yes"
"1887" 2017 1.12121959849228 -0.0833141138226163 -0.0830625761364111 -0.40107192792502 -0.356191190258794 -0.56089602659842 0.804715873522279 -0.440198898780568 -0.519746747260413 "yes"
"1888" 2018 0.709241767440206 -0.0429800123178491 -0.0427310724516594 -0.40107192792502 -0.356191190258794 -0.56089602659842 0.804715890686659 -0.58076651259919 -0.491725485486939 "yes"
"1889" 2019 -0.299731713098601 -0.00264711039840385 -0.00240080774762518 -0.40107192792502 -0.356191190258794 -0.168855079154693 0.661301108109053 -0.294717848942255 -0.404301217276636 "yes"
"1890" 2020 -0.587735981584044 0.0376845524973702 0.0379281785460589 -0.40107192792502 -0.313566455241795 0.315984723372376 0.394799877763954 0.162645495585581 -0.103388868354863 "yes"
"1891" 2021 0.65812042220529 0.0780149369384735 0.078255847007267 -0.40107192792502 -0.356191190258794 -0.56089602659842 0.729959569492465 -0.58076651259919 -0.233452110111194 "yes"
"1892" 2022 0.422250095889425 0.118344003501413 0.11858215822193 -0.40107192792502 -0.314083014198739 -0.249340501792956 0.485509850294156 -0.58076651259919 -0.526748558758601 "yes"
"1893" 2023 -0.136767596919167 0.158671712770754 0.158907072783686 -0.40107192792502 -0.255762913355867 0.168665256085847 0.527542066844696 -0.58076651259919 -0.498588963594494 "yes"
"1894" 2024 0.0639190958564891 0.198998025338769 0.199230551294591 -0.13619774155698 -0.356191190258794 -0.401327289427261 0.722702765239959 -0.580657528499961 -0.486967847074308 "yes"
"1895" 2025 -0.0677245281545446 0.239322901806147 0.239552554365261 2.43201749117964 -0.356191190258794 -0.361670820912971 0.47637071728337 -0.566863072748389 -0.519562100934547 "yes"
"1896" 2026 0.764397961627156 0.279646302782137 0.279873042614862 2.40055519247869 -0.356191190258794 -0.56089602659842 0.773864267849195 -0.58076651259919 -0.385376227109404 "yes"
"1897" 2027 0.300133303901756 0.319968188884543 0.320191976671739 2.19020765042766 -0.356191190258794 -0.56089602659842 0.800041752504478 -0.58076651259919 -0.0308104837487076 "yes"
"1898" 2028 -0.947893290002102 0.360288520740343 0.36050931717327 0.35860201549796 0.631418488226193 0.043396855495912 -0.461503422699585 1.79849716086408 0.113553114261887 "yes"
"1899" 2029 0.045607801098855 0.40060725898555 0.400825024766268 -0.40107192792502 0.061644949730903 -0.287887467368793 0.437554639134808 0.111598308841686 0.186851386391883 "yes"
"1900" 2030 -0.35355043738404 0.440924364265614 0.44113906010731 -0.40107192792502 0.581581306125532 -0.168724049615242 -0.56600784651243 0.63101970111995 0.112179701351897 "yes"
"1901" 2031 -0.124084189659897 0.481239797235748 0.481451383862723 -0.40107192792502 1.32709961287657 0.589305989852585 -0.814809848917422 1.89428267083443 0.192553465430888 "yes"
"1902" 2032 0.779354210450824 0.521553518560914 0.521761956708967 -0.40107192792502 -0.356191190258794 -0.56089602659842 0.638176319870183 -0.58076651259919 -0.283550253006815 "yes"
"1903" 2033 1.73587627818957 0.602175668987288 0.602377692432238 -0.40107192792502 -0.356191190258794 -0.56089602659842 0.707296438627018 -0.58076651259919 -0.533219978204074 "yes"
"1904" 2034 1.35469078192544 0.642484019470028 0.64268277671481 -0.40107192792502 -0.356191190258794 -0.56089602659842 0.771680856882141 -0.58076651259919 -0.533219978204074 "yes"
"1905" 2035 0.972578221227554 0.682790501071372 0.682985952900153 -0.40107192792502 -0.356191190258794 -0.56089602659842 0.741664496784834 -0.58076651259919 -0.533219978204074 "yes"
"1906" 2036 1.51524759131135 0.723095074509335 0.723287181718742 -0.40107192792502 -0.356191190258794 -0.56089602659842 0.204463998320678 -0.58076651259919 -0.533125375137425 "yes"
"1907" 2037 1.8090176213023 0.763397700513031 0.763586423912611 -0.40107192792502 -0.356191190258794 -0.56089602659842 0.290841633185663 -0.58076651259919 -0.53290139640444 "yes"
"1908" 2038 1.25411713053017 0.803698339823135 0.803883640235641 -0.40107192792502 -0.356191190258794 -0.56089602659842 0.790028322492048 -0.58076651259919 -0.532775309522221 "yes"
"1909" 2039 0.80187504187153 0.843996953192165 0.844178791453441 -0.40107192792502 -0.356191190258794 -0.56089602659842 0.752725865085441 -0.58076651259919 -0.53270936649823 "yes"
"1910" 2040 0.818509616689105 0.884293501384372 0.884471838344063 -0.40107192792502 -0.356191190258794 -0.56089602659842 0.68079728928902 -0.58076651259919 -0.491731830946252 "yes"
"1911" 2041 -0.120864380467641 0.924587945176445 0.924762741697832 -0.40107192792502 -0.356191190258794 -0.263666015527179 0.458291090808706 -0.463257121919427 -0.463674502232813 "yes"
"1912" 2042 -0.402142332306151 0.964880245357354 0.965051462317746 -0.40107192792502 -0.356191190258794 0.0812373233676403 0.429770837719365 0.721902924431606 -0.417246872352836 "yes"
"1913" 2043 1.27437882637302 1.00517036272873 1.00533796101965 -0.40107192792502 -0.356191190258794 -0.56089602659842 0.670046996710636 -0.58076651259919 -0.42883389428235 "yes"
"1914" 2044 1.70815173270727 -0.365298509727828 -0.365012716801556 -0.40107192792502 -0.220331243917917 -0.501116210698109 0.682386566834995 -0.229037757672148 -0.518367757824175 "yes"
"1915" 2045 1.18501234379251 -0.324939927785134 -0.324656458955127 -0.40107192792502 0.126545206500563 -0.291759602860642 0.359970518605943 0.51269728670891 -0.507526481266117 "yes"
"1916" 2046 1.09700023738596 -0.284582270845821 -0.284301165633038 -0.40107192792502 -0.0202538057818676 0.515894228162669 0.199326430104652 0.16657510500125 -0.506896212270049 "yes"
"1917" 2047 0.740277049973162 -0.244225578464286 -0.243946876382908 -0.40107192792502 -0.265286610227983 -0.136086382393146 0.493210514858293 0.184152048122857 -0.506265943273981 "yes"
"1918" 2048 0.444011292145249 -0.20386989018952 -0.203593630746094 -0.40107192792502 -0.12102098533091 0.274714274484173 0.214309534537751 1.86624959924717 -0.0765845507958733 "yes"
"1919" 2049 0.835163877369585 -0.16351524556425 -0.163241468258095 -0.40107192792502 -0.214830343554041 1.42702020229113 -0.273023379594465 -0.39230635360514 0.0308358145257309 "yes"
"1920" 2050 0.729314612170061 -0.123161684125347 -0.122890428447646 -0.40107192792502 -0.310751401433256 0.640779557695516 0.263830336940634 -0.500431277823949 -0.270708783255617 "yes"
"1921" 2051 -0.0254611022681314 -0.0828092454029156 -0.0825405508370064 -0.40107192792502 -0.312531922787515 -0.394643068589436 0.616007585847088 0.228527051546233 -0.466154146306655 "yes"
"1922" 2052 -0.365087184973699 -0.042457968920585 -0.0421918749416131 -0.40107192792502 -0.334129248322685 -0.0935782938278363 0.535219632909188 1.40987799982242 -0.448688933102636 "yes"
"1923" 2053 -0.653288570479558 -0.00210789419516258 -0.00184444026961025 -0.40107192792502 -0.315102835001733 0.696131909656899 0.135300029953185 1.16518526002902 -0.439923850964332 "yes"
"1924" 2054 -0.0777025719279436 0.0382409392638381 0.0385017136781518 -0.40107192792502 -0.356191190258794 -0.251889431735751 0.690370195995004 -0.58076651259919 -0.427674292578609 "yes"
"1925" 2055 0.996792551810255 0.078588491954197 0.0788465474084192 -0.40107192792502 -0.356191190258794 -0.56089602659842 0.769776847308636 -0.58076651259919 -0.476462166707115 "yes"
"1926" 2056 1.1383848667437 0.118934724381291 0.119190021435725 0.836532052293552 -0.356191190258794 -0.56089602659842 0.614171110235932 -0.58076651259919 -0.525250040835621 "yes"
"1927" 2057 0.69627658799626 0.159279597058285 0.159532096282749 1.69173364893745 -0.356191190258794 -0.545043849319966 0.790543445345947 -0.58076651259919 -0.530452611484816 "yes"
"1928" 2058 0.827432107733025 0.199623070506489 0.199872732480282 2.06988979863487 -0.356191190258794 -0.56089602659842 0.800100078377389 -0.58076651259919 -0.533216746206542 "yes"
"1929" 2059 0.450862203576363 0.239965105255327 0.240211890567926 3.1816037791822 -0.356191190258794 -0.56089602659842 0.570824873111248 -0.58076651259919 -0.533219978204074 "yes"
"1930" 2060 0.776450096430088 0.280305661843031 0.280549531093774 3.18160379245272 -0.356191190258794 -0.56089602659842 0.804716022945636 -0.58076651259919 -0.504484619942635 "yes"
"1931" 2061 -0.305894720943905 0.320644700816328 0.320885614614987 3.18160380572174 -0.27575757228636 -0.245798965846973 0.547968417857654 0.384094142156491 -0.412231194553375 "yes"
"1932" 2062 -0.89031781405604 0.360982182731011 0.361220101698095 0.96136336513043 0.495808612958373 -0.224004461185037 -0.276987359321743 1.25081086270915 0.00630819160418984 "yes"
"1933" 2063 0.0798542019308924 0.401318068152243 0.401552952918976 -0.40107192792502 0.0553221949626819 -0.34478130858718 0.290047886750203 -0.254945258110412 1.08566674634111 "yes"
"1934" 2064 -0.455917080374036 0.441652317654534 0.441884128863076 -0.40107192792502 1.07378136094172 3.94534506135136 -2.12314946340891 0.936916683651994 0.478624298597319 "yes"
"1935" 2065 0.349822357208467 0.481984891821966 0.482213590125955 -0.40107192792502 0.0328579284822152 0.0566380889832411 -0.163677586424948 -0.525766354150551 -0.128418149146473 "yes"
"1936" 2066 1.65967176752388 0.52231575124873 0.522541297313189 -0.40107192792502 -0.356191190258794 -0.56089602659842 0.0252356209974433 -0.58076651259919 -0.403011249233246 "yes"
"1937" 2067 1.8208258903249 0.562644856539039 0.562867211040883 -0.40107192792502 -0.356191190258794 -0.56089602659842 0.660991295582914 -0.58076651259919 -0.533219978204074 "yes"
"1938" 2068 0.985102580512828 0.764262692833744 0.764468500102118 -0.40107192792502 -0.356191190258794 -0.56089602659842 0.801345176569061 -0.58076651259919 -0.531625635610688 "yes"
"1939" 2069 0.292755004719178 0.804580446592943 0.804782826619276 -0.40107192792502 -0.356191190258794 -0.130810974888938 0.588752116556914 -0.555710460938373 -0.530996634751802 "yes"
"1940" 2070 -0.107765118981103 0.844896170749287 0.845095084299161 -0.40107192792502 -0.356191190258794 0.01084891468165 0.579219005919802 -0.554129150156459 -0.530434174519245 "yes"
"1941" 2071 -0.343244280357032 0.885209825996634 0.8854052338492 -0.40107192792502 -0.356191190258794 0.384656992868311 0.456076713244023 -0.46440825077993 -0.424753630093278 "yes"
"1942" 2072 -0.527093272388527 0.925521373041051 0.925713235989313 -0.40107192792502 -0.356191190258794 -0.130015980888917 0.341255756719204 1.30894597343809 -0.394961766968381 "yes"
"1943" 2073 -0.0275342709882245 0.965830772601092 0.966019051451959 -0.40107192792502 -0.356191190258794 -0.109274340694131 0.499472936080188 0.683893798246261 -0.462281055808527 "yes"
"1944" 2074 0.752214291839854 1.00613798540786 1.00632264098274 -0.40107192792502 -0.356191190258794 -0.0690650745434178 0.589094279093003 -0.58076651259919 -0.48832758257948 "yes"
"1945" 2075 1.77961803777738 -0.445667276392918 -0.445359735750558 -0.40107192792502 -0.356191190258794 -0.323217995304258 0.345923385302208 -0.299544095184362 -0.312830848073179 "yes"
"1946" 2076 1.35979014799405 -0.405289732248664 -0.404984438771262 -0.40107192792502 -0.0187085339750623 0.211856076614911 -1.07251578740628 2.29869917059114 -0.137860631997044 "yes"
"1947" 2077 1.30263741339227 -0.364913035516423 -0.364610028810337 -0.40107192792502 0.0252143963795733 0.2738122701472 -2.06135553733328 1.22193121255995 -0.16803067209082 "yes"
"1948" 2078 1.4196465723578 -0.203415515367478 -0.203122051672276 -0.40107192792502 -0.326902550833342 -0.162397358912624 0.508130576354499 -0.136864276985447 -0.326639473082326 "yes"
"1949" 2079 1.28517583749297 -0.16304365014147 -0.162752671144247 -0.40107192792502 -0.318369504470886 0.0504456529602126 0.404875091392106 -0.063643708737315 -0.276619772482212 "yes"
"1950" 2080 1.34382013005967 -0.0823032147418573 -0.0820173238213004 -0.40107192792502 -0.356191190258794 -0.56089602659842 0.606755498185826 -0.58076651259919 -0.494121449164396 "yes"
"1951" 2081 0.584410884131694 -0.0419347237653578 -0.041651436206931 -0.40107192792502 -0.356191190258794 -0.553916904337528 0.772821728953069 -0.58076651259919 -0.475079050836433 "yes"
"1952" 2082 -0.226219417056618 -0.00156743672425397 -0.0012867920660305 -0.40107192792502 -0.26671127614479 0.973729577653435 0.218869917995309 0.272939010914388 -0.470534757277691 "yes"
"1953" 2083 -0.308110886932006 0.0387986068002716 0.0390765690291758 -0.40107192792502 -0.264338265121071 0.893721987337244 0.260309507985357 -0.291351624962136 -0.452357589923551 "yes"
"1954" 2084 1.28696228143036 0.0791633672346217 0.0794386075138682 -0.40107192792502 -0.356191190258794 -0.56089602659842 0.804715932238403 -0.58076651259919 -0.4907962997217 "yes"
"1955" 2085 1.01471576684378 0.119526805012605 0.119799283831306 0.830743047428435 -0.356191190258794 -0.56089602659842 0.804715949382526 -0.58076651259919 -0.528913184778701 "yes"
"1956" 2086 1.03284110849894 0.159888880576109 0.160158558432614 3.18160374878371 -0.356191190258794 -0.56089602659842 0.804715966523426 -0.58076651259919 -0.531740429897898 "yes"
"1957" 2087 0.921214664453701 0.200249554374888 0.200516391777467 3.18160376205016 -0.356191190258794 -0.56089602659842 0.804715983664253 -0.58076651259919 -0.531358076270971 "yes"
"1958" 2088 1.26271021682075 0.240608786867246 0.240872744333822 3.18160377531565 -0.356191190258794 -0.56089602659842 0.728078430314666 -0.58076651259919 -0.522044143401482 "yes"
"1959" 2089 0.881503280875624 0.280966538519768 0.281227576578712 3.18160378858019 -0.356191190258794 -0.56089602659842 0.722781052653281 -0.58076651259919 -0.504484619942633 "yes"
"1960" 2090 -0.605089750760201 0.321322769808119 0.321580848998023 2.93527769499597 0.0821999979257603 -0.212741710553057 0.169453024054563 1.06436244163859 -0.234771696545909 "yes"
"1961" 2091 -0.615148466177524 0.361677441216814 0.361932522086888 -0.317176078475658 -0.00967882423159524 -0.181998924552017 0.140226500640456 0.748523239442077 0.00626432527209456 "yes"
"1962" 2092 -0.070099905049636 0.402030513239617 0.402282556350034 -0.40107192792502 0.176827155643247 0.244355077133449 -0.209678495843456 0.22471511857929 0.544820314963575 "yes"
"1963" 2093 0.381777492746687 0.442381946379885 0.442630912301792 -0.40107192792502 0.0475090607424365 0.219844542658157 -0.0405122833744411 -0.58076651259919 0.478624298597319 "yes"
"1964" 2094 0.257149634414309 0.48273170115058 0.482977550466558 -0.40107192792502 -0.356191190258794 -0.233974802716509 -0.261817731333911 -0.58076651259919 -0.253229333493415 "yes"
"1965" 2095 0.759002529041054 0.523079738074729 0.523322431378781 -0.40107192792502 -0.356191190258794 -0.466205970138558 0.623504777203485 -0.58076651259919 -0.445778347620218 "yes"
"1966" 2096 1.48973379344501 0.684453918126457 0.684683593563142 -0.40107192792502 -0.356191190258794 -0.438289760990266 0.754241470871764 -0.448694542643415 -0.532578695863742 "yes"
"1967" 2097 0.651723850823342 0.724792774027061 0.725019096603772 -0.40107192792502 -0.356191190258794 -0.136588053014445 0.586784028865956 -0.332871003520019 -0.532360952764715 "yes"
"1968" 2098 0.690793655516908 0.765129675441037 0.765352605825993 -0.40107192792502 -0.356191190258794 -0.435518826066255 0.546656972411394 -0.58076651259919 -0.531891425421603 "yes"
"1969" 2099 0.52126396642303 0.80546458296748 0.805684081842249 -0.40107192792502 -0.356191190258794 0.052315280608702 0.433917489072792 -0.525493318114035 -0.530996634751802 "yes"
"1970" 2100 0.98928169656529 0.84579745721747 0.846013485276846 -0.40107192792502 -0.356191190258794 -0.363158846164763 0.654102028619186 -0.522664923501638 -0.5307167477801 "yes"
"1971" 2101 1.01406203310534 0.886128258813948 0.886340776766477 -0.40107192792502 -0.356191190258794 -0.421170870744138 0.686755706687448 -0.58076651259919 -0.429128769688522 "yes"
"1972" 2102 0.317856084672265 0.926456948392242 0.926665916960368 -0.40107192792502 -0.356191190258794 1.26408257303566 0.218702458934504 -0.58076651259919 -0.40123403439023 "yes"
"1973" 2103 -0.0390599094901118 0.966783486600214 0.966988866520348 -0.40107192792502 -0.356191190258794 0.233209707560472 0.452619919171685 0.323643429572183 -0.462281055808527 "yes"
"1974" 2104 1.7250368336157 1.00710783409833 1.00730958612132 -0.40107192792502 -0.356191190258794 -0.484137517833794 0.759900215978393 -0.58076651259919 -0.494997917591317 "yes"
"1975" 2105 1.59780594725334 -0.485711078541309 -0.485384070553657 -0.40107192792502 -0.279060127460308 0.7502999212645 0.386297979685392 0.382009451432261 -0.460318552002945 "yes"
"1976" 2106 1.25762214517339 -0.445315454637356 -0.444990656268044 -0.40107192792502 -0.119352421133517 0.719187090242644 -1.90487621943187 2.14037939340731 -0.312830848073179 "yes"
"1977" 2107 1.52525521454974 -0.404920639970699 -0.404598090904146 -0.40107192792502 -0.215002293358891 -0.56089602659842 -1.92353086388098 0.297764174468614 0.105041994535608 "yes"
"1978" 2108 1.7950589186411 -0.364526674255188 -0.364206414169455 -0.40107192792502 -0.356191190258794 -0.0792983300761798 -0.153162778187561 -0.58076651259919 0.051703607518213 "yes"
"1979" 2109 0.75383096011685 -0.202960095002445 -0.202649387484671 -0.40107192792502 0.032860834302519 0.271176449236458 -1.22290621044594 1.21699120945968 -0.452565825909249 "yes"
"1980" 2110 0.879038480440907 -0.0414102746734784 -0.0411097539975907 -0.40107192792502 -0.356191190258794 -0.56089602659842 0.724991167194094 -0.58076651259919 -0.509467259080028 "yes"
"1981" 2111 -0.144099696620271 -0.00102573573557765 -0.000727860815398813 -0.40107192792502 -0.237328999676856 0.0682318322280406 0.473025486165891 -0.0998617132418407 -0.49847215147342 "yes"
"1982" 2112 -0.18482867208858 0.0393575574282385 0.0396527469918919 -0.40107192792502 -0.275730856671256 -0.39679939750877 0.642735398845201 -0.432559502066266 -0.477040887268494 "yes"
"1983" 2113 1.00606602642234 0.0797395651725914 0.0800320297880082 -0.40107192792502 -0.356191190258794 -0.56089602659842 0.80471592727439 -0.58076651259919 -0.505130432736284 "yes"
"1984" 2114 0.595649024704442 0.120120247859834 0.120409947944352 0.104304797280554 -0.356191190258794 -0.56089602659842 0.804715944410791 -0.58076651259919 -0.533219978204074 "yes"
"1985" 2115 0.460723299574743 0.160499565859993 0.160786461840437 3.18160374493089 -0.356191190258794 -0.56089602659842 0.804715961545434 -0.58076651259919 -0.533219978204074 "yes"
"1986" 2116 -0.0128816070465373 0.200877479551211 0.201161531864486 3.18160375819311 -0.356191190258794 -0.56089602659842 0.804715978680781 -0.58076651259919 -0.533219978204074 "yes"
"1987" 2117 0.386658499830311 0.241253949320335 0.241535118412754 3.18160377144938 -0.356191190258794 -0.56089602659842 0.795086453073589 -0.58076651259919 -0.506899490756734 "yes"
"1988" 2118 -0.418861792600145 0.281628935562248 0.28190718189081 3.16956508367523 -0.238002330246663 -0.394065571105561 0.560024070553511 -0.076512037302546 -0.325362974666045 "yes"
"1989" 2119 -1.0408568458343 0.322002398681147 0.322277682713019 0.99610399292034 0.95440435118444 -0.250974998837306 -1.2182907881967 3.7521532795695 0.0587972456407276 "yes"
"1990" 2120 0.0949585856175946 0.362374299090024 0.362646581303039 -0.40107192792502 -0.321237319083968 0.365137718271844 0.426705894922078 1.11255737153034 -0.0435513584235104 "yes"
"1991" 2121 0.536461984015854 0.402744597211164 0.403013838094074 -0.40107192792502 -0.356191190258794 -0.56089602659842 0.766170197880617 -0.58076651259919 -0.482276830965715 "yes"
"1992" 2122 1.53305069464976 0.443113253476402 0.44337941352915 -0.40107192792502 -0.356191190258794 -0.56089602659842 -1.00680416809191 -0.58076651259919 -0.507748404584895 "yes"
"1993" 2123 0.509108092272836 0.483480228327388 0.483743268061285 -0.40107192792502 -0.356191190258794 -0.496396201929028 0.700615391280726 -0.58076651259919 -0.533219978204074 "yes"
"1994" 2124 1.02935189835648 0.523845482215774 0.524105362153635 -0.40107192792502 -0.356191190258794 -0.56089602659842 0.702813931570023 -0.58076651259919 -0.533219978204074 "yes"
"1995" 2125 1.59699011845849 0.64493052277583 0.645180686582121 -0.40107192792502 -0.356191190258794 -0.56089602659842 0.628622354565236 -0.58076651259919 -0.532348287736789 "yes"
"1996" 2126 1.04211588317511 0.685288497537592 0.6855353437599 -0.40107192792502 -0.356191190258794 0.487270759289557 0.332087572507134 -0.156966859354084 -0.530112004345224 "yes"
"1997" 2127 1.75159439098704 0.725644553752762 0.725888042975384 -0.40107192792502 -0.356191190258794 -0.532121215424727 0.228246370949661 -0.58076651259919 -0.530875849950082 "yes"
"1998" 2128 1.14833865409519 0.846700816341152 0.846933998201562 -0.40107192792502 -0.356191190258794 -0.56089602659842 0.481261160519246 -0.58076651259919 -0.533219978204074 "yes"
"1999" 2129 0.301373177460787 0.887048803651511 0.88727847098168 -0.40107192792502 -0.356191190258794 0.294254659682366 0.396772992923218 -0.58076651259919 -0.532863249895091 "yes"
"2000" 2130 0.29114522147284 0.927394675115943 0.927620788567412 -0.40107192792502 -0.356191190258794 0.74447328761358 0.348385509943145 -0.58076651259919 -0.516861612419287 "yes"
"2001" 2131 -0.122360645443923 0.96773839131127 0.967960911549881 -0.40107192792502 -0.356191190258794 0.074160105097344 0.405388486579241 0.619268807728029 -0.456682269370452 "yes"
"2002" 2132 0.241393630672142 1.00807991282725 1.0082988005331 -0.40107192792502 -0.356191190258794 -0.429103091059556 0.709804607991148 -0.0459758918729359 -0.450235827044319 "yes"
"2003" 2133 1.00268191695531 1.04841920026653 1.04863441613417 -0.40107192792502 -0.356191190258794 -0.56089602659842 0.783694025564838 -0.58076651259919 -0.481516003994174 "yes"
"2004" 2134 1.39329310046549 1.08875621424485 1.08896771898395 -0.40107192792502 -0.356191190258794 -0.557917182928476 0.804014231861905 -0.58076651259919 -0.502714865577333 "yes"
"2005" 2135 1.65025736894541 -0.283319586122336 -0.282986734603856 -0.40107192792502 -0.356191190258794 0.141795361907978 0.0155738342680732 -0.0636200541817283 -0.386683507447686 "yes"
"2006" 2136 1.03030113135453 -0.242911101865688 -0.24258066075397 -0.40107192792502 -0.356191190258794 -0.282910596585893 -1.59600362299857 1.29623912792034 -0.286213553543843 "yes"
"2007" 2137 0.914070668675264 -0.0408846194591432 -0.0405668260562538 -0.40107192792502 -0.356191190258794 -0.539522847257002 0.792418860981378 -0.58076651259919 -0.521770441979598 "yes"
"2008" 2138 0.347675052763809 -0.000482788971717077 -0.000167644188687776 -0.40107192792502 -0.339008542536342 0.602844091942869 0.481394291953857 -0.58076651259919 -0.516514620267086 "yes"
"2009" 2139 -0.139032691233597 0.0399177934768469 0.0402302499671962 -0.40107192792502 -0.356191190258794 -0.246946935838993 0.618811006483924 -0.58076651259919 -0.505863732657176 "yes"
"2010" 2140 0.988033499823832 0.0803170881690856 0.0806268167031888 -0.40107192792502 -0.356191190258794 -0.56089602659842 0.804715922313007 -0.58076651259919 -0.525731027791467 "yes"
"2011" 2141 0.173409691250943 0.120715055395413 0.121022016318846 -0.17421776814946 -0.356191190258794 -0.56089602659842 0.804715939441058 -0.58076651259919 -0.530928705401775 "yes"
"2012" 2142 0.594507344523428 0.161111655454009 0.161415809121969 0.852915845575284 -0.356191190258794 -0.56089602659842 0.804715956566647 -0.58076651259919 -0.528396676372228 "yes"
"2013" 2143 0.298708879300892 0.2015068486513 0.201808155428554 2.64590554281497 -0.356191190258794 -0.56089602659842 0.804715973692587 -0.58076651259919 -0.522380364935172 "yes"
"2014" 2144 -0.355614971334078 0.241900595301904 0.242199015563537 2.89615225906235 -0.356086414570444 -0.56089602659842 0.759095625354231 -0.58076651259919 -0.493876530623957 "yes"
"2015" 2145 -1.1298517976504 0.282292855729381 0.282588349860348 2.08916518524613 0.338080562679547 -0.388747622723479 -0.627235034473169 1.67474876900571 -0.409008245496076 "yes"
"2016" 2146 -0.326243375409029 0.322683590265789 0.322976118661709 -0.40107192792502 -0.144147376504253 -0.392990994482788 0.427804764646177 0.698280034796378 -0.12282513434957 "yes"
"2017" 2147 0.807965386876086 0.363072759252474 0.363362282319666 -0.40107192792502 -0.356191190258794 -0.56089602659842 0.777447642978983 -0.58076651259919 -0.19879093051616 "yes"
"2018" 2148 1.24371122163298 0.403460323040107 0.403746801195747 -0.40107192792502 -0.356191190258794 -0.56089602659842 0.52015208139225 -0.58076651259919 -0.502654089723442 "yes"
"2019" 2149 1.77016365235526 0.443846241988841 0.444129635661253 -0.40107192792502 -0.356191190258794 -0.56089602659842 -0.545390783226719 -0.58076651259919 -0.517937033963758 "yes"
"2020" 2150 1.33567104656189 0.484230476468604 0.484510746097616 -0.40107192792502 -0.356191190258794 -0.510658676434907 0.544460921429732 -0.58076651259919 -0.533219978204074 "yes"
"2021" 2151 1.55786370487869 0.524612986859455 0.524890092896447 -0.40107192792502 -0.356191190258794 -0.56089602659842 0.599212698770204 -0.58076651259919 -0.533102548019314 "yes"
"2022" 2152 1.62516549196064 0.645749777453657 0.646017155542725 -0.40107192792502 -0.356191190258794 -0.56089602659842 0.761639423624139 -0.58076651259919 -0.532594631954003 "yes"
"2023" 2153 1.14281218964172 0.807238959237835 0.807492813795747 -0.40107192792502 -0.356191190258794 -0.531063520350908 0.559553257433556 -0.58076651259919 -0.533219978204074 "yes"
"2024" 2154 0.556440420996736 0.84760625187708 0.847856626900907 -0.40107192792502 -0.356191190258794 0.598331990483378 0.406915424059652 -0.58076651259919 -0.533219978204074 "yes"
"2025" 2156 1.3309300866223 0.928334557110735 0.928577854779994 -0.40107192792502 -0.356191190258794 -0.244543956955095 0.67393727576875 -0.58076651259919 -0.51838674516595 "yes"
"2026" 2157 0.214243111084441 0.968695490703949 0.968935190580958 -0.40107192792502 -0.356191190258794 2.03870719853333 0.0833107409614745 0.212872892114972 -0.456682269370452 "yes"
"2027" 2158 0.883278086218692 1.00905422563517 1.00929028832907 -0.40107192792502 -0.356191190258794 0.288969532409203 0.320322187860738 -0.409049401406939 -0.461512263467646 "yes"
"2028" 2159 0.439582446746253 1.04941072243595 1.04964310857065 -0.40107192792502 -0.356191190258794 1.64589333760866 0.130921094087025 0.0745739617984979 -0.488583140394934 "yes"
"2029" 2160 0.304017191377847 1.08976494165123 1.08999361186521 -0.40107192792502 -0.356191190258794 2.72666922837278 -0.126664119299472 0.66324184403906 -0.506195734553241 "yes"
"2030" 2161 1.04590885717692 1.13011684383917 1.13034175878653 -0.40107192792502 -0.356191190258794 0.0432057634691119 0.551593568911351 -0.103376759920374 -0.530439684624139 "yes"
"2031" 2162 1.35577656506439 1.17046638957218 1.17068750992196 -0.40107192792502 -0.356191190258794 -0.0910804171145285 0.614895603837929 -0.125226442636134 -0.517486094123995 "yes"
"2032" 2163 1.45232827949295 1.21081353943625 1.21103082587313 0.171788775418834 -0.356191190258794 0.0915298503807989 0.542707569495247 -0.557645849231671 -0.509557323333028 "yes"
"2033" 2164 1.54611011360709 1.25115825403163 1.25137166725629 0.772188389276521 -0.356191190258794 0.811570427474607 0.236011922409292 -0.58076651259919 -0.52870811455632 "yes"
"2034" 2165 1.59724839053574 -0.282896753913253 -0.282546574263193 -0.40107192792502 -0.356191190258794 -0.480093736773769 -1.07412246709822 0.91839033360231 -0.365947437342069 "yes"
"2035" 2166 1.13690485453007 -0.242470926265304 -0.242123159461983 -0.40107192792502 -0.356191190258794 -0.327078988382356 -3.01389384391957 1.75862377324667 -0.208656056547716 "yes"
"2036" 2167 1.5241714514632 -0.0403577559294907 -0.0400226501179745 -0.40107192792502 -0.356191190258794 -0.56089602659842 0.684007624313915 -0.58076651259919 -0.531434282973917 "yes"
"2037" 2168 0.247790054289797 6.14058323522053e-05 0.000393860150984535 -0.40107192792502 -0.356191190258794 -0.56089602659842 0.78433741069959 -0.58076651259919 -0.531315202467414 "yes"
"2038" 2169 0.638603015279484 0.0404793172830596 0.0408090803638055 -0.40107192792502 -0.356191190258794 -0.56089602659842 0.795209862042569 -0.58076651259919 -0.53004801509415 "yes"
"2039" 2170 0.477296124616951 0.0808959386329047 0.0812229707401413 -0.40107192792502 -0.356191190258794 -0.56089602659842 0.804715917352253 -0.511218517064926 -0.530881176297231 "yes"
"2040" 2171 -0.214248869383759 0.121311230100161 0.121635491507421 -0.40107192792502 -0.356191190258794 -0.56089602659842 0.804715934470695 -0.58076651259919 -0.528833671897148 "yes"
"2041" 2172 0.147089466582135 0.161725151910879 0.16204660290132 -0.40107192792502 -0.356191190258794 -0.56089602659842 0.801705497408715 -0.58076651259919 -0.52368319917119 "yes"
"2042" 2173 0.0788684311427768 0.202137664299355 0.202456265165863 -0.346893535103773 -0.345609755061613 -0.513273615565646 0.78248715350376 -0.58076651259919 -0.516165824908123 "yes"
"2043" 2174 -0.344965358086479 0.242548727508236 0.242864438553848 -0.40107192792502 -0.292045809151394 -0.460140524636771 0.343563982463977 0.543591370134624 -0.491218982986869 "yes"
"2044" 2175 -0.492514388598676 0.282958301788942 0.283271083326828 -0.399207844465268 -0.322023199809367 -0.330468299233677 0.423654234056157 0.447200394430164 -0.483074725979643 "yes"
"2045" 2176 0.297110198512991 0.323366347401648 0.323676159755451 -0.40107192792502 -0.355834130363237 -0.56089602659842 0.804376576720207 -0.58076651259919 -0.476605558296666 "yes"
"2046" 2177 1.51063732002546 0.363772824615625 0.36407962811983 -0.40107192792502 -0.356191190258794 -0.56089602659842 0.804716037165769 -0.58076651259919 -0.491908708477024 "yes"
"2047" 2178 1.7141234883355 0.767742601070065 0.768017137000268 -0.40107192792502 -0.356191190258794 -0.56089602659842 0.530781055135663 -0.58076651259919 -0.532574123075516 "yes"
"2048" 2179 1.01712428896579 0.808129206517184 0.808400298051892 -0.40107192792502 -0.356191190258794 1.01762299068966 0.148703707901097 -0.574181063433441 -0.532926021528173 "yes"
"2049" 2180 0.898610504181284 0.929276598288284 0.929537119580573 -0.40107192792502 -0.356191190258794 0.523715019095632 -0.0852324574360946 -0.58076651259919 -0.528843706690305 "yes"
"2050" 2181 0.361398897054876 0.969654788760846 0.969911707667151 -0.40107192792502 -0.356191190258794 2.82685542895508 -0.0844984149891968 0.319382696035577 -0.51136023749294 "yes"
"2051" 2183 1.58467680631108 1.09077598608705 1.09102186112223 -0.40107192792502 -0.356191190258794 0.500943586783665 0.353416757574962 -0.58076651259919 -0.52856855426937 "yes"
"2052" 2184 1.28680423642274 1.1311451287441 1.13138724363438 -0.40107192792502 -0.356191190258794 2.62486388234123 -0.0780549170666584 -0.470088069701806 -0.532663919488087 "yes"
"2053" 2185 1.55372620630751 1.17151191066548 1.17175022600906 -0.40107192792502 -0.356191190258794 2.58324230712545 -0.235454190764022 -0.34655339197632 -0.489629783727794 "yes"
"2054" 2186 1.26474790344035 1.21187629236617 1.21211076877684 2.42660847229963 -0.356191190258794 3.52501783072681 -0.630856798977092 0.13120805686307 -0.463458216249687 "yes"
"2055" 2187 1.19028915289177 -0.282472950114384 -0.282105402530873 -0.40107192792502 -0.356191190258794 -0.470274994044399 -2.49132214231475 1.38503041854319 -0.33825704398705 "yes"
"2056" 2188 1.25332550892353 -0.0398296818844329 -0.0394772239104908 -0.40107192792502 -0.356191190258794 -0.56089602659842 0.764482853084335 -0.58076651259919 -0.532663097554808 "yes"
"2057" 2189 0.671352210936005 0.000606850948970801 0.000956654547961816 -0.40107192792502 -0.356191190258794 -0.56089602659842 0.785819620445273 -0.58076651259919 -0.533219978204074 "yes"
"2058" 2190 1.40517904380634 0.0410421311913018 0.0413892405981904 -0.40107192792502 -0.356191190258794 -0.56089602659842 0.804715895277373 -0.58076651259919 -0.53321997820407 "yes"
"2059" 2191 0.215756216612833 0.0814761189806028 0.0818204943873958 -0.40107192792502 -0.336826494338808 -0.56089602659842 0.774430809125123 0.100704413528779 -0.490764363720047 "yes"
"2060" 2192 -0.449852311449646 0.121908774462693 0.122250376070734 -0.40107192792502 -0.356191190258794 -0.42717326390607 0.712728661572566 -0.0710055333215102 -0.467168195295849 "yes"
"2061" 2193 -0.0163496853284215 0.162340057791347 0.16267884581144 -0.40107192792502 -0.356191190258794 -0.339611007773748 0.730298828100074 0.178748348175535 -0.47560833874918 "yes"
"2062" 2194 -0.920999329342889 0.202769929128419 0.203105863781311 -0.40107192792502 -0.0357003899537537 0.0544254615706597 -0.0809141880557209 1.22792162529137 -0.483340305330021 "yes"
"2063" 2195 -0.510517294082834 0.243198348644325 0.243531390160726 -0.40107192792502 -0.234476980878179 -0.536899492954687 0.524666163122054 0.0777493542874094 -0.503584765486537 "yes"
"2064" 2196 0.40575540781149 0.283625276518064 0.283955385139167 -0.40107192792502 -0.356191190258794 -0.56089602659842 0.782112003592431 -0.58076651259919 -0.511177303344004 "yes"
"2065" 2197 1.75863305908228 0.526153290456542 0.526464967373766 -0.40107192792502 -0.356191190258794 -0.56089602659842 0.721340713915171 -0.58076651259919 -0.528976683642742 "yes"
"2066" 2198 1.27536742534322 0.72821165535512 0.728506881216889 -0.40107192792502 -0.356191190258794 -0.56089602659842 0.695059959777208 -0.58076651259919 -0.533090268424669 "yes"
"2067" 2199 1.51858797039871 0.768617580970584 0.768909397718268 -0.40107192792502 -0.356191190258794 -0.56089602659842 0.481468731946717 -0.58076651259919 -0.532632064852271 "yes"
"2068" 2200 0.46652123733968 0.970616289477559 0.970890466875172 -0.40107192792502 -0.356191190258794 3.55624495825588 -0.351045999581603 0.1301434911056 -0.525029729351542 "yes"
"2069" 2201 1.70631690290021 1.01100956971597 1.01128010058594 -0.40107192792502 -0.356191190258794 -0.440247814143048 0.70354190121077 -0.58076651259919 -0.408360507483035 "yes"
"2070" 2202 1.48449770805077 -0.322509782106227 -0.322122448913191 -0.40107192792502 -0.356191190258794 0.873151881637237 -0.268046016786921 -0.296738829391039 -0.395263550228004 "yes"
"2071" 2203 1.31952853523726 -0.282048172953434 -0.281663217562335 -0.40107192792502 -0.356191190258794 -0.0867225484125649 -2.66876979447727 2.55712357110582 -0.319796786853654 "yes"
"2072" 2204 1.34440661353027 -0.0393003951165098 -0.0389305451541803 -0.40107192792502 -0.356191190258794 -0.56089602659842 0.784426295166636 -0.58076651259919 -0.532695171555467 "yes"
"2073" 2205 0.972854728985576 0.00115354865784036 0.00152074135444226 -0.40107192792502 -0.356191190258794 -0.56089602659842 0.804715873219786 -0.58076651259919 -0.533219978204074 "yes"
"2074" 2206 0.746800601340018 0.0416062375538531 0.0419707330949901 -0.40107192792502 -0.356191190258794 -0.56089602659842 0.804715890327414 -0.58076651259919 -0.533219978204066 "yes"
"2075" 2207 -0.0159066861998676 0.0820576316369033 0.0824193901420434 -0.40107192792502 -0.356191190258794 -0.398729264597056 0.766492659558965 0.281018850176522 -0.464019822575327 "yes"
"2076" 2208 -0.706039734488934 0.122507690980187 0.122866672578014 -0.40107192792502 -0.314992800635615 0.10641393685581 0.405113638974413 1.32444710205332 -0.40331090656166 "yes"
"2077" 2209 -0.763285645913461 0.162956375664733 0.163312540493832 -0.40107192792502 -0.247862535123107 -0.0851354271272068 0.225558735491585 1.94881322900641 -0.4254996098453 "yes"
"2078" 2210 -0.741944947276987 0.203403645780086 0.20375695398856 -0.40107192792502 -0.0493111862753341 -0.351162986177952 0.00036756049222741 0.450120227855429 -0.449532338831211 "yes"
"2079" 2211 -0.501891991518787 0.243849461423927 0.244199873170251 -0.40107192792502 -0.356191190258794 -0.56089602659842 -0.0185706657341045 -0.208625824027425 -0.511828621862482 "yes"
"2080" 2212 1.12269389386081 0.284293782702924 0.284641258155673 -0.40107192792502 -0.356191190258794 -0.56089602659842 0.782710107377026 -0.58076651259919 -0.529865379334848 "yes"
"2081" 2213 1.50051870096938 0.365177782637308 0.365519266051506 -0.40107192792502 -0.356191190258794 -0.56089602659842 0.467349427498373 -0.58076651259919 -0.48857545139155 "yes"
"2082" 2214 1.57994526632272 0.405617381551442 0.405955809242551 -0.40107192792502 -0.356191190258794 -0.559242223727031 0.802126544665719 -0.58076651259919 -0.414030563951943 "yes"
"2083" 2215 1.00139566058251 0.446055326618748 0.446390658798988 -0.40107192792502 -0.287573392364646 1.00620594233912 0.0237979438077667 -0.285789224777617 -0.45963136401637 "yes"
"2084" 2216 1.31021298849952 0.48649157799273 0.486823774885971 -0.40107192792502 -0.356191190258794 -0.56089602659842 0.757560803570227 -0.58076651259919 -0.521582800266921 "yes"
"2085" 2217 1.56973194318252 0.688646035562724 0.688961959798407 -0.40107192792502 -0.356191190258794 -0.56089602659842 0.712798941525553 -0.58076651259919 -0.533132663774436 "yes"
"2086" 2218 1.75438258418197 0.729071288587074 0.729383839133916 -0.40107192792502 -0.356191190258794 -0.56089602659842 0.775830408851319 -0.58076651259919 -0.533113607674194 "yes"
"2087" 2219 1.49604348780192 0.931167173901272 0.931462260940685 -0.40107192792502 -0.356191190258794 -0.56089602659842 0.804716266358146 -0.58076651259919 -0.389676276544566 "yes"
"2088" 2220 0.366502990440142 0.971579996862815 0.971871472285288 -0.40107192792502 0.0717112428754453 4.21821640204115 -0.973496008302245 0.0182502792873553 -0.137534127476624 "yes"
"2089" 2221 0.480684242026486 1.01199060913612 1.0122784333364 -0.40107192792502 0.418806220658098 4.47445944050738 -2.11137587541099 4.89774207034351 -0.0800451028665253 "yes"
"2090" 2222 1.73173100852514 -0.322101494708857 -0.321696711371891 -0.40107192792502 -0.356191190258794 1.08584555624611 -0.290662381289119 0.382901635339082 -0.457099051950058 "yes"
"2091" 2223 1.41908585949989 -0.0387698934110907 -0.0383826115617564 -0.40107192792502 -0.356191190258794 -0.56089602659842 0.804715851176993 -0.58076651259919 -0.531419862372174 "yes"
"2092" 2224 0.0553416045813947 0.00170150124632655 0.00208612293025416 -0.40107192792502 -0.356191190258794 -0.56089602659842 0.794510668152139 -0.58076651259919 -0.532139113220656 "yes"
"2093" 2225 -0.151821328058349 0.0421716387306236 0.0425535602866194 -0.40107192792502 -0.356191190258794 -0.56089602659842 0.736308832656312 -0.58076651259919 -0.533181465590355 "yes"
"2094" 2226 -0.604025286211092 0.0826404790343055 0.0830196605089513 -0.40107192792502 -0.323741214860161 -0.419238001411216 0.583383124303471 1.27772259642518 -0.476610024439478 "yes"
"2095" 2227 -0.783257774965688 0.123107982157598 0.123484383607031 -0.40107192792502 -0.306629847905223 -0.369917798816876 0.350375332256228 0.862734074458282 -0.4179624321336 "yes"
"2096" 2228 -0.193481175832736 0.163574108108894 0.163947689598649 -0.40107192792502 -0.356191190258794 -0.531520677381164 0.748465920248246 -0.106831265093455 -0.451657159177892 "yes"
"2097" 2229 0.0770561041349208 0.204038816904601 0.204409538510408 -0.40107192792502 -0.349973830504604 -0.531295006026004 0.705575765882414 -0.457014511645846 -0.474471213393391 "yes"
"2098" 2230 0.658343547307358 0.244502068569933 0.244869890377479 -0.40107192792502 -0.356191190258794 -0.56089602659842 0.465895818844556 -0.58076651259919 -0.519680278151912 "yes"
"2099" 2231 1.42383336587588 0.284963823138677 0.28532870524389 -0.40107192792502 -0.356191190258794 -0.56089602659842 0.744558111308544 -0.58076651259919 -0.522480726095723 "yes"
"2100" 2232 1.01368491304445 0.325424040653475 0.325785943163159 -0.40107192792502 -0.356191190258794 -0.56089602659842 0.804716005039919 -0.58076651259919 -0.497163613607034 "yes"
"2101" 2233 0.528081965441539 0.365882681166461 0.366241564198017 -0.40107192792502 -0.356191190258794 2.02532138445974 0.152754158655662 -0.499699344164362 -0.471020372478787 "yes"
"2102" 2234 0.684260321629026 0.406339704738981 0.406695528420991 -0.40107192792502 -0.193476389337497 5.18076063253905 -0.7570617100924 0.134847311864484 -0.439490573278319 "yes"
"2103" 2235 1.32313629312725 0.446795071442178 0.447147795914494 -0.40107192792502 -0.311899885115254 1.34266954163552 0.276379691260714 -0.420089678316308 -0.486981604684173 "yes"
"2104" 2236 1.76652050583663 0.689490242668981 0.689823535483769 -0.40107192792502 -0.356191190258794 -0.56089602659842 0.741407564393256 -0.58076651259919 -0.533140056417638 "yes"
"2105" 2237 1.65190300765088 0.932115716224014 0.932428145530716 -0.40107192792502 -0.356191190258794 -0.514136960565058 0.793694993518937 -0.58076651259919 -0.428711665491304 "yes"
"2106" 2238 0.748054322637604 0.972545914938662 0.97285472799095 -0.40107192792502 -0.356191190258794 3.30236380528227 -0.611083802833586 0.295971895069333 0.0670805834659016 "yes"
"2107" 2239 1.26537407822607 1.01297389892983 1.01327905605089 -0.40107192792502 -0.260147226709152 6.63474405095604 -1.34140036738468 1.03875514514242 -0.119345569594589 "yes"
"2108" 2240 0.798756399163575 1.05339962844255 1.05370108997019 -0.40107192792502 -0.316043727369086 5.48375060394859 -1.60446429332908 1.05779122274109 -0.464830957021207 "yes"
"2109" 2241 1.05517527728711 -0.0787282794893097 -0.0783209027518709 -0.40107192792502 -0.356191190258794 -0.56089602659842 0.804715829148014 -0.58076651259919 -0.531399381918561 "yes"
"2110" 2242 0.361151804587321 -0.038238174546375 -0.0378334208385273 -0.40107192792502 -0.356191190258794 -0.56089602659842 0.804715846244161 -0.58076651259919 -0.52958036976142 "yes"
"2111" 2243 1.1167041421806 0.00225071100920097 0.00265280164305784 -0.40107192792502 -0.356191190258794 -0.56089602659842 0.804715863339106 -0.58076651259919 -0.530615917675615 "yes"
"2112" 2244 1.57182363123732 0.0427383370893557 0.0431377246136062 -0.40107192792502 -0.356191190258794 -0.56089602659842 0.795194562858335 -0.58076651259919 -0.533123828519638 "yes"
"2113" 2245 -0.083653323517499 0.0832246636134216 0.0836213080016269 -0.40107192792502 -0.319477346350984 -0.389662670958211 0.662580102331152 0.230876057108435 -0.49549532448201 "yes"
"2114" 2246 -0.632871176858075 0.123709650508518 0.124103511743753 -0.40107192792502 -0.211534904918991 -0.432824888096268 0.335133918356659 0.157220547020735 -0.458684249439895 "yes"
"2115" 2247 0.229422420544566 0.16419325770989 0.164584295784919 -0.40107192792502 -0.3431378128059 -0.553800690078371 0.769701485705147 -0.58076651259919 -0.503730936252048 "yes"
"2116" 2248 0.875396183109195 0.204675445161084 0.205063620078524 -0.40107192792502 -0.356191190258794 -0.56089602659842 0.804715948787222 -0.58076651259919 -0.520913476176959 "yes"
"2117" 2249 0.736469640316985 0.245156172814108 0.245541444586782 -0.40107192792502 -0.356191190258794 -0.56089602659842 0.804715965872594 -0.58076651259919 -0.531457762403283 "yes"
"2118" 2250 0.702460475944555 0.28563540062979 0.28601772928092 -0.40107192792502 -0.356191190258794 -0.56089602659842 0.794060340689855 -0.58076651259919 -0.502270409554627 "yes"
"2119" 2251 -0.0064574382670063 0.326113088577969 0.326492434141343 -0.40107192792502 -0.322138648301308 1.31317340897565 0.0595405867790259 0.286407673835549 -0.432314286308177 "yes"
"2120" 2252 0.508051551288774 0.366589196637662 0.366965519158049 -0.40107192792502 -0.336090240914485 12.410241665836 -2.36938895330079 1.19479148739257 -0.451677939450497 "yes"
"2121" 2253 1.33858471546116 0.407063684797481 0.407436944330642 -0.40107192792502 -0.356191190258794 0.425544757573234 0.572208644016238 -0.58076651259919 -0.499723541669822 "yes"
"2122" 2254 1.36256547335371 0.892616640336943 0.892950032744971 -0.40107192792502 -0.356191190258794 -0.56089602659842 0.734409438948817 -0.58076651259919 -0.512280639849371 "yes"
"2123" 2255 0.820164084898474 0.933066433504048 0.93339624476951 -0.40107192792502 -0.356191190258794 2.93534630161223 -0.480972472064168 0.422171232664983 -0.509197967953968 "yes"
"2124" 2256 1.16773366434098 0.973514047740052 0.973840238099208 -0.40107192792502 -0.356191190258794 1.8586236315125 -0.853079929801159 -0.114689926857172 -0.353020977393788 "yes"
"2125" 2257 1.16179285081357 1.05440258006948 1.05472140938389 -0.40107192792502 -0.0348880998220803 2.67550637828006 -1.12295303142032 0.69206012573342 -0.502121853993104 "yes"
"2126" 2258 1.67682440101439 1.09484341852179 1.0951585077277 0.969565331820117 -0.356089383796762 1.58938028503733 -0.290827324908655 -0.58076651259919 -0.508341478560065 "yes"
"2127" 2259 1.61781506765866 -0.118721694079799 -0.118294216847752 -0.40107192792502 -0.356191190258794 -0.56089602659842 0.612570409186348 -0.58076651259919 -0.531535546909605 "yes"
"2128" 2260 0.853883687231912 -0.0782128744590365 -0.0777879829742294 -0.40107192792502 -0.356191190258794 -0.56089602659842 0.804715824228588 -0.58076651259919 -0.53128643364792 "yes"
"2129" 2261 1.27201419860977 -0.0377052362931783 -0.0372829706821482 -0.40107192792502 -0.356191190258794 -0.56089602659842 0.804715841313311 -0.58076651259919 -0.529496087264089 "yes"
"2130" 2262 1.21982319950218 0.0433063350055345 0.0437232285243999 -0.40107192792502 -0.356191190258794 -0.56089602659842 0.159675519291548 -0.58076651259919 -0.533155297228612 "yes"
"2131" 2263 0.397009370065554 0.083810187822786 0.0842243351414541 -0.40107192792502 -0.356191190258794 -0.478850269841742 0.639655013759773 -0.476030283542318 -0.502992775290655 "yes"
"2132" 2264 -0.467633033338626 0.124312698554421 0.124724059582847 -0.40107192792502 -0.314277007774803 -0.477705776481134 0.550292420756584 0.317739970772366 -0.481617611111691 "yes"
"2133" 2265 -0.732453110496029 0.164813827062478 0.165222361720099 -0.40107192792502 0.116789689156248 -0.24836095563943 0.189468610347232 0.298049109053627 -0.336603859896955 "yes"
"2134" 2266 -0.211117812384421 0.205313533217083 0.205719201433479 -0.40107192792502 -0.320848313244433 -0.4803806207348 0.673109399742131 -0.564009435122054 -0.346394215952997 "yes"
"2135" 2267 -0.223681844416186 0.245811776897117 0.246214538611776 -0.40107192792502 -0.259754887094484 -0.55739402774301 0.651346564963579 -0.407991407075955 -0.486001614093354 "yes"
"2136" 2268 -0.305947394375417 0.286308517989977 0.286708333153181 -0.40107192792502 -0.237671162890763 0.0483820268229043 0.395775535760943 1.14051573393311 -0.490157778356033 "yes"
"2137" 2269 0.260158826423497 0.326803716392464 0.327200544964961 -0.40107192792502 -0.250694012060445 -0.18663156905278 0.558335857516822 -0.207940336495756 -0.451026427445501 "yes"
"2138" 2270 1.62993342665146 0.367297332010455 0.367691133963811 -0.40107192792502 -0.356191190258794 -0.56089602659842 0.804716012115444 -0.58076651259919 -0.470183438410695 "yes"
"2139" 2271 1.83262952556442 0.407789324759255 0.408180060076387 -0.40107192792502 -0.356191190258794 -0.56089602659842 0.804716029187485 -0.58076651259919 -0.50636749883718 "yes"
"2140" 2272 1.72966352321254 0.650704957523099 0.65107645331612 -0.400981618804921 -0.356191190258794 -0.56089602659842 0.665405703946235 -0.58076651259919 -0.533219978204074 "yes"
"2141" 2273 1.75028473585984 0.853082681686844 0.853437046297815 -0.40107192792502 -0.356191190258794 -0.56089602659842 0.726426133755355 -0.58076651259919 -0.530849976202703 "yes"
"2142" 2274 1.60289925001759 0.893552077199003 0.893902895923854 -0.40107192792502 -0.356191190258794 -0.56089602659842 0.804716233952169 -0.58076651259919 -0.504293932220294 "yes"
"2143" 2275 0.756657203738185 0.934019329717314 0.934366562705266 -0.40107192792502 -0.356191190258794 6.17871898563423 -1.4777405489429 1.59014117608526 -0.507467677683057 "yes"
"2144" 2276 1.38929078409533 1.05540783011164 1.05574406693176 0.0141812538399837 -0.356191190258794 3.40383732454239 -0.494831043003295 0.55210043555136 -0.517466049000674 "yes"
"2145" 2277 1.53728964189577 -0.0776962879726925 -0.0772538416138113 -0.40107192792502 -0.356191190258794 -0.56089602659842 0.660848055585806 -0.58076651259919 -0.531093987300924 "yes"
"2146" 2278 0.638619437251837 0.124917128825463 0.12534602972752 -0.40107192792502 -0.356191190258794 -0.56089602659842 0.802339963580427 -0.58076651259919 -0.532745166407144 "yes"
"2147" 2279 -0.463531815473829 0.165435818769953 0.165861890080742 -0.40107192792502 -0.2928857726272 -0.406868857968402 0.589965946638606 -0.411438567995022 0.0742262521537897 "yes"
"2148" 2280 -0.954301577129613 0.205953083749246 0.206376285324864 -0.40107192792502 0.659533536931869 -0.207176912859344 -0.947240300786027 3.23692972326651 0.0853593797730171 "yes"
"2149" 2281 -0.184825171775188 0.246468883568646 0.246889175275313 -0.40107192792502 0.0175187120168936 -0.308365713986539 0.419158115501088 -0.149746715020975 -0.304177030400789 "yes"
"2150" 2282 0.0533457389131607 0.286983178042187 0.287400519756783 -0.40107192792502 -0.342085586691651 -0.535857052050626 0.780278808874724 -0.48675539670999 -0.463421062617554 "yes"
"2151" 2283 0.579856627536571 0.32749592699317 0.327910278603036 -0.40107192792502 -0.356191190258794 -0.56089602659842 0.804715990044341 -0.58076651259919 -0.527408638598534 "yes"
"2152" 2284 1.11478738035192 0.368007090253965 0.36841841165763 -0.40107192792502 -0.356191190258794 -0.56089602659842 0.804716007109234 -0.58076651259919 -0.532890381597599 "yes"
"2153" 2285 1.21587540598985 0.894489657057176 0.894857941949361 -0.182632491378053 -0.356191190258794 0.408224539691469 0.349722776216183 0.242375303110044 -0.495102992252102 "yes"
"2154" 2286 1.03748411702543 0.934974408852881 0.935339103399623 -0.40107192792502 -0.356191190258794 3.66010202776764 -1.2852725108574 1.42344667257573 -0.500546517975579 "yes"
"2155" 2287 1.53569506973931 1.05641538277556 1.05676906689272 2.16147344503907 -0.356191190258794 0.00507236009086642 0.517573724830685 -0.0825420536363162 -0.528485729183585 "yes"
"2156" 2288 1.73294853411054 -0.117722528854751 -0.117259896107118 -0.40107192792502 -0.356191190258794 -0.56089602659842 0.0331304392514066 -0.58076651259919 -0.531967809237858 "yes"
"2157" 2289 0.750020684618329 0.1255229438598 0.125969424789393 -0.40107192792502 -0.356191190258794 -0.56089602659842 0.545072998018841 -0.58076651259919 -0.531849022400011 "yes"
"2158" 2290 1.2058447440779 0.166059235444027 0.166502883551989 -0.40107192792502 -0.356191190258794 -0.56089602659842 -0.271177625453368 -0.58076651259919 -0.0851742146339311 "yes"
"2159" 2291 -0.530918972646709 0.206594099442806 0.207034874511324 -0.40107192792502 -0.170841337076369 -0.263521763718914 0.215770852935841 0.930916155355638 -0.0761081185577525 "yes"
"2160" 2292 0.216082548130768 0.247127495587438 0.24756535740942 -0.40107192792502 -0.351610251979647 -0.56089602659842 0.746754273328253 -0.562250527946871 -0.304177030400789 "yes"
"2161" 2293 1.22594809415398 0.287659383618548 0.288094291997038 -0.40107192792502 -0.356191190258794 -0.56089602659842 0.804715967985124 -0.58076651259919 -0.467410532153648 "yes"
"2162" 2294 0.783228151952766 0.328189723285502 0.328621638034443 -0.40107192792502 -0.356191190258794 -0.56089602659842 0.804715985044186 -0.58076651259919 -0.525878533898501 "yes"
"2163" 2295 0.969430251626145 0.368718474347171 0.369147355291507 -0.40107192792502 -0.356191190258794 -0.56089602659842 0.804716002102357 -0.58076651259919 -0.531380525722195 "yes"
"2164" 2296 1.56786226062117 0.409245596572031 0.409671403547917 -0.40107192792502 -0.356191190258794 -0.56089602659842 0.804716019159344 -0.58076651259919 -0.532943331656615 "yes"
"2165" 2297 1.62665974211218 0.85492494190296 0.855314287858328 3.18160393467063 -0.356191190258794 -0.56089602659842 0.751892401340717 -0.58076651259919 -0.525884750953811 "yes"
"2166" 2298 1.36208933658258 0.935931674913047 0.936313870927261 -0.40107192792502 -0.356191190258794 1.49388660164175 0.0613484720494265 0.733466688622956 -0.500546517975579 "yes"
"2167" 2299 1.74361141842078 1.05742524228155 1.05779641355953 3.18160400060741 -0.356191190258794 -0.56089602659842 -0.0584372295435693 -0.024704346760016 -0.532881055156809 "yes"
"2168" 2300 1.001593355322 0.207236582991848 0.207694971760775 -0.40107192792502 -0.340820265433731 -0.56089602659842 0.731881096292997 -0.58076651259919 -0.499267791128084 "yes"
"2169" 2301 -0.372377968475737 0.247787615721502 0.248243087855487 -0.40107192792502 -0.326717792110767 -0.413701364806391 0.453229618141816 0.057767787584093 -0.471022207742283 "yes"
"2170" 2302 0.809605872601804 0.288337137560546 0.288789652789088 -0.40107192792502 -0.356191190258794 -0.510825655971856 0.791036181073075 -0.58076651259919 -0.478655959142744 "yes"
"2171" 2303 1.22357374428599 0.328885108184701 0.32933462624792 -0.40107192792502 -0.356191190258794 -0.56089602659842 0.804715980051177 -0.58076651259919 -0.51751448745023 "yes"
"2172" 2304 1.69694425798504 0.369431487278914 0.369877967927866 -0.40107192792502 -0.356191190258794 -0.56089602659842 0.804715997101887 -0.58076651259919 -0.524833150837787 "yes"
"2173" 2305 1.41340964628366 0.207880537099312 0.208356579849793 -0.40107192792502 -0.356191190258794 -0.56089602659842 0.764792302382392 -0.58076651259919 -0.507926335681226 "yes"
"2174" 2306 -0.00887312944090284 0.248449246747512 0.248922369464338 -0.40107192792502 -0.145051817725121 -0.49953879483891 0.482360478381572 0.573061285561456 -0.471022207742283 "yes"
"2175" 2307 -0.318362328187316 0.289016442719104 0.289486605057645 -0.40107192792502 -0.323782857749846 -0.3690515712275 0.1158820992214 0.784021216794426 -0.479027609540206 "yes"
"2176" 2308 0.235030491938252 0.329582084615582 0.330049246241844 -0.40107192792502 -0.289679833043051 -0.530657225392857 0.600066674231004 -0.285547036955799 -0.518065309382791 "yes"
"2177" 2311 1.81118374253789 0.978388074788894 0.978801749369189 3.11173903230771 -0.356191190258794 -0.56089602659842 0.011189686379053 -0.58076651259919 -0.533176458585227 "yes"
