"fid"	"agricuture"	"evergreen_forest_evergreen_forest"	"scrub_forest"	"shifting_cultivation"	"deciduous_forest"	"alpine_sub_alpine"
"1"	2	1296965.56307975	10860441.3101027	11143258.6273289	517600.737641952	0	0
"2"	3	931335.669508065	7771664.82269225	7135831.43636667	604928.524257221	0	0
"3"	6	0	11479273.6760262	9013452.80292872	2939507.79589708	0	0
"4"	7	0	11689585.6389383	4569013.20031698	8260218.53715563	0	0
"5"	8	674933.439466015	8493137.49896579	5406055.44976718	9644154.81002521	0	0
"6"	9	40561.6417128544	21571863.9718853	3198064.40640528	72001.0117289959	0	0
"7"	12	0	14260405.5747563	5002876.23203322	4145890.37283724	0	0
"8"	13	0	11356987.8054292	4191049.30507744	8635053.91402062	0	0
"9"	14	609503.432342686	11359845.0863344	6154712.59190905	6052197.71591257	0	0
"10"	15	3816526.09546955	8178550.09309327	7967231.04285975	4732737.44268748	0	0
"11"	16	1137977.48368902	18165858.9550967	3144789.72825038	1863490.59022959	0	0
"12"	19	3164858.60581577	11751764.6753458	4723640.55768257	4775363.73544568	0	0
"13"	20	0	7358657.05746261	7081476.44075222	9096098.9517586	0	0
"14"	21	0	5495429.54697429	9716849.63574407	9102768.29293298	0	0
"15"	22	0	15592307.6305144	3587514.42246104	5334216.9443477	0	0
"16"	23	0	22379226.8339078	714915.457193503	1499143.84823481	0	0
"17"	24	645653.578971013	15958541.8429045	2103267.19038598	0	0	0
"18"	31	0	12739639.8654372	1322316.15588638	2286814.62193669	0	0
"19"	32	0	12374400.0643701	7254786.13915337	5121986.92812717	0	0
"20"	33	77570.2538998183	11536351.1069211	5564995.59653205	6760363.49090462	0	0
"21"	34	0	14536431.1288802	9727917.7821479	101558.581764508	0	0
"22"	35	0	14186833.4574492	4738676.53758974	5564734.55521861	0	0
"23"	36	0	18639971.5368411	6142182.77457628	11395.3856894001	0	0
"24"	37	0	17989574.7232684	6039137.18063284	767642.976957858	0	0
"25"	38	1600543.79248643	21960258.0898379	1094016.00195313	326694.295467141	0	0
"26"	39	201410.653796963	16494884.7595949	6092644.36564485	814217.079494986	0	0
"27"	42	1971767.7274257	18158239.933543	489005.673387147	0	193711.326881684	0
"28"	43	0	22692701.4477468	1185765.37814002	0	0	0
"29"	44	20376.7035848871	20702661.6813611	152306.358695761	34494.162365012	0	0
"30"	45	2387326.48760214	16322575.6131934	446564.968236732	0	358384.670630214	0
"31"	51	179343.287913925	13995159.9701037	1672371.48558932	0	0	0
"32"	52	0	12866493.2569191	1395805.65103469	0	0	0
"33"	58	0	14522685.5867153	6589523.44672912	3288309.20253936	0	0
"34"	59	198090.191085223	11766170.4823596	9562322.26133847	1817033.78181173	0	0
"35"	60	0	15664553.6544852	4408916.6976981	3684573.79038263	0	0
"36"	61	0	12665087.9307158	8910949.30717895	2933153.46533547	0	0
"37"	62	0	15827199.3408484	6162094.04406181	2851454.63481406	0	0
"38"	63	0	21767563.1862913	2123428.10326729	1058893.66797349	0	0
"39"	64	0	13150277.393517	9738800.71023581	1151491.93011799	0	0
"40"	65	145.293801782653	15860002.5347237	5429475.72092113	3410963.41390737	0	0
"41"	66	2612886.48481991	12963703.8045528	1321428.44670009	0	0	0
"42"	67	4061998.54154098	16447673.5889412	124.454068392515	0	0	0
"43"	70	1164693.72398463	12354012.5529947	6848796.77099631	1107284.68208848	0	0
"44"	71	0	22761371.7654018	1243872.72012074	756922.487727906	0	0
"45"	72	0	19323102.5165462	3295045.31105531	1959635.10570225	0	0
"46"	73	0	23593945.2157292	235383.066095236	0	0	0
"47"	74	0	23135132.787103	647598.191457637	0	0	0
"48"	75	0	23420872.6576106	78157.2325124927	0	0	0
"49"	76	40427.1945955295	17718587.7582237	1046143.01921655	0	0	0
"50"	77	0	14222716.9307208	88410.3175415478	0	0	0
"51"	78	0	14444428.1498473	798449.366946769	31807.7440826889	0	0
"52"	79	0	14270800.9348432	542760.255525759	0	0	0
"53"	82	0	20497076.0203193	35030.8503321111	0	0	0
"54"	83	861016.834369878	20293803.9327649	271854.876931886	9575.24035543681	0	0
"55"	84	962019.658362771	21458485.2908892	1218327.69166379	14238.7906377674	0	0
"56"	85	0	24528204.1450034	61073.2446646108	0	0	0
"57"	86	201100.555295482	21311241.1823198	1792336.7154639	408241.578052057	0	0
"58"	87	0	22641640.92204	946038.762494358	224370.206616728	31861.0303889755	0
"59"	88	258962.000203777	21850425.6400717	34.5315653844737	0	0	0
"60"	89	0	18912304.0546824	67.4746219813824	0	0	0
"61"	90	0	16016540.3673864	543742.397662348	0	0	0
"62"	91	34823.3192913281	17149479.5671425	116196.593035248	0	362941.537932725	0
"63"	92	0	20579168.6615947	460204.064998618	480209.32066847	0	0
"64"	93	6406118.76698294	15887561.4938191	208744.892315368	431026.978806438	0	0
"65"	94	6219726.52843832	14662085.6879935	641572.67205586	332849.138539677	0	0
"66"	95	4759514.00112917	13900659.8971821	425054.212331562	264112.747129481	0	0
"67"	99	290307.459184095	17899544.4664452	4283988.12190014	2169483.0819105	0	0
"68"	100	23406.1555978432	12694166.8207479	7472267.96955755	4259138.69068142	0	0
"69"	101	0	12525345.6684291	8979001.38652848	2839547.42808813	0	0
"70"	102	0	16452463.9041322	6883937.55226236	1313007.29175671	0	0
"71"	103	0	19848475.3596842	3197813.88379059	1692597.97503671	0	0
"72"	104	0	17217768.0551452	4679602.31803589	2881939.84550973	0	0
"73"	105	0	19307872.4949819	4752353.13665161	759861.837588517	0	0
"74"	106	0	11488300.5171316	9543079.77929215	3271291.14816443	0	0
"75"	107	0	20593390.2829768	2800317.03228795	1470983.07683254	0	0
"76"	108	87435.6424596121	20949724.6790996	3502739.78299341	441321.439762945	0	0
"77"	111	0	14276724.6327559	6332652.08379407	3542144.75981007	0	0
"78"	112	0	22825533.5293751	987036.974838003	173285.384592135	0	0
"79"	113	0	24713117.6594219	0	271508.770830113	0	0
"80"	114	0	24999997.9747669	0	0	0	0
"81"	115	0	24625774.0248233	0	0	0	0
"82"	116	155946.381649935	24178992.6891006	131382.74423204	0	0	0
"83"	117	0	24146275.2418266	241309.017762236	73988.8340304903	0	0
"84"	118	0	24562542.7564323	108231.315492124	0	0	0
"85"	119	0	23767248.0598734	626918.847449183	0	0	0
"86"	120	1073526.25743769	20593112.4460272	1911910.84766759	104937.674797611	0	0
"87"	121	934137.868864824	11824226.3800283	2332960.49075472	0	0	0
"88"	126	0	19980861.3871778	23045.1959127039	0	0	0
"89"	127	0	24576038.9496726	0	0	0	0
"90"	128	0	24658329.1387472	0	0	0	0
"91"	129	1816530.18125416	17536654.2521804	2423046.96991276	26705.3224447556	0	0
"92"	130	16416.0595662948	22089329.6141431	1477655.90996131	64913.2959505664	0	0
"93"	131	820670.300634331	18657133.6422857	4735634.40266799	428662.741243344	0	0
"94"	132	403618.727360139	20744233.0266578	2492886.67753737	453869.560253253	0	0
"95"	133	0	24409560.9525246	0	0	0	0
"96"	134	259177.555558823	24300028.2817361	30076.5776174982	81420.6359480616	0	0
"97"	135	0	24527073.6493553	236032.181983804	106184.271824336	0	0
"98"	136	2689761.40009631	20046893.1053337	57801.8809016658	521282.027348835	137844.013926969	0
"99"	137	2578898.2368963	21144253.5283046	0	471.629588864482	0	0
"100"	138	0	24287857.3195462	0	293065.084634384	0	0
"101"	139	0	24238814.1337624	0	529681.409804811	0	0
"102"	140	47658.7207062992	22224354.7656819	658920.005861958	1566743.68787072	0	0
"103"	141	59148.8108885	22888576.837057	124429.917854741	1602549.62340912	0	0
"104"	142	5722913.42228241	12700912.6839605	46310.6625590175	175225.106174078	0	0
"105"	144	0	12750722.3057749	3450708.70970777	1315663.11744513	0	0
"106"	145	0	20951485.3749446	2749959.11631992	1262011.20543824	0	0
"107"	146	249310.202421841	17963777.2652895	2082227.16568391	4064849.74557692	0	0
"108"	147	0	16314543.9131382	5460595.26096016	2311784.47482749	0	0
"109"	148	0	15211608.318552	5424124.49752845	4235466.5033111	0	0
"110"	149	0	14887555.8944619	6631190.25090502	2520709.44520348	0	0
"111"	150	0	16261003.9323603	4344359.31832587	1536678.03901076	0	0
"112"	151	148492.205067292	21927736.6438328	2468157.96585974	349527.465744167	0	0
"113"	152	0	23107028.0417365	1449469.01979665	443507.124955312	0	0
"114"	153	10238.0294014739	17767525.8197932	4527447.38611295	2295109.34453682	0	0
"115"	154	76852.1138947094	16355834.6052346	2783664.42156886	5359329.21370844	0	0
"116"	155	1972568.50891387	18856055.8171543	132203.278334625	4374.57978906389	0	0
"117"	157	0	18523984.9747781	2654095.61807631	429649.852021944	0	0
"118"	158	1997664.69731313	9535174.66081002	9942901.29224502	1925199.19905678	0	0
"119"	159	1864022.37558982	14497739.2939025	6839943.30465526	1188819.60643041	0	0
"120"	160	0	22907547.9837978	631360.396109887	1199333.0885163	0	0
"121"	161	0	24999997.9495354	0	0	0	0
"122"	162	0	24988771.3138498	0	0	0	0
"123"	163	0	24748200.585136	0	84829.916893626	0	0
"124"	164	0	24482629.9364215	0	0	0	0
"125"	165	0	24228613.6086547	0	107780.922338612	0	0
"126"	166	0	24152369.8780856	0	11703.9655157404	0	0
"127"	167	94531.8527861878	22356271.9170967	876229.321777091	181546.653036892	0	0
"128"	168	0	24361524.2133924	5.92858254536986	0	0	0
"129"	169	0	22784281.2659747	681878.313606633	0	0	0
"130"	170	0	23963841.5449212	0	0	0	0
"131"	171	0	21633624.7392847	455263.004681294	0	134673.17716181	0
"132"	172	0	24334050.6637036	0	0	0	0
"133"	173	0	24332707.8152594	0	0	0	0
"134"	174	0	24082507.7853004	0	253839.825583149	0	0
"135"	175	0	24556197.360884	0	0	0	0
"136"	176	0	23940695.8105082	0	213053.721951021	0	0
"137"	177	0	24280159.3685665	0	18664.3187194164	0	0
"138"	178	0	24113517.672701	0	6900.64200911298	0	0
"139"	179	0	24367752.6649349	0	0	0	0
"140"	180	0	24442340.6021245	0	75408.5586384106	0	0
"141"	181	402255.182961564	23154320.1604941	728585.196047712	379889.764722347	0	0
"142"	182	1272796.75559583	19366601.6417392	2409492.39968731	155080.159049917	0	65685.8025457658
"143"	183	3242444.72723856	18450355.388446	1531842.81972391	398236.553359664	0	59581.9075513921
"144"	184	3099784.08417265	18133623.8957383	2048322.88563702	227938.328699581	0	18295.6635821739
"145"	185	5082096.80169642	16710937.8842851	300407.986432783	890254.527682675	31240.6907614558	0
"146"	186	3013527.72451146	19325367.0673452	0	1815958.83114913	0	0
"147"	187	1312446.33077116	15676778.5865195	216177.50585364	1288040.78608101	0	0
"148"	188	1776269.13389745	19902112.399095	73917.5948083649	1096558.01956747	0	0
"149"	189	0	23793184.4637275	0	1139539.21481383	0	0
"150"	190	3080220.00083116	17862690.955231	0.0146321952342987	1057560.92309903	510648.034181345	0
"151"	194	0	8377749.2856024	1456309.81071821	242872.461263663	0	0
"152"	195	0	21583377.0445343	1912895.34102109	899453.606344439	0	0
"153"	196	0	20131762.6918542	2144572.7649267	1651553.57209145	0	0
"154"	197	0	19458904.549339	3522218.76933094	1505656.9851201	0	0
"155"	198	0	13290091.0081497	9762484.35221802	950330.189574465	0	0
"156"	199	0	17230941.2083554	5974567.43876998	1143595.04558632	0	0
"157"	200	95445.6903926071	17963313.7481437	3774611.8618942	2790970.97100763	0	0
"158"	201	0	23344366.5855727	1055234.70534444	600402.854693563	0	0
"159"	202	0	23527174.9655805	385149.847602936	861843.748527672	0	0
"160"	203	267287.528325025	17426989.2168274	3522156.6164909	3003968.49420144	0	0
"161"	204	0	24449802.6792211	305996.778534928	244204.982445103	0	0
"162"	205	2913419.07351024	20538382.1893107	76.6937991827726	0	0	0
"163"	206	4086723.42191976	16673944.3764495	66.0651526488364	0	0	0
"164"	209	728890.360615211	13876508.2062255	7883034.27576181	996727.924302616	0	0
"165"	210	153644.425806963	11685031.7836554	10187656.3731091	1468356.78645122	0	0
"166"	211	2734727.90959082	19660903.4052263	1244605.88045596	620793.992736073	0	0
"167"	212	700266.136301815	19627121.8008422	3531293.44528049	629912.403221751	0	0
"168"	213	620657.534708338	20747588.1630759	3209698.08238978	265169.274200333	0	0
"169"	215	0	24786939.5082672	186722.17937708	0	0	0
"170"	216	0	22947861.3042067	2019563.1127163	0	0	0
"171"	217	0	20816344.6896379	3725817.21873584	189762.310770714	0	0
"172"	218	0	23888253.2410047	83704.9609096949	486226.250901099	0	0
"173"	219	204691.318118042	20369620.9593461	2090517.23603329	215502.014469405	0	0
"174"	220	0	24490848.1306404	157449.945423827	0	0	0
"175"	221	0	24375644.9800911	0	0	0	0
"176"	222	0	24137894.4586795	0	0	0	0
"177"	223	0	22609663.5443973	0	0	163641.21845551	0
"178"	224	0	23924021.4050124	0	126070.014740673	0	0
"179"	225	0	24078362.1629531	0	514569.101027518	0	0
"180"	226	0	23849133.2869807	0	377133.210316805	0	0
"181"	227	0	24059395.7279558	11013.4014487732	0	0	0
"182"	228	0	24271912.0269646	0	0	0	0
"183"	229	0	24419363.218312	0	53760.7720816578	0	0
"184"	230	0	24555953.5853896	0	153796.144809267	0	0
"185"	231	0	24900236.880512	0	0	0	0
"186"	232	0	24836042.3026521	0	0	0	0
"187"	233	561548.406985946	23172624.742978	49270.3665039437	839449.448983114	0	0
"188"	234	139312.888947839	23322799.6358065	0	903241.13297999	0	0
"189"	235	0	23584184.4857494	0	1359843.79418823	0	0
"190"	236	0	24512709.9153784	136775.576681403	0	0	0
"191"	237	233373.279321566	20384862.5212604	3255599.39525873	71398.269606767	0	0
"192"	238	453524.859432138	22452117.026833	386099.811026635	1300486.32207783	0	0
"193"	239	2163933.10239415	12958120.7520421	106162.635920971	1926155.53612162	20004.5949462631	0
"194"	240	1171150.18805588	13377341.5279216	1203396.44790372	1522897.52720138	0	0
"195"	241	2754452.28533559	12643926.8433043	1398797.32107618	437616.773420684	0	0
"196"	242	26677.4929164449	22859896.5752305	448736.271855604	748194.758630169	0	0
"197"	243	717830.851901812	17595742.7668391	832041.557647295	951971.144812748	365816.440390694	0
"198"	247	790160.070422036	16019739.2202079	1150644.20944764	773449.407398263	0	0
"199"	248	189323.091067176	22977007.2776608	584897.662374922	398797.429934442	0	0
"200"	249	189580.962344341	19746934.1830519	4498985.45652572	388512.924047929	0	0
"201"	250	0	17607780.5643684	5309574.81857263	1598248.59337905	0	0
"202"	251	0	18215263.6313939	3387051.61510207	3192278.93969559	0	0
"203"	252	0	18958633.7166541	4196859.84224696	1693061.62321597	0	0
"204"	253	0	22220504.0661125	984020.44984349	1602408.78328719	0	0
"205"	254	191391.339057868	19188725.4945151	860821.494589838	4035391.22666127	0	0
"206"	255	160530.266674903	21576111.2960333	499918.974602802	2364921.80562048	0	0
"207"	256	0	24993833.7608548	6170.7452314226	0	0	0
"208"	257	0	23641230.2869644	649843.877525505	577352.602164858	0	0
"209"	258	402009.072586477	23998094.6263889	195542.454220396	227027.616649856	0	0
"210"	260	0	12212774.1932934	549758.370145209	146252.503508079	0	0
"211"	261	392326.52437646	20973378.0307475	3035831.43644864	134825.155670191	0	0
"212"	262	0	20880231.7239517	3303332.7470702	295354.971630667	0	0
"213"	263	221884.977125637	20087854.1688796	3704317.30601058	506062.071308057	0	0
"214"	264	2045697.92365118	16546078.7326535	5527697.40010759	232842.749203886	0	0
"215"	265	467179.309080442	17469813.5652734	6714881.14708756	0	0	0
"216"	266	0	23133169.926383	1481712.75204707	385115.597754367	0	0
"217"	267	0	24466271.5812263	63214.978466216	53788.1327858837	0	0
"218"	268	134040.803511368	22734092.4459446	809639.550303239	236272.318763536	0	0
"219"	269	228611.401857586	21528202.6031688	2191767.4917141	228281.931927984	0	0
"220"	270	298503.162060812	23006218.0340877	6669.55716595502	350325.819761697	0	0
"221"	271	0	24470109.0653988	0	0	0	0
"222"	272	0	24550352.4849237	0	0	0	0
"223"	273	0	24298628.9204167	0	0	0	0
"224"	274	0	23292937.7674316	0	0	0	0
"225"	275	0	23034932.0417244	0	0	0	0
"226"	276	0	23962007.5834699	0	0	0	0
"227"	277	0	24844397.6959375	0	0	0	0
"228"	278	0	24516334.263752	0	47193.9201495384	0	0
"229"	279	587631.524859353	23919296.8391693	0	127762.541768041	0	0
"230"	280	1197370.04814139	21524234.7928531	1172836.01858462	163671.544687512	0	0
"231"	281	1171053.64349295	23042129.2613667	398457.923999205	15326.222229084	0	0
"232"	282	40454.750788127	24773109.3083217	0	186435.723793761	0	0
"233"	283	0	24999999.876987	0	0	0	0
"234"	284	0	24281933.7388082	44723.1394291725	618720.99108585	0	0
"235"	285	0	24755298.3801254	0	0	0	0
"236"	286	0	24688959.0292946	0	0	0	0
"237"	287	182609.132382672	23275954.7355404	185322.370088525	1095065.60717132	0	0
"238"	288	154899.465536357	23211698.4916452	122552.639636816	1244435.18102245	0	0
"239"	289	0	23472840.1714791	83919.7193727218	1095829.45183064	29231.5878632148	0
"240"	290	3467884.29319206	16631221.3921845	1176614.22540837	1040184.28814842	122999.64211255	41741.8393117856
"241"	291	5419142.23423624	5089306.00959248	2321130.58831512	1018571.7155493	133856.354307785	116630.32319664
"242"	292	3830993.45307266	12310937.863589	309208.077630865	389528.365113067	128083.20217542	579767.336892001
"243"	296	1468869.37779884	16573064.9511769	739572.40109728	273990.692253808	0	0
"244"	297	69668.7948278432	19813584.9229017	2949688.25527054	1855345.98015452	0	0
"245"	298	0	21203065.6570159	2737300.27967143	679357.883150511	0	0
"246"	299	0	20454846.7909196	2960702.67712992	1432208.73056295	34371.5190446693	0
"247"	300	0	19880510.8472992	2904820.54126382	1837140.23235961	0	0
"248"	301	910796.710581525	12773752.5886762	3097940.04614894	5160152.16037102	191238.11789667	0
"249"	302	903795.661424797	20018955.6545653	1091263.61556673	2086956.7237343	0	0
"250"	303	0	23091586.2562799	1234541.82813535	509518.421534794	0	0
"251"	304	0	25000004.5718915	0	0	0	0
"252"	305	0	23438106.3601291	229848.17705395	953234.751376368	0	0
"253"	306	1746122.59056342	19560772.9062808	41953.2841120511	197704.36097258	0	0
"254"	310	0	23445815.67493	40.7354512512684	0	0	0
"255"	311	1396054.83427478	14881289.6982153	7471497.48570696	355957.70237525	0	0
"256"	312	1291474.53603849	13214265.6722441	7036308.87595541	2340377.98426226	0	0
"257"	313	1553467.44386231	10791703.0126932	11632273.4373164	449810.95044914	0	0
"258"	314	3304523.07081087	8194176.95097193	10286466.8705578	191542.246811358	0	0
"259"	315	420378.939826591	13119137.5939444	9929600.89611788	863074.97565119	0	0
"260"	316	153459.09072132	10754088.1317598	10218025.8616943	0	0	0
"261"	317	30225.5749231703	19156893.2603616	4668231.88650704	0	0	0
"262"	318	595203.71652853	16266923.953546	6558374.9297564	541193.737247973	0	0
"263"	319	0	22254083.5592244	1483091.95638771	797730.697487019	0	0
"264"	320	116285.036079515	22499062.1558094	703588.528318847	524401.307577137	0	0
"265"	321	0	22331032.6735976	1323588.74070024	113970.291067701	0	0
"266"	322	0	23643002.9215076	61823.646461393	0	0	0
"267"	323	0	24243726.597502	0	0	0	0
"268"	324	0	24137752.2707624	0	0	0	0
"269"	325	0	24193950.4627336	0	51508.8459113389	0	0
"270"	326	0	24903279.0295223	0	0	0	0
"271"	327	0	24969497.0360958	0	0	0	0
"272"	328	43242.7851756453	24740458.5730221	0	52416.7549288967	0	0
"273"	329	2008446.91268384	21985184.839239	0	371977.681265817	0	0
"274"	330	31171.8664412074	24611563.5746254	45601.44052245	296420.868443613	0	0
"275"	331	1874074.39519102	22005458.5947608	104113.26419703	803462.005834244	0	0
"276"	332	1539313.39001758	21493847.9125126	0	1533140.55963326	0	0
"277"	333	1336725.79030904	22568526.6489283	47211.8825157485	521881.902145078	0	0
"278"	334	1738689.3909537	22159607.9412569	0	425186.172116709	0	0
"279"	335	427902.277956591	24198789.4350926	58333.6393142837	307076.113673166	0	0
"280"	336	76436.0820878176	23200091.5760575	0	1189317.07097919	0	0
"281"	337	0	24851294.1930078	0	41800.6281662586	0	0
"282"	338	1719835.39026941	21260349.972845	606359.258391998	658894.943700191	0	0
"283"	339	2473730.12781512	21302983.6803917	0	734586.044748125	67124.1041756459	0
"284"	340	598552.924135005	23020234.7190705	185128.435317684	721713.188339991	0	0
"285"	341	390441.857394645	19637567.3395132	134974.323430503	3958870.98893214	0	0
"286"	342	4589979.41299767	17491576.3439618	169957.399736822	592597.493633399	204772.859758898	107113.826181334
"287"	343	0	17731475.1042293	100968.614241935	10544.5744287517	0	0
"288"	346	288964.363814648	24155403.4911889	214560.573587842	253701.994231301	0	0
"289"	347	0	23459982.2076322	1177697.20871408	351490.11433741	0	0
"290"	348	24037.6233507796	22076895.4586145	1722577.29524033	1027437.35176775	0	0
"291"	349	416989.253572956	21310995.6745043	1023290.47277987	2143384.82044321	0	0
"292"	350	0	22264353.8151497	1390622.41725963	1201224.36981763	0	0
"293"	351	1675058.15899738	16372875.7328941	1148788.39787937	4477623.53981775	0	0
"294"	352	801926.051287512	20139756.2284169	2684486.44867209	717460.884538389	0	0
"295"	353	0	24298159.4288455	163628.801130719	538216.31395766	0	0
"296"	354	0	22471662.4135229	197841.706668991	1937892.83286542	0	0
"297"	355	0	24946904.1347433	0	50664.8212660272	0	0
"298"	359	1175684.17450471	23709674.680531	0	0	0	0
"299"	360	1752498.05028703	22426550.3656907	383218.448224396	0	0	0
"300"	361	580127.924047331	15364185.4888751	7731507.17454335	408891.152764002	0	0
"301"	362	577511.575015997	10071734.7098553	12798456.5780348	1263393.33629686	0	0
"302"	363	104983.762671906	10493795.9696766	13586670.7900023	344929.369547378	0	0
"303"	364	0	11368275.7414618	12489522.7019493	671893.347646556	0	0
"304"	365	201749.379020041	5210738.19440075	17676609.9252515	541264.220661901	0	0
"305"	366	110278.515924757	6041736.40960253	17024607.7513272	1240399.18362973	0	0
"306"	367	0	12428059.0588568	12284936.038445	287003.266802598	0	0
"307"	368	0	24595889.4885646	297411.30500738	98504.2801386865	0	0
"308"	369	252689.227053617	21434346.435966	2745108.52596278	195447.55071334	0	0
"309"	370	15475.4565562204	21286918.9132791	2128113.85353255	346981.821279946	0	0
"310"	371	0	23421328.3319729	1538031.61159057	34611.5365690534	0	0
"311"	372	0	24514303.6018033	100061.59839198	0	0	0
"312"	373	0	24843030.600278	0	0	0	0
"313"	374	0	23511820.515943	361964.477321005	95940.519063957	0	0
"314"	375	0	24322112.4856208	27171.6561629199	0	0	0
"315"	376	0	24537560.9418331	0	0	0	0
"316"	377	3851972.7200592	19899552.3699657	11332.9469153554	422855.550208037	0	0
"317"	378	130737.685360875	24562356.8359291	147223.262182787	106069.381872268	0	0
"318"	379	2559720.01736914	21632849.4734256	752080.281509513	13037.4299178398	0	0
"319"	380	351228.09060363	24161473.5589605	0	245891.165794438	0	0
"320"	381	0	24970276.208548	0	0	0	0
"321"	382	955408.857341133	21762130.2962514	279509.537485129	1659398.49281292	0	0
"322"	383	2749934.99948769	15806633.5655755	1210316.69850656	3583980.42577761	0	0
"323"	384	1075751.31155396	20207094.1944269	263100.367089316	2293084.80948953	0	0
"324"	385	1280471.56880419	20577000.9888257	222581.162692072	1740266.26452984	0	0
"325"	386	1059343.34131257	18818306.7056745	818959.542208209	1022728.85011938	0	0
"326"	387	2794429.36036141	17647925.8872595	557595.892460542	2200692.5004761	37202.6246454371	0
"327"	388	680085.00715521	20651525.7740698	201710.622952092	1855889.11038442	0	0
"328"	389	974725.842596136	21180312.1851392	567577.121140915	1345248.09157179	0	0
"329"	390	825602.255520172	18779000.0622099	1224700.29150122	2338971.99152873	0	0
"330"	391	304092.970634609	21926497.0799339	276199.466843021	1230939.39794025	0	0
"331"	392	2677953.39025364	20126215.8539584	145960.193630409	541801.648060744	23079.2324109485	23773.1554166281
"332"	393	0	23383937.7389153	1304196.54475356	168859.408264524	0	0
"333"	396	7872.95402214816	24697798.5112414	0	0	0	0
"334"	397	30507.5846757591	22814996.8899032	488190.611792594	0	0	0
"335"	398	3306796.93326156	13995171.388742	403658.191413072	1683468.43531757	150542.261474379	0
"336"	399	1988837.07448796	21702465.9238262	3751.75022192299	685651.024225109	3321.35419916175	0
"337"	400	0	22461446.0685548	180278.899513994	1923832.39417529	0	0
"338"	401	0	23744173.8917613	85181.4977701089	908340.401891453	0	0
"339"	402	376400.021772634	21359635.0688796	1802650.80047029	923744.45866064	26740.2955823317	0
"340"	403	686730.041802191	18846887.6125046	2505471.0618546	2213565.45263237	0	0
"341"	404	368783.144897537	22266462.395817	488635.733277079	1506486.64582921	0	0
"342"	405	0	23309685.893149	864890.900143295	820537.608083337	0	0
"343"	406	1331801.66015478	22713985.3476818	11.1132803559303	0	0	0
"344"	409	5930147.37510053	16668181.365972	96899.6399176084	0	0	0
"345"	410	7512078.58836142	15629570.6430924	309.619304671884	31152.8560819328	243090.55782681	0
"346"	411	376615.533858017	23683750.6246244	76579.4147425368	114384.372290585	0	0
"347"	412	0	24684138.6301555	42350.0597462961	0	0	0
"348"	413	758943.967913543	17110642.1205507	5913893.14964629	1159533.82077494	0	0
"349"	414	0	17087870.900242	6576586.65012717	160423.27623853	0	0
"350"	415	0	24333374.2554376	402022.243874602	264601.702382509	0	0
"351"	416	0	19022962.7138382	5767857.08517189	0	0	0
"352"	417	0	18536258.8178547	5868766.26653602	299976.543217576	0	0
"353"	418	0	17001761.6636268	6736248.52327186	252838.180741649	0	0
"354"	419	56533.2577169069	17594752.728703	4963869.752167	1262746.92126211	0	0
"355"	420	17619.3643891341	20306042.2597718	2530843.29628111	1167176.16272572	0	0
"356"	421	52337.8362083041	22189373.5599775	1503985.60023864	258736.635592162	0	0
"357"	422	3542755.65830904	17983764.2772049	1240725.4339524	1287189.59430852	0	0
"358"	423	442119.287817574	22309380.5908648	115899.476834357	127716.27759809	0	0
"359"	424	322505.968515182	22101292.1164524	0	992622.125915332	0	0
"360"	425	100088.310851293	24563214.9754623	0	305014.26328821	0	0
"361"	426	2012384.34430675	21709113.4248886	0	816276.526607828	0	0
"362"	427	4311005.08280201	16635976.1771009	1091946.36798549	1872434.51770846	0	0
"363"	428	1506763.07170261	19858293.3780713	2197532.11051245	629579.622609461	0	0
"364"	429	0	24603150.085637	0	207089.193212549	0	0
"365"	430	0	24901506.9864393	0	48455.7642775321	0	0
"366"	431	0	24789222.5761216	0	210777.12892749	0	0
"367"	432	121960.256078297	22292068.177353	342527.437370583	1221038.38662632	0	0
"368"	433	0	22962979.5429835	831510.073381423	869706.315021584	0	0
"369"	434	149941.33574748	23669192.5291544	150860.105896702	998216.214688532	0	0
"370"	435	205914.570659266	20039481.4110696	433517.539383438	2845244.52203043	0	0
"371"	436	115802.33600585	23265967.1332697	194465.940880679	939828.072996881	0	0
"372"	437	31348.5485883639	24956202.9124698	0	12448.8077198522	0	0
"373"	438	29885.8997428308	21724947.3734001	136749.45254555	2500921.75380508	0	0
"374"	439	24.7969597142655	23703278.3287262	148119.61100839	827220.138382414	0	0
"375"	440	0	23855977.4568005	214962.459462575	403127.097784669	0	0
"376"	441	360168.396676789	22033985.6521405	604847.837872391	517702.557784634	0	0
"377"	442	0	24611424.9553498	0	39407.6475479246	0	0
"378"	443	451949.934590921	20860407.2495117	2329637.35086998	89077.1749021225	0	0
"379"	450	2.33383602648973	9508097.83993862	64791.9510106104	977781.435640092	0	0
"380"	451	0	17783282.8492924	368184.352631069	2084470.91258611	0	0
"381"	452	0	22135678.2767501	455779.113872484	1427272.49234497	0	0
"382"	453	93769.5157008094	16678658.5326155	754265.272860967	881636.970546786	0	0
"383"	454	29745.3687005742	20454319.4364893	433956.30477332	1593189.38318705	32752.1814063322	0
"384"	455	270826.8427694	22511941.450766	226682.349850493	1467015.78647145	0	0
"385"	456	0	23851758.4153692	50147.6817784122	1098098.6716756	0	0
"386"	457	83572.0245323777	23821246.5337893	0	975802.743173574	0	0
"387"	458	3776393.50349862	18533814.1603059	82799.2412895896	0	0	0
"388"	461	624861.244220726	10458907.153427	94.9050699472427	0	0	0
"389"	462	1514038.33060108	22093582.5313281	0	0	184692.885833062	0
"390"	463	5440728.851548	17770109.7834221	0	0	174635.3242257	0
"391"	464	0	24662936.8786776	90389.7473354898	0	0	0
"392"	465	874286.770020912	20928907.505188	1471992.31818356	511880.228203841	0	0
"393"	466	1845516.36800992	13362559.9697378	7679842.41169331	383641.17040516	0	0
"394"	467	666721.102267531	15405577.9060737	6408402.88814218	1602542.58853946	0	0
"395"	468	1880687.86156608	11515720.2323391	10162342.177094	440848.459166015	0	0
"396"	469	143969.28286892	9827372.17696555	13445941.5260296	489721.404259471	0	0
"397"	470	1008467.47759484	15962634.8911895	6412335.60578791	794388.123262364	0	0
"398"	471	206255.143448527	9936143.13412037	13867921.6433482	23037.3750110948	0	0
"399"	472	0	2742.8406753965	23280327.3649222	25161.6902759362	0	0
"400"	473	0	9526733.72465676	15227515.3009817	205466.118683225	0	0
"401"	474	176723.216675614	16167094.3971885	7833147.7911485	766919.194532289	0	0
"402"	475	41368.6432236247	17147850.6603212	4363459.01830159	2963563.81236692	0	0
"403"	476	151027.015265301	16416659.1943728	6280731.5694904	1133305.04827451	0	0
"404"	477	388591.719204206	23627945.2320196	582294.370803172	150037.694151756	0	0
"405"	478	452866.656819542	24398099.1364061	0	149033.134069287	0	0
"406"	479	149629.677042554	23845051.3317366	0	623653.77924268	0	0
"407"	480	12651.7705666347	22111945.9359909	78636.1626867969	1613205.10118684	0	0
"408"	481	836550.64978574	19943185.0050749	472637.529636418	2272504.85112022	0	0
"409"	482	0	23906787.6205505	0	1017366.47417006	0	0
"410"	483	0	24759877.2167179	0	230119.271556866	0	0
"411"	484	78150.4617247137	19991893.8632793	0	4246185.71887334	0	0
"412"	485	0	24229048.5074952	0	475408.469059313	0	0
"413"	486	0	24999999.6791067	0	0	0	0
"414"	487	0	24999999.7730484	0	0	0	0
"415"	488	0	24999999.8669786	0	0	0	0
"416"	489	59639.6897897593	23304860.7274086	0	1010757.29478895	0	0
"417"	490	1051360.48646301	20173002.4161474	144603.048313623	2673660.20993178	0	0
"418"	491	438398.259229292	23785624.9364578	45912.4534083951	485068.704451232	0	0
"419"	492	0	25000000.2426174	0	0	0	0
"420"	493	0	24883731.2835707	0	21880.1256727772	0	0
"421"	494	1191628.99616441	18786942.9997377	3230650.50340848	1244048.03212675	0	0
"422"	495	93869.1245916354	19896210.6913689	3449909.97183071	1229813.80045494	82071.9219330681	0
"423"	496	487686.644598127	15956552.0613354	5013475.06068338	788911.471754185	357570.617041849	0
"424"	497	0	23968974.4447825	81974.1392889053	425277.321502879	0	0
"425"	498	0	24020763.4949272	303204.244606633	270287.491458868	0	0
"426"	499	386378.669248342	22545537.1808836	54787.7579693026	508666.307891351	0	0
"427"	505	46025.9129811563	20307121.8279171	47447.4506389871	2054683.68809975	0	0
"428"	506	851053.858420327	20218506.4048344	261072.914152875	2964205.17349104	0	0
"429"	507	985294.626559078	20145471.2017144	1401144.39768351	1903993.37187407	0	0
"430"	508	2175269.54253913	17816901.6244118	1937409.96940171	919514.285716035	0	0
"431"	509	529087.574448922	23067186.0984154	366845.263156072	587130.986684961	0	0
"432"	510	2792514.6537297	19741779.0927677	149673.566474182	284100.901811584	0	0
"433"	511	4394531.72047851	14745235.1887317	93774.195006161	801886.725477603	0	0
"434"	517	7682333.71589289	14617982.9460694	128.602760970592	0	152804.324060865	0
"435"	518	774328.624217473	22642009.1405139	170030.101077419	0	112619.779672426	0
"436"	519	0	24611006.95354	20979.8013153574	11090.8584336303	0	0
"437"	520	2752437.69148316	16318695.1118619	4097595.46119666	1059471.91512232	0	0
"438"	521	3555257.86995364	12827095.4162976	6521198.84153634	217907.967566732	0	0
"439"	522	3931634.64264347	11610116.8405182	7620283.48394213	763362.740863868	0	0
"440"	524	2276018.0288606	10939649.8990616	9797665.54637309	1278461.23718833	0	0
"441"	525	73496.1008980466	17001041.9253142	7852775.60090682	11541.252493383	0	0
"442"	526	2165265.11569607	9110510.71361533	12589109.6590655	978135.030648993	0	0
"443"	527	188187.583286915	7551638.70725489	15118611.1997636	99520.1297072402	0	0
"444"	528	293425.630462023	1846845.65670986	20858236.6449832	1201298.34125906	0	0
"445"	529	0	17187346.0476643	7238008.13507716	524278.742601182	0	0
"446"	530	0	24568190.2452833	431808.280413115	0	0	0
"447"	531	0	20739892.9110766	3026273.26954958	1174432.07924126	0	0
"448"	532	224547.71059651	22562600.7628258	1063701.65613706	693186.955475052	0	0
"449"	533	1060464.67171215	22540840.0433282	630600.921700816	697929.104270121	0	0
"450"	534	0	24999998.901684	0	0	0	0
"451"	535	0	23893403.6564887	0	913304.433956911	0	0
"452"	536	333603.611453197	23620019.3045241	93073.6580406125	520384.143093084	0	0
"453"	537	623293.247035484	17710224.8068947	2091235.67758885	1955195.35937399	0	0
"454"	538	65517.9583347827	23536238.8745856	27648.0066634808	1084512.41391784	0	0
"455"	539	0	24996885.2496169	0	3114.12182402611	0	0
"456"	540	0	24699624.2381804	0	278821.919729189	0	0
"457"	541	0	24449801.0062896	0	285393.717849138	0	0
"458"	542	0	24984076.273316	0	0	0	0
"459"	543	0	24999999.8409789	0	0	0	0
"460"	544	120763.762716615	24177189.2258132	0	533087.762501799	0	0
"461"	545	0	24777359.5614459	0	222640.46728084	0	0
"462"	546	658096.330397887	22023232.2408927	319470.310521901	1531449.16045611	0	0
"463"	547	0	24721885.5380391	0	0	0	0
"464"	548	0	24710837.1555478	0	0	0	0
"465"	549	117827.422798979	21704355.146754	957748.80221326	2037573.12903235	0	0
"466"	550	2398623.62762525	11624275.333331	6013969.85394049	3075768.48143896	140886.005675975	0
"467"	551	532853.329439557	18144504.8208105	3826809.78896836	1358198.19798788	246732.610365415	0
"468"	552	554128.647928096	21257364.4120753	784876.762378541	1948106.35784225	0	0
"469"	553	1011240.21191542	22290662.2949982	674194.649667625	372310.580755893	0	0
"470"	554	2240720.03534237	19902880.6387937	315164.026147846	819353.763551001	0	0
"471"	555	723762.26776721	20172380.9795501	2948225.24321007	218093.8563091	86482.2443818301	0
"472"	556	1071347.71197536	15331778.8988473	338310.70917778	374333.059559724	103653.814603358	0
"473"	558	6247978.58032518	12246437.0249278	793329.945214023	536110.540045437	0	0
"474"	559	334426.706109201	23960318.7604111	0	276364.054349831	0	0
"475"	560	0	23813240.8568536	215882.801968449	619628.009724615	0	0
"476"	561	605022.888051406	22849585.9234028	540246.223767933	677662.35245687	0	0
"477"	562	136219.759198313	23294506.7228424	25856.0024104923	1365404.24484282	0	0
"478"	563	0	23906822.2700559	75745.2706804748	820854.776169122	0	0
"479"	564	0	23281858.9494093	445266.903467011	967595.364409214	0	0
"480"	565	0	24304553.0580474	0	469773.409591243	0	0
"481"	566	173572.704218827	24532386.3340295	0	0	0	0
"482"	567	450532.308465444	24322017.6613779	0	0	0	0
"483"	568	738221.418395594	24177264.8870292	0	0	0	0
"484"	570	4687081.83042912	15088914.8086966	204.114351857454	0	0	0
"485"	571	0	24271368.4853339	0	0	0	0
"486"	572	0	24960770.7386671	0	0	0	0
"487"	573	0	9413804.60271633	11347733.0123476	3109905.85654989	0	0
"488"	574	2217994.4653065	7304183.9799184	13605412.1310514	675578.972486084	0	0
"489"	575	2494482.08852926	16924047.3352419	2926997.84120092	2204011.81608881	0	0
"490"	576	2825120.92865603	11551452.6974062	8509262.55312616	708813.735050849	0	0
"491"	577	677712.501320029	13388911.2961078	10299726.6530724	352749.885802273	0	0
"492"	578	0	23274100.7520939	1578645.25779535	5572.64221898094	0	0
"493"	579	2206300.72997309	10175798.0977151	7799634.33278054	4000883.94200098	0	0
"494"	580	217148.264984861	17049879.9770581	5029863.91090256	1903797.85731439	0	0
"495"	581	0	18343265.0915514	5116209.82814275	1495026.7102643	0	0
"496"	582	0	13130027.8055285	10376641.6586808	1023041.81259013	0	0
"497"	583	0	24885439.8784546	114558.621801736	0	0	0
"498"	584	0	18132317.6942475	3316280.64234103	3415507.85779374	0	0
"499"	585	0	22543676.563116	1908507.33834965	514317.552415604	0	0
"500"	586	823211.525161712	23952741.2557245	0	40748.4713097663	0	0
"501"	587	0	24999998.8760803	0	0	0	0
"502"	588	0	24900165.2086014	0	99833.7613959536	0	0
"503"	589	150069.632509083	20543338.6158173	185989.92982453	2919906.35488958	0	0
"504"	590	506323.637903494	22823334.478792	159477.837963873	1018551.28179174	0	0
"505"	591	0	18461999.1542839	2269084.6466741	3488220.69970413	0	0
"506"	592	0	23619606.1338628	741883.459660807	423830.866638762	0	0
"507"	593	0	24999999.4395211	0	0	0	0
"508"	594	0	24999999.5334027	0	0	0	0
"509"	595	0	24999999.9088228	0	0	0	0
"510"	596	144429.198727029	24807098.884006	0	48471.9199238533	0	0
"511"	597	802035.930046761	19508378.2699603	533476.50344881	3264621.26464223	0	0
"512"	598	0	24679919.3176638	34239.0174618285	191353.524214887	0	0
"513"	599	833575.047923185	20428437.0787242	984083.316262947	1904780.01284521	0	0
"514"	600	1701881.61133843	13714992.0394997	4492006.2860711	3643352.33395822	0	0
"515"	601	2532038.67610827	7654837.15322241	8188592.71902199	4576295.91438515	0	0
"516"	602	664016.376594713	22558324.0179554	484024.494292949	1248270.49194699	0	0
"517"	603	0	24328135.7351221	52409.8244980519	228816.441614722	0	0
"518"	604	0	23631836.9873475	394428.608225342	443136.614589757	0	0
"519"	605	0	23833055.204171	65286.0864271976	201713.784531549	0	22978.1413962916
"520"	606	0	22900661.468206	1497319.89024761	0	0	0
"521"	607	290343.067273026	22737341.2157461	868283.789157904	131646.098614197	0	0
"522"	611	2269192.32211691	13407638.5456047	419672.346623937	1640267.04691528	351475.548778038	0
"523"	612	0	22507325.3834552	0	2453659.44529287	0	0
"524"	613	1743362.87372268	17775968.0145753	2196382.48028089	1577337.82643478	0	0
"525"	614	449730.324710578	23145812.3076322	71837.470425339	519023.106900621	0	0
"526"	615	0	24652393.7958894	108702.845806089	224441.578125882	0	0
"527"	616	0	24780463.4620606	112192.030157566	107349.658222562	0	0
"528"	617	0	25000005.2454004	0	0	0	0
"529"	618	0	25000005.3388448	0	0	0	0
"530"	619	0	24976385.6923012	0	0	0	0
"531"	620	0	24982766.644834	0	0	0	0
"532"	621	0	24811349.2939453	0	0	0	0
"533"	622	723162.408723928	24121995.6432496	0	0	0	0
"534"	623	4825597.31069523	13634869.8210133	111515.422701388	0	0	0
"535"	624	4905606.09692486	13367115.6219981	118.383741410449	0	0	0
"536"	626	4796656.04010429	17103268.2072257	130.98652715981	0	0	0
"537"	627	4325.96483325213	24415267.2465108	0	0	0	0
"538"	628	0	24713698.7687137	114909.39619132	0	0	0
"539"	629	0	23345427.4381327	0	0	0	1231597.60577677
"540"	631	43023.7787615211	19852083.3835878	4233468.82264799	64418.0608802891	0	0
"541"	632	224802.457429173	17658296.0247484	5825777.46860887	144458.589397554	0	0
"542"	633	0	20137233.0028823	4283475.15702747	120603.706243903	0	0
"543"	634	316896.543477536	18354417.5240267	4596358.92020271	751266.333852991	0	0
"544"	635	3038.63196111959	16694535.551406	6861667.55997714	491371.222089816	0	0
"545"	636	0	24559003.1097111	440995.271164788	0	0	0
"546"	637	0	24976952.5700952	0	23045.9986515529	0	0
"547"	638	0	20209204.4907861	3334192.9162091	1394605.00400362	0	0
"548"	639	0	24999998.7565801	0	0	0	0
"549"	640	0	24973666.3586464	0	26332.4927793663	0	0
"550"	641	0	24999998.9443657	0	0	0	0
"551"	642	17478.7932677194	23924206.5883526	0	770307.318412248	0	0
"552"	643	132932.049410082	20148448.2012296	0	3751166.7605561	0	0
"553"	644	0	17324132.5293566	4075440.01048209	3304229.16100367	0	0
"554"	645	0	19756847.2822694	1205741.14591017	3304783.2161165	0	0
"555"	646	0	22386300.811615	1778936.96207411	589769.035096504	0	0
"556"	647	0	24768982.0972016	0	0	0	0
"557"	648	0	24886028.1273799	0	13353.0626785576	0	0
"558"	649	523177.711140602	22656289.7806579	161087.912736645	1298721.44148602	0	0
"559"	650	800269.790014499	20744565.6429013	629237.145556618	2326855.52582036	0	0
"560"	651	1287198.29713027	20264643.8959379	1283193.12554341	1639128.65460289	0	0
"561"	652	938339.892080291	16052823.4989119	2942129.95511075	3526529.36679337	0	0
"562"	653	526972.890783105	1324009.76713632	18068622.9518856	3759471.74396304	0	0
"563"	654	418172.69593099	296130.527653526	22442964.1570827	1119914.46552265	0	0
"564"	655	611903.482637959	7615770.27711992	14262096.1709077	1706757.5262125	0	0
"565"	656	0	23126775.5493567	1339053.29622304	366025.859654991	0	0
"566"	657	0	24110339.390364	714000.442597978	142083.152959105	0	0
"567"	658	0	24057547.4539109	0	0	0	0
"568"	659	0	24875076.8849463	0	0	0	0
"569"	660	0	24202309.234142	388624.533579382	0	0	0
"570"	661	0	23498028.3509508	931762.888706456	44876.2154142391	0	0
"571"	664	14417651.7672369	620600.684658101	1049062.88973465	0	0	0
"572"	666	16600755.756898	339513.110719441	1361700.18806015	0	191093.957925471	0
"573"	667	16024221.4300709	475531.370673803	2924425.44707759	0	377132.916768856	0
"574"	668	10392013.3436418	8628245.97430206	3248999.73486425	1124173.3567749	0	0
"575"	669	9831932.13569563	12020521.4346406	346309.447975765	304136.705538366	0	0
"576"	670	1169721.40726464	23419303.4364737	0	218685.366368864	0	0
"577"	671	0	24863751.8794901	0	143.804156530648	0	0
"578"	672	0	24225472.9465563	0	774532.178069972	0	0
"579"	673	0	25000005.2171037	0	0	0	0
"580"	674	0	25000005.3105118	0	0	0	0
"581"	675	0	25000005.4039032	0	0	0	0
"582"	676	0	25000005.497299	0	0	0	0
"583"	677	0	25000005.5906687	0	0	0	0
"584"	678	0	25000005.6840565	0	0	0	0
"585"	679	0	24921130.0610998	2568.53076781705	0	0	0
"586"	680	0	25000005.8707957	0	0	0	0
"587"	681	0	23902286.2584678	387361.541591063	0	0	0
"588"	682	0	24116028.4263856	22408.9070530618	0	0	0
"589"	683	0	24487703.8308539	62713.4340529293	0	0	0
"590"	684	0	22104755.7929428	141533.700869413	0	0	2358435.27032581
"591"	686	858727.667673426	6594991.98585573	10147385.5309479	605482.762306872	0	0
"592"	687	3726505.99439258	8036067.30325785	11082525.2438913	131648.865976398	0	0
"593"	688	355000.619822731	21810045.6665171	2402217.93063422	249610.15182503	0	0
"594"	689	0	24150484.0124284	139338.218708123	223985.226994347	0	0
"595"	690	18445.1123245657	18245000.3073558	6100730.20634188	143484.564492084	0	0
"596"	691	0	14297579.7528655	10421392.1330339	0	0	0
"597"	692	0	24999998.4493928	0	0	0	0
"598"	693	0	22526268.4908619	21153.2697908704	2452576.80094081	0	0
"599"	694	123993.836946451	21122639.4229219	1901169.37897447	1321297.57439747	19641.2237569001	0
"600"	695	50360.9448388936	23366710.8644845	0	948309.437829046	0	0
"601"	696	0	24252028.7001649	0	681421.551038406	0	0
"602"	697	113735.990851596	23314188.2999306	82172.1534676924	773303.757800007	0	0
"603"	698	47506.8198511205	21218653.219099	537352.662537305	2442709.64322932	0	0
"604"	699	0	20392828.5325846	21712.1608075844	3327762.3197097	0	0
"605"	700	0	20331408.4232701	2218.83058223873	4194055.25653033	0	0
"606"	701	0	24099045.2932836	0	546390.604830943	0	0
"607"	702	0	24999999.3878815	0	0	0	0
"608"	703	0	24526599.8580957	0	52444.1299319402	0	0
"609"	704	230908.949608124	23247136.6828625	49159.9580133196	1133989.37938004	0	0
"610"	705	693316.581612634	19187729.9908765	474209.907290366	3372046.16180411	0	0
"611"	706	2022918.76559016	16932047.1415908	1300591.13065984	3535449.23045878	19496.087468267	0
"612"	707	473674.774897772	20859731.5176545	867798.535363335	2005797.6876883	0	0
"613"	708	1153027.3976066	14937814.5610257	3426539.61493295	4158874.96128531	0	0
"614"	709	612594.079481349	10183077.5486647	9335061.66593082	4226578.08289232	0	0
"615"	710	780503.837599644	1017759.93064139	21405528.0351998	847066.238422384	0	0
"616"	711	639306.275786055	4344679.52788263	16524362.6531032	2290266.01376303	0	0
"617"	712	2006971.63183488	20549211.483051	1144671.8107193	675007.713687331	88891.3882616154	0
"618"	713	0	24999458.7951888	0	541.905087577579	0	0
"619"	714	0	24441374.7095941	0	10874.4457400665	0	0
"620"	715	0	24418380.6850409	91797.3526644134	0	0	0
"621"	716	0	23221175.3842339	1236920.10721227	0	0	0
"622"	717	99411.0396718746	24363199.9702004	109839.004295588	0	0	0
"623"	718	325726.845763291	15444437.1466644	7630.66449776851	59861.7880472988	617084.812263941	64767.5763669973
"624"	720	9590171.33478989	1015599.54722313	88.7993034715764	0	8170.56962831644	0
"625"	721	19661480.705562	3416759.69305182	0	0	1338779.58384726	0
"626"	722	20120519.56502	1025857.72947968	0	0	966926.953590418	0
"627"	723	17021818.2261965	729070.689445663	493993.134914579	0	1200249.94933073	0
"628"	724	14609431.681246	1751110.19025711	3049813.08544979	0	542749.804526004	0
"629"	725	17209296.2806369	2803228.53156163	592841.45796144	0	1963037.38117433	0
"630"	726	11082658.3720858	7190343.70223924	0	262604.930680063	3046053.43275485	0
"631"	727	94164.7998930975	22572470.1887764	5354.83264371287	0	237853.949677547	0
"632"	728	0	24848241.1578874	33561.9874668699	0	0	0
"633"	729	0	25000005.1888399	0	0	0	0
"634"	730	0	24951362.4953826	0	0	0	0
"635"	731	0	22733317.7524274	0	0	126759.873585258	0
"636"	732	0	23299794.171405	0	0	0	0
"637"	733	0	24870587.7507269	0	0	0	0
"638"	734	0	22912604.3000422	909488.797372347	0	0	0
"639"	735	0	24240117.8121617	0	0	0	0
"640"	736	0	24435765.6184514	0	0	0	0
"641"	737	0	23675659.4156907	1276912.97123154	0	0	0
"642"	738	0	24983004.7704702	17001.2584079877	0	0	0
"643"	739	0	24541616.0511434	0	0	0	0
"644"	740	6731212.54971428	8395111.96007091	8566962.89942284	677703.262151629	0	0
"645"	741	1096923.11307749	10093946.0553484	12230681.3472182	1235209.49479934	0	0
"646"	742	52908.3839701202	7001969.6460654	16898577.2237288	568737.940482415	0	0
"647"	743	0	11304626.7086006	11795476.4534269	1415853.09314185	0	0
"648"	744	2624811.43338472	7147201.32559866	12510935.239633	1485744.86624782	0	0
"649"	745	446800.089682272	11853676.7513029	10987311.2233622	205110.739782038	0	0
"650"	746	0	23788462.961659	159046.686156129	0	0	0
"651"	747	0	24781719.4109512	0	0	0	0
"652"	748	0	24252308.2312932	200193.186379918	120569.332990791	118694.714719187	0
"653"	749	54961.5379960611	15572275.4699841	6869807.14761855	1530917.84674634	241605.935627013	0
"654"	750	233884.095066077	24674667.6916904	0	52427.3910624101	0	0
"655"	751	0	22178764.2030716	0	2115271.8860293	0	0
"656"	752	514284.737106012	21860683.674052	311298.204812787	1541874.04155103	0	0
"657"	753	33268.9745076504	21675825.4295126	812406.281512463	1749781.85717597	0	0
"658"	754	0	24701794.6762645	0	298204.404468896	0	0
"659"	755	0	20804673.3449773	0	3673838.83436074	0	0
"660"	756	0	19744327.8844356	276534.407255735	4378010.72241572	0	0
"661"	757	0	23315613.798447	0	1025354.71180613	0	0
"662"	758	0	24543013.1257154	202242.688047373	7166.00813728693	0	0
"663"	759	0	24653133.7406839	0	193108.679282188	0	0
"664"	760	105562.962081684	21289878.5969013	261576.632782854	2695374.11932912	0	0
"665"	761	35802.1310065368	20931762.621105	637681.567399745	2526727.02121521	0	0
"666"	762	0	24145059.4932787	0	800087.823320955	0	0
"667"	763	649939.540480175	20746865.3529845	634307.014150607	2521231.67541468	0	0
"668"	764	1256344.06557888	17210783.4639993	2801458.16616022	2847624.1799345	0	0
"669"	765	897105.293581382	16182891.1059556	5917317.44917579	1596620.64104331	0	0
"670"	766	1583397.4783696	7251808.68895478	14401417.9277401	1565105.47323478	0	0
"671"	767	1690241.54284759	13453395.1494079	5916733.62723741	657218.279814521	370762.271210676	0
"672"	768	8038246.49928026	5660046.13361562	2782195.47985952	364980.031516124	6975753.92194586	0
"673"	769	0	24927763.3492157	0	72237.3247053197	0	0
"674"	770	0	19826789.9492054	271560.208781188	0	0	4901650.60957023
"675"	771	0	23721915.1706884	378339.579012249	0	0	701257.556016416
"676"	772	0	22653601.2216868	1947351.100794	0	0	0
"677"	773	0	21767592.6579153	2096350.61698564	0	0	0
"678"	774	0	21279815.1883863	3306253.84427907	0	0	0
"679"	775	0	24403683.5335936	250949.652850012	0	0	0
"680"	778	21883565.5992806	1197661.8500814	0	0	779507.992532196	0
"681"	779	15328771.0700432	819668.219578526	0	0	2231160.58129962	0
"682"	780	16904008.732706	0	0	0	2148360.64697837	0
"683"	781	15946140.7722482	0	0	0	1823748.11491189	0
"684"	782	16188103.3655537	274936.105489122	0	0	2440060.57672919	0
"685"	783	9619868.3722816	6215250.01969066	194902.21066907	286642.191680256	3139835.12722358	0
"686"	784	2658278.47648804	17689272.235714	392371.114427827	101721.467883664	581929.650959433	0
"687"	785	7328141.24983404	10108145.2752344	1648652.93850403	51640.3373382827	1478603.74717261	0
"688"	786	6329168.76951439	9637175.24005908	0	498641.649965912	2081898.08124031	0
"689"	787	6652606.07522431	13768382.133184	0	271021.690012074	322599.455641526	0
"690"	788	0	24544164.0128082	0	0	0	0
"691"	789	0	21266305.75734	0	0	0	0
"692"	790	0	21645498.2428239	0	0	0	0
"693"	791	0	25000005.6270776	0	0	0	0
"694"	792	0	24982455.9452661	0	0	0	0
"695"	793	0	24756531.6607054	0	0	0	0
"696"	794	0	25000005.9069576	0	0	0	0
"697"	795	0	24954401.7335509	33423.1871291362	0	0	0
"698"	796	0	24854442.4091313	0	0	0	0
"699"	797	601778.456786172	8509850.09042515	13714849.2067882	1498455.11894026	0	0
"700"	798	0	24928464.4254988	0	0	0	0
"701"	799	0	24671659.9498299	0	0	0	0
"702"	800	0	24336271.1277322	50477.6081082856	227089.661370608	0	0
"703"	801	0	23609066.3647931	200025.070944205	933531.332346324	0	0
"704"	802	0	24865761.5442581	0	0	0	0
"705"	803	0	22723753.4317671	1196143.70734017	590735.742828705	0	0
"706"	804	200576.138305485	21306923.5535036	190802.056765424	2890031.92212612	0	0
"707"	805	323581.953170653	22448152.9531616	54403.7739726737	1782885.02350631	0	0
"708"	806	124888.715160612	20762069.0791291	214265.362360291	3124784.89292889	0	0
"709"	807	26145.633387346	23551374.0431179	0	1318327.99549447	0	0
"710"	808	97862.3905384527	22168386.8856285	0	2307843.02746351	0	0
"711"	809	0	24928476.5102674	0	0	0	0
"712"	810	0	24753412.0995642	0	0	0	0
"713"	811	0	24984549.5885036	0	0	0	0
"714"	812	0	24999999.8984571	0	0	0	0
"715"	813	0	24999999.9921286	0	0	0	0
"716"	814	36078.3554454432	24335249.5367172	135503.671838539	493138.813394946	0	0
"717"	815	3045596.39794743	14067742.4652978	1779281.79596445	4359952.36800973	0	0
"718"	816	1397350.43141476	20217169.1928191	725772.454590074	2274328.04057081	0	0
"719"	817	0	24925538.3019688	37299.2379746317	478.295635174261	0	0
"720"	818	4054883.25415156	14596079.0176672	456661.565264663	0	4776605.21522448	0
"721"	819	6289965.43260573	7640713.24470975	4465742.32989194	1132904.76624608	3634660.67426691	0
"722"	820	78446.7110418263	24774736.8391376	4680.4905041387	142136.003076104	0.603812734180792	0
"723"	821	0	24175213.9709964	15678.8300834456	0	0	809107.940087669
"724"	822	0	21707768.9157689	93655.5366126145	0	0	2914419.79444799
"725"	823	0	24684877.9542909	38340.3528664741	0	0	0
"726"	824	0	19033664.5296515	5623986.35268412	0	0	0
"727"	825	0	22985023.5577101	405277.916232051	0	0	0
"728"	826	0	18034177.7671405	1046957.58841032	0	0	0
"729"	828	0	14294383.4322713	128690.03966425	0	0	0
"730"	829	0	21311696.1754303	15031.27165773	0	0	0
"731"	830	0	13356527.7070625	715371.98554376	25817.7994282596	0	0
"732"	831	1791860.51504798	20471543.6461469	311183.698631367	1061568.63823898	0	0
"733"	832	32900.3504744759	16775369.856451	323363.520531673	1228600.7468633	0	0
"734"	835	15146163.6815403	370836.54604981	2959583.49578256	0	872213.982787685	0
"735"	836	12552002.387309	1216148.67643979	1674304.47522948	0	4847276.68712224	0
"736"	837	22254475.4574666	1624556.74439824	0	0	0	0
"737"	838	22455533.2313748	986259.045071788	0	0	0	0
"738"	839	20458958.445132	1529791.2488047	0	0	1356584.1592668	0
"739"	840	5915828.9755024	18002298.7919343	0	418622.157195813	0	0
"740"	841	0	24277615.1945562	0	322834.067958046	0	0
"741"	842	0	24317754.1134511	48250.1054843068	634000.734099898	0	0
"742"	843	353474.823493382	21872081.6998961	0	2722696.42110388	0	0
"743"	844	529747.281221727	19601326.0859316	0	4406066.72167904	0	0
"744"	845	2749940.73776142	19338263.9677248	0	609899.317592798	0	0
"745"	846	0	23101889.7466565	0	0	0	0
"746"	847	0	24792960.9526325	0	0	0	0
"747"	848	0	23109079.0553987	122284.751525233	0	0	0
"748"	849	0	21845075.4007572	1802756.84964847	0	0	0
"749"	850	0	24074175.8247728	507592.746214763	0	0	0
"750"	851	0	24365220.6461022	0	0	0	0
"751"	852	0	24620919.4974536	0	0	0	0
"752"	853	0	24735773.5432618	0	0	0	0
"753"	854	0	24336995.7977299	0	0	0	0
"754"	855	0	13963053.2605238	9054161.58867946	1506400.03255006	0	0
"755"	856	0	24489764.1287476	0	0	0	0
"756"	857	0	24446428.8590015	0	0	0	0
"757"	858	0	24326006.1984783	0	149086.095653238	0	0
"758"	859	0	24367121.2768723	0	278994.891078713	0	0
"759"	860	0	24985110.0242208	0	0	0	0
"760"	861	6056.17423827387	24635779.2989835	0	0	0	0
"761"	862	76062.525462006	24445036.413675	0	29842.12463426	0	0
"762"	863	0	24497865.4636629	0	315881.389488659	0	0
"763"	864	434159.025494931	22107028.9635478	0	1658511.89991323	0	0
"764"	865	596480.204658513	19528903.2506552	685823.497844554	2933778.57838844	0	0
"765"	866	284344.443845255	20751242.7233648	0	3447099.12249198	0	0
"766"	867	259168.789929561	22673337.521984	0	1650286.05239576	0	0
"767"	868	0	24606933.9074409	0	294701.52886738	0	0
"768"	869	0	24398211.284203	133863.003614474	146429.501534482	0	0
"769"	870	0	24999999.7787964	0	0	0	0
"770"	871	0	24846424.8454179	0	153575.027018398	0	0
"771"	872	0	24999999.9660661	0	0	0	0
"772"	873	349515.633654873	22336636.5118242	1088536.62743573	903003.495819085	0	0
"773"	874	584366.941677071	22768570.1816334	505417.559880446	1096886.07712394	0	0
"774"	875	1365391.39480992	22224567.6810597	574607.518507286	726646.675690329	0	0
"775"	876	172207.784033318	24806040.0885404	0	21752.4679127762	0	0
"776"	877	61197.1497479844	24642623.395131	0	195859.977877297	10713.7024571233	0
"777"	878	190906.87294735	21971982.751353	1248392.93665533	1184518.48371433	92675.2513904863	0
"778"	879	0	24200054.1271338	0	799946.501045207	0	0
"779"	880	0	24726061.0160726	219031.073955124	0	0	0
"780"	881	0	24209570.8409434	296114.414246105	0	0	0
"781"	882	0	24696251.2089985	563.184113743366	0	0	0
"782"	883	0	18261173.5604027	6555107.75823928	0	0	0
"783"	884	0	22106167.3294859	2796615.28906196	0	0	0
"784"	885	0	21723766.8553259	1714423.62456485	61887.7276800182	0	0
"785"	886	0	18698615.6024357	193787.159897441	18204.3725642092	0	0
"786"	887	0	24907253.2123221	0	0	0	0
"787"	888	0	24457540.8229781	0	163389.082259347	0	0
"788"	889	135740.696944963	23740455.9535336	47238.8545647799	172852.132506206	0	0
"789"	890	0	24450007.3548273	0	47229.5855688576	0	0
"790"	891	0	24626553.1316194	0	0	0	0
"791"	892	1048764.73422293	23339587.829612	28475.4805807793	135172.308681992	0	0
"792"	893	1014227.17007009	17083006.0040562	894077.799528516	1254563.05013057	0	0
"793"	896	10921195.6790382	4095552.50920225	2719139.21782862	0	952612.436567587	0
"794"	897	10013007.6065881	247817.172698934	384180.273616948	0	8286333.83313716	0
"795"	898	18664275.9829513	3467328.79672419	50052.906260334	0	28429.3116822559	0
"796"	899	14900997.9815064	8886325.13142106	0	0	0	0
"797"	900	6336911.47203488	18188002.1884539	209055.913571667	0	0	0
"798"	901	2019196.72286856	21594516.371238	85336.7927087992	1115250.95490962	0	0
"799"	902	0	24260839.9681698	0	523922.553081596	0	0
"800"	903	0	24874849.2850613	107721.786885756	17433.7523214268	0	0
"801"	904	0	24999993.0193905	0	11.8981367847737	0	0
"802"	905	1045244.00160221	22800798.2617375	0	971065.817405627	0	0
"803"	906	1275753.20013895	22921995.4322664	0	524541.071288863	0	0
"804"	907	1658585.05660386	22152645.1261548	0	433994.705301558	0	0
"805"	908	0	24479005.4756471	17738.5006032791	0	0	0
"806"	909	0	23836631.0214992	150301.763456212	0	0	0
"807"	910	0	24611916.3951808	0	0	0	0
"808"	911	0	22975849.3391815	834603.281350137	0	0	123927.038495678
"809"	912	0	22720361.2584929	706203.836300338	0	0	1081765.83543872
"810"	913	0	23837936.3107927	0	0	0	579042.182141691
"811"	914	0	24672951.959508	0	0	0	0
"812"	915	0	24629806.9379188	0	0	0	0
"813"	916	0	24976565.7611176	0	16530.027903736	0	0
"814"	917	0	24349635.9863172	143.831299964338	0	0	0
"815"	919	0	24503759.3336641	0	0	0	0
"816"	920	0	24165932.9791882	0	794756.426221982	0	0
"817"	921	118093.085176999	22579709.9245286	0	1524117.25754722	0	0
"818"	922	349670.088144832	22460662.7857112	0	1395815.32634599	0	0
"819"	923	560247.958486018	19679487.2964576	452898.352968334	2436809.79097411	0	0
"820"	924	210520.438982762	24448444.9726464	0	309808.199296814	0	0
"821"	925	4190.10777361502	23698356.8807534	931906.924323077	348434.019748196	0	0
"822"	926	98657.1798814808	24310625.3519562	124888.272749017	231860.598105942	0	0
"823"	927	0	24999999.565599	0	0	0	0
"824"	928	0	24999999.6592062	0	0	0	0
"825"	929	0	24999999.7528133	0	0	0	0
"826"	930	263454.819060065	22680340.5421629	0	1677326.69496843	0	0
"827"	931	0	24999999.9400079	0	0	0	0
"828"	932	2904429.52978653	19369703.2640649	540670.503650995	1935332.32664041	0	0
"829"	933	2479576.12092393	18971235.1514976	131183.405945017	2055730.14446369	0	0
"830"	934	1018610.99311896	23409044.5956814	136805.065210746	247476.14429092	0	0
"831"	935	0	24953709.8454367	0	0	0	0
"832"	936	0	23279192.9107877	915916.054682362	62933.2892222619	0	0
"833"	937	751286.069373945	18002901.8635869	4333864.33734461	1042110.15068073	0	0
"834"	938	306907.928902359	15321542.6953224	2712649.92106992	5922273.47547759	0	0
"835"	939	94472.4703538539	21207789.3208574	703368.344662186	2194789.57735509	0	0
"836"	940	34568.9579552654	24528674.008153	102769.714990336	327991.832585811	0	0
"837"	941	0	25000000.8754289	0	0	0	0
"838"	942	0	20044253.9484657	4952519.48859904	0	0	0
"839"	943	0	22466296.1897942	2316989.9031309	82676.5014810579	0	0
"840"	944	0	21519184.5842258	2313335.03532494	195855.550963004	0	0
"841"	945	42876.2081295578	19986671.0312291	3638639.09014867	305560.949341517	0	0
"842"	946	0	23823361.2373495	0	0	0	0
"843"	947	0	24985721.3302281	0	0	0	0
"844"	948	215758.561464729	23573820.5647041	0	667438.117624789	0	0
"845"	949	0	23922972.7775266	0	545742.636454109	0	0
"846"	950	0	24162573.5633215	0	654678.227513366	0	0
"847"	951	0	24076450.3844439	576038.35055475	34879.7324680388	0	0
"848"	952	0	24156428.0226687	5587.1500083537	240072.942949642	0	0
"849"	953	352498.514533285	23365073.0166084	63485.8731376551	94113.3422618911	70228.6066729017	0
"850"	954	1801638.70436937	19152346.957445	540230.308533008	149395.068460632	0	0
"851"	958	14204761.1786237	602595.837264125	843186.647911857	0	1928082.47379736	0
"852"	959	10085490.7464937	5822071.8586844	1486224.57180331	0	1119.53183879843	0
"853"	960	9021567.73194844	13131690.4425654	435009.936373569	0	0	0
"854"	961	98877.6902963102	24901126.7329374	0	0	0	0
"855"	962	0	24418687.3806068	454711.494585796	59964.3146508187	0	0
"856"	963	0	23880431.5590767	505597.358604386	552018.2739259	0	0
"857"	964	0	24499317.4447168	500687.258199819	0	0	0
"858"	965	0	24902729.5525324	97275.2436052971	0	0	0
"859"	966	560499.699410604	24025262.3339703	0	39943.4217619849	0	0
"860"	967	6191521.66833583	17726793.8786964	0	638194.500276443	0	0
"861"	968	3822752.36202304	20680729.008116	0	88119.9869120196	302209.090622533	0
"862"	969	0	24814640.3019464	0	0	0	0
"863"	970	0	24768743.0117808	0	0	0	0
"864"	971	0	24372544.0696034	60201.6800735509	0	0	132465.805733041
"865"	972	0	24423923.4191386	0	0	0	0
"866"	973	0	23957225.5355496	0	0	0	0
"867"	974	0	24999998.697108	0	0	0	0
"868"	975	266011.523370682	23761086.0014643	0	526353.926512992	0	0
"869"	976	855675.177750547	22763910.8032371	0	530734.465096944	0	0
"870"	977	225837.283186226	23053079.7997059	224845.979047453	716875.354781664	0	0
"871"	978	27648.6077622889	23941439.2696162	0	715916.656835541	0	0
"872"	979	445408.345326452	21505138.2792235	394836.346022324	1881159.74655035	0	0
"873"	980	128563.235722847	23903794.6893883	0	508000.197013327	0	0
"874"	981	151600.620763894	24261840.7408829	178447.214233895	408110.776643349	0	0
"875"	982	1512738.99582418	21210002.8701188	262039.428224831	1261243.64999889	0	0
"876"	983	648579.122952112	20130768.1233614	1039523.82151755	2541102.89245516	0	0
"877"	984	2945206.08732031	18434331.8671519	640939.677023094	1668940.2514922	0	0
"878"	985	747906.455990891	22480748.0321138	458963.202172537	772476.529559901	0	0
"879"	986	70856.4972822915	22527505.3217664	1466818.81074811	439046.308716944	0	0
"880"	987	56986.3303861063	24909609.9032208	0	33403.6968343567	0	0
"881"	988	268899.550725073	21166107.6377692	1292014.3550364	1707171.84649185	0	0
"882"	989	2334238.03351848	16430472.2058924	1321604.34644809	3103033.78355793	0	0
"883"	990	2130478.39452294	20506824.1256022	971767.72802609	1099092.28975344	0	0
"884"	991	247400.807675785	22780833.2900637	1075186.81779477	838044.078076423	0	0
"885"	992	65274.5695472942	24224436.4451945	54865.7115951871	590462.804531167	0	0
"886"	993	124692.762723673	24285989.1756935	43553.6912049779	239579.235019379	0	0
"887"	994	0	20017931.8685977	3524354.37574587	1410637.47530222	0	0
"888"	995	115754.043875073	10601362.7697799	10946039.1924772	2605381.66455099	0	0
"889"	996	91244.2618940347	11349516.6673356	8819449.74856475	3548925.93817655	0	0
"890"	997	0	21025823.6889929	470356.001472542	2822131.98330883	0	0
"891"	998	0	24085034.6757724	395705.18769037	321462.166374058	0	0
"892"	999	0	22795221.5620508	1366196.18607209	736759.958630342	0	0
"893"	1000	0	24517707.6442579	271209.680240214	0	0	0
"894"	1001	0	24531373.0547198	456247.245266107	0	0	0
"895"	1002	0	21371197.6562105	1869544.44902197	30910.2979593822	0	0
"896"	1003	346333.517515858	19849027.3109767	913764.151761647	1396514.26453607	0	0
"897"	1004	235526.40932513	23898540.2969109	0	397869.541889336	0	0
"898"	1005	0	24809177.3158899	0	0	0	0
"899"	1006	0	24810816.6861582	0	110196.731960444	0	0
"900"	1007	0	24616222.9776617	0	383778.81686541	0	0
"901"	1008	0	23993882.1441716	66759.7901799139	736610.133185124	0	0
"902"	1009	23567.572362625	23953503.5183301	0	126065.954637403	0	0
"903"	1010	946316.914088509	23586461.7635992	0	155235.859917297	0	0
"904"	1011	29383.2612276934	24641051.15057	5060.58338029368	36882.4310483243	0	0
"905"	1012	831441.921227463	23381550.3691951	8330.29456591814	125513.606782069	0	0
"906"	1014	10667526.1892061	2163392.50911879	141.381637450711	0	913273.414057446	0
"907"	1015	17094892.0920861	4684288.03455392	0	0	0	0
"908"	1016	18415328.5539554	3848589.0249059	0	0	0	0
"909"	1017	11910396.7431574	10918447.742417	0	0	0	0
"910"	1018	0	24948024.2090974	0	0	0	0
"911"	1019	0	24400634.4994387	0	0	0	0
"912"	1020	0	24555385.6815008	0	0	0	0
"913"	1021	1385612.82629034	22782228.3537914	0	0	0	0
"914"	1022	949391.599581548	23099314.6521776	0	0	0	0
"915"	1023	5897467.24606617	18537815.0329218	0	259418.53067074	0	0
"916"	1024	7746988.09898099	16442090.2397279	0	690636.30203713	120290.313597862	0
"917"	1025	1954967.10422419	19205375.9627979	0	13105.7469524383	2396165.89172121	0
"918"	1026	0	24991279.899274	0	0	0	0
"919"	1027	0	23687930.7322425	0	0	339152.893083796	0
"920"	1028	0	23818730.2761867	7846.60183552653	0	0	0
"921"	1029	0	24027097.7796293	0	0	0	701133.759763502
"922"	1030	0	21279150.2829145	0	0	0	3457519.97828009
"923"	1031	0	22877710.936021	0	0	0	1628469.74950815
"924"	1032	0	24602723.2668121	0	0	0	0
"925"	1033	0	24730230.6973075	0	0	0	0
"926"	1034	0	24476289.6790873	79744.5760338083	0	0	0
"927"	1035	0	24785555.9255888	0	29038.2241240379	0	0
"928"	1036	0	24155894.2680974	0	281143.173736105	0	0
"929"	1037	0	22671558.7548843	374826.045909554	0	0	0
"930"	1038	0	24333695.0907845	0	27935.9032695498	0	0
"931"	1039	350622.251549804	23328907.7569144	0	725924.246907804	0	0
"932"	1040	0	22643616.2451345	2356383.08031997	0	0	0
"933"	1041	2259160.02399244	19939178.8284434	2258143.27180081	342133.584352938	0	0
"934"	1042	82123.5563519602	24389312.3520758	411470.459088541	117093.149719415	0	0
"935"	1043	1115387.59475211	22007000.1801947	517667.176164824	866856.164987649	0	0
"936"	1044	1606379.23774206	19199437.8595353	1296512.52662022	2055807.59884384	0	0
"937"	1045	1411826.59489486	19715912.8113115	2172513.2189095	1062736.92276907	0	0
"938"	1046	396793.643281824	23196765.1084286	440588.276380389	807363.606914854	0	0
"939"	1047	34636.5684208865	20284457.3050521	1726815.33050188	1364838.82813159	668505.169099152	0
"940"	1048	315653.091084212	22640362.5635858	442928.850234721	1465668.44196487	0	0
"941"	1049	165349.017237652	20292897.1280185	1880499.46650404	2198931.33972731	0	0
"942"	1050	323900.216245973	16201847.4349129	4816753.94851046	2862327.38861824	0	0
"943"	1051	279925.257709798	12975719.8808505	7359327.21817312	3182739.73948127	0	0
"944"	1052	98001.5792921157	15022253.085893	5596012.03680672	3204816.50711433	0	0
"945"	1053	170696.342767415	16717548.3429212	3754562.16958677	4051213.1979523	0	0
"946"	1054	350233.499974798	7867261.58325719	10137603.32133	5710902.81849617	0	0
"947"	1055	80253.2616277807	11693417.2521631	4677414.02610097	4263903.93287423	0	0
"948"	1056	0	4039155.8337624	10132196.7259119	8611816.38643049	0	0
"949"	1057	0	10127244.9620952	9365280.48854597	3924211.54055079	0	0
"950"	1058	81525.5981945228	15776431.5124715	5964844.40672304	2139702.17818973	0	0
"951"	1059	0	23492927.9229367	409536.218322267	405770.934247269	0	0
"952"	1060	0	24363869.0937574	29738.0069812824	47740.1455060896	0	0
"953"	1061	0	23825777.5824769	52054.4362235633	0	0	0
"954"	1062	712524.882988723	23670986.4482423	86797.9173335842	419761.996229577	0	0
"955"	1063	998166.956418727	22072030.240073	123523.729785389	1464065.61001521	0	0
"956"	1064	1036896.11004425	22548806.3226731	85175.3571643843	1094431.1620144	0	0
"957"	1065	481004.617688057	22848960.7335489	0	1047937.75644623	0	0
"958"	1066	2163928.14136084	22614096.4966969	0	81774.529477434	0	0
"959"	1067	0	24400821.9870173	272328.192297577	28362.472319996	0	0
"960"	1068	8107.22641858144	23512225.1251764	423820.502546709	855627.157752652	0	0
"961"	1069	180653.669215178	23634287.2352179	153398.678719243	500097.831560956	0	0
"962"	1070	0	23687260.6310296	0	252630.313884388	0	0
"963"	1071	736550.928707902	22834871.2619093	32627.058262619	329317.087633372	0	0
"964"	1072	240804.059956487	23989994.573152	139399.155301125	196275.714036596	0	0
"965"	1073	5931035.22326268	10628075.8192745	3195258.79475449	666213.390941465	366118.417623498	0
"966"	1078	7214911.3882977	4016098.40166386	157450.793214458	0	8173132.03663553	0
"967"	1079	18300091.1988308	3200484.49599045	0	0	449725.674641547	0
"968"	1080	10567838.7237009	12640561.6163897	0	0	0	0
"969"	1081	22648.6155684702	24564729.6191525	0	0	0	0
"970"	1082	1016721.92576804	22067978.7672796	445286.985173178	0	0	0
"971"	1083	3677294.93779207	20556998.9147108	0	0	0	0
"972"	1084	7934901.24187289	16237678.3922753	32552.907749908	0	0	0
"973"	1085	18174785.6816331	6429787.21765907	0	0	0	0
"974"	1086	7207804.20036226	17413778.2199438	0	378422.412711428	0	0
"975"	1087	2072899.65048507	20952530.0243162	92462.7679435108	12148.156262788	1210932.06253279	0
"976"	1088	5073141.20731119	14731668.8533247	2279740.95862952	0	1921636.67965167	0
"977"	1089	0	21287804.6382975	0	0	1809732.72653938	0
"978"	1090	0	24346860.3823031	0	0	0	0
"979"	1091	0	24857361.4795853	0	0	0	0
"980"	1092	0	24605424.4445951	0	0	0	0
"981"	1093	0	24326977.940634	0	0	0	0
"982"	1094	0	23600729.8951415	1096080.01682457	82788.2488486154	0	0
"983"	1095	0	24999999.5814466	0	0	0	0
"984"	1096	0	24459473.4354093	26115.5720583068	495377.391754	0	0
"985"	1097	836486.168685797	20879600.3644813	675218.768185965	2099955.14456848	0	0
"986"	1098	968685.306379583	17128152.9975777	1532147.16387735	4039178.26432559	0	0
"987"	1099	1440942.63166925	18668068.8374786	2003371.8392431	2641943.83406199	0	0
"988"	1100	951730.086698952	21553462.4568224	608513.908113043	1662607.1485784	0	0
"989"	1101	111165.098939329	24078446.8935957	239825.911167829	511888.304137261	0	0
"990"	1102	779106.906404059	19595176.0523258	1865105.97916961	2269230.39922511	0	0
"991"	1103	0	22344933.3873466	658358.08511536	1571215.45818962	0	0
"992"	1104	0	17383572.2962741	4010211.41758483	3309030.34116455	0	0
"993"	1105	120544.393765327	13124694.769196	7647963.90023565	3599369.06198362	0	0
"994"	1106	534160.135181684	9376078.25506479	8288682.79909036	5954323.39296707	0	0
"995"	1107	0	21321012.1548586	2864336.09495935	767706.147468427	0	0
"996"	1108	38641.0600135745	19679718.9936758	2022116.94381244	2778169.73976339	0	0
"997"	1109	28706.8895444733	11028664.0996895	6960285.85471413	5961788.15607265	0	0
"998"	1110	0	20822164.3583032	444243.208402758	3252007.0230035	0	0
"999"	1111	0	22227524.8733057	796002.805205164	1654213.59191595	0	0
"1000"	1112	0	24080380.3553535	477966.497955414	413286.801161574	0	0
"1001"	1113	0	24749654.6217556	11905.5218126029	0	0	0
"1002"	1114	0	23959847.168016	35241.1950451741	0	0	0
"1003"	1115	0	24402022.6600502	128956.991134893	72768.0714344941	0	0
"1004"	1116	430820.320091389	22043095.1024285	30182.5021679401	2361871.88335629	0	0
"1005"	1117	1365711.72105889	20547145.096141	316430.485796793	2593611.0657501	0	0
"1006"	1118	1002879.7392936	21348578.3871108	63004.7076590364	2585538.89789168	0	0
"1007"	1119	1679896.52452498	20957760.0839163	29741.3949265787	1882446.48768566	0	0
"1008"	1120	564782.942180369	22643241.2184828	11654.0741943882	1418999.39333744	0	0
"1009"	1121	1406200.42120928	22088426.7567042	0	1505374.83150749	0	0
"1010"	1122	576886.417088374	23726839.0852398	0	575021.589284546	0	0
"1011"	1123	99231.447661886	24060595.987494	40043.4471165312	415656.016040703	0	0
"1012"	1124	0	24037344.3390863	204210.182467646	86268.5841678111	0	0
"1013"	1125	0	24749421.4417146	134444.008524427	0	0	0
"1014"	1126	0	22751719.9030071	1663997.24947656	182254.152028785	0	0
"1015"	1127	770660.978720203	21771418.6354528	542651.818656216	584912.770281359	187274.653075046	0
"1016"	1128	7339238.47807084	12817911.7727303	1031182.31428119	560860.051012103	0	0
"1017"	1132	0	1673534.29112632	48.9090431595123	0	5183599.00014735	0
"1018"	1133	4116526.11390811	4920560.34862911	990708.219016678	0	6356581.36900322	0
"1019"	1134	8784104.38779998	7924594.79447223	136718.336684205	0	2980963.97542106	0
"1020"	1135	16789627.7374524	4823658.47908769	0	0	366762.158535223	0
"1021"	1136	19051798.4079852	1890151.92052086	414201.840185348	0	0	0
"1022"	1137	21062355.8239966	1839368.10319138	0	0	266263.558044097	0
"1023"	1138	21117738.568183	1948167.46642559	60722.9408446429	0	0	0
"1024"	1139	20242848.4371817	1582484.39925801	0	0	2091430.98367726	0
"1025"	1140	20725505.5575215	2024424.54028843	2232950.6245307	0	0	0
"1026"	1141	8425973.11494436	7865795.62012904	7161964.49888539	0	25703.0472881161	0
"1027"	1142	5724700.91894665	12610510.6565269	668.559177218936	0	983937.880527829	0
"1028"	1143	0	24858172.4299825	0	0	0	0
"1029"	1144	0	24991606.6973796	0	0	0	0
"1030"	1145	0	24605661.0152748	0	0	0	0
"1031"	1146	0	23752091.1722951	0	0	0	1139337.49322172
"1032"	1147	0	24482758.4913962	0	0	0	385072.70387193
"1033"	1148	0	23311921.1828009	1186507.93624179	0	0	0
"1034"	1149	94910.5867247309	22248311.1930433	1872004.76012946	400732.127781702	0	0
"1035"	1150	15328.5546362069	20505773.677317	3686188.37315253	284543.232967235	0	193666.254816633
"1036"	1151	0	20772671.688773	3989412.76620382	0	0	0
"1037"	1152	50226.8734102294	23910433.7524169	132284.641394121	317804.769002762	0	0
"1038"	1153	179960.399684793	23452110.7578847	645894.745632482	390484.495549294	0	0
"1039"	1154	0	24229380.1769636	677410.991069282	93208.296475779	0	0
"1040"	1155	0	24788243.8140977	0	170224.051793952	0	0
"1041"	1156	373819.729524155	21833935.4791884	607558.670296297	1601758.35966335	0	0
"1042"	1157	570706.751442865	19435650.0629909	995043.403641662	3533518.00525523	0	0
"1043"	1158	0	21887318.4581754	1268985.79444475	1756632.47302712	0	0
"1044"	1159	0	24985419.9944822	0	14579.9347928021	0	0
"1045"	1160	82474.7196328579	24427165.4504476	0	420981.20214693	0	0
"1046"	1161	0	24532183.2566959	398476.548786855	69340.3223326394	0	0
"1047"	1162	0	24861826.0090942	138173.714553819	0.48585076094605	0	0
"1048"	1163	0	24168229.4079464	375634.054811971	306856.034153766	0	0
"1049"	1164	0	22935364.9618712	771031.17646602	1124094.45581695	0	0
"1050"	1165	0	20831673.866281	1513317.65922701	1981914.43964874	0	0
"1051"	1166	302836.810751143	17123612.2067067	3366623.56101966	3258907.83924718	0	0
"1052"	1167	134479.986384265	22132492.4785656	1354146.66621446	1001771.91609941	0	0
"1053"	1168	0	24744053.18862	39387.6173311422	79924.1792559313	0	0
"1054"	1169	0	24894472.0260401	67731.4135340712	37797.4234589624	0	0
"1055"	1170	0	24842624.4718721	0	157376.480498009	0	0
"1056"	1171	0	18387884.3876516	3809720.30003397	2612881.71673559	0	0
"1057"	1172	1541.60889968055	20110077.2893972	1395655.06596393	3461503.31410876	0	0
"1058"	1173	0	22557863.7391008	990055.653731745	971219.100396415	0	0
"1059"	1174	454407.587145676	23370060.2835816	930263.979798539	221336.454707462	0	0
"1060"	1175	0	24086721.7324347	255801.063052272	172612.501184982	0	0
"1061"	1176	124402.915407879	24606019.2779746	116260.465366709	16526.5045253374	2930.59764650837	0
"1062"	1177	0	24924408.1905128	41480.4310936676	601.155237850733	0	0
"1063"	1178	0	25000001.7027144	0	0	0	0
"1064"	1179	310396.207764387	23688824.7038705	30191.6614475921	517799.087922878	0	0
"1065"	1180	0	24294609.8713766	70935.146331015	548455.813440796	0	0
"1066"	1181	0	24828077.4645499	0	0	0	0
"1067"	1182	1756586.62508938	21887463.7537234	21909.1793193868	545544.388533221	0	0
"1068"	1183	2893862.35138312	20371654.3577197	113129.102936464	969809.816952939	0	0
"1069"	1184	131899.669430051	24321730.2537148	0	42617.9788942672	0	0
"1070"	1185	0	24509704.4817725	0	0	0	0
"1071"	1186	0	24638522.3124643	0	125730.33673782	0	0
"1072"	1187	0	24330311.85745	0	0	0	0
"1073"	1188	0	24265096.0685259	114264.81899191	609640.943243975	0	0
"1074"	1189	518311.627221377	22519508.6309249	338652.386082616	916929.560631502	95795.758933628	0
"1075"	1190	12855706.0409965	8531237.51868307	1463673.89118751	347379.475271363	133943.282496238	0
"1076"	1191	13603228.0620926	2490007.06047463	1288252.12676482	0	191715.281542474	0
"1077"	1194	2903644.29284938	477675.602281844	148302.611276789	0	6311057.25513896	0
"1078"	1198	6892090.3887642	2855446.76883279	1114318.70190266	0	1434831.49499628	0
"1079"	1199	10876126.4818317	3416164.18654987	1319837.42094222	0	3670129.09301221	0
"1080"	1200	7615644.5434	4240674.94080227	222814.83443116	0	3442188.5569403	0
"1081"	1201	12542939.1683565	1095454.59367808	474503.769386215	0	2330029.63605721	0
"1082"	1202	13950738.323621	1306610.36487307	790444.66732012	0	1435233.94449019	0
"1083"	1203	8965796.9604383	4684551.77341959	904072.307271429	0	1313723.21300899	0
"1084"	1204	4392464.75030411	9199078.84933695	547441.518431265	0	2142115.8698253	0
"1085"	1205	2546524.86496185	10216661.9183971	1291516.8830835	0	3890021.92973902	0
"1086"	1206	2095395.59325499	11189742.9673736	569287.586085908	0	4228240.26667297	0
"1087"	1207	7097399.24885052	15975625.2964948	141585.986411278	0	686532.414206423	0
"1088"	1208	0	24920151.3019061	0	0	0	0
"1089"	1209	0	24534320.2449218	0	0	0	0
"1090"	1210	0	25000005.2418628	0	0	0	0
"1091"	1212	0	19942198.5717075	0	0	0	4272305.52277097
"1092"	1213	0	24325804.5703866	0	377856.51120143	0	0
"1093"	1214	0	24538848.6209569	0	0	0	0
"1094"	1215	0	23695122.3702562	921411.767265286	0	0	0
"1095"	1216	144.631762843113	22214865.0554713	2720587.16675716	0	0	0
"1096"	1217	86271.4969287313	24251767.2443042	118806.739715448	147714.00763971	0	0
"1097"	1218	8133.17362206029	23727768.6754674	348847.31173081	686497.932038712	0	0
"1098"	1219	0	24257215.0070965	531818.142416067	0	0	0
"1099"	1220	68359.4116294234	24367814.728172	137674.194250842	425958.483870568	0	0
"1100"	1221	83512.9843752376	22096508.7116203	1050543.23802402	917525.762180468	0	0
"1101"	1222	643607.784695828	20955837.7650548	153862.061368015	1455222.72578642	39427.6754993894	0
"1102"	1223	198782.968281014	22925792.0840251	119053.041701571	1417826.72552809	0	0
"1103"	1224	32558.5016954392	23471677.7163922	71132.0355723637	1273607.72048867	0	0
"1104"	1225	0	24375763.7388262	97323.4981669419	471353.403632386	0	0
"1105"	1226	0	24286074.8566249	687898.010373981	26026.9428423795	0	0
"1106"	1227	0	24999999.9032288	0	0	0	0
"1107"	1228	310944.86345705	22255621.8733015	1223587.87927861	881097.641161863	0	0
"1108"	1229	240460.785042985	24607935.8053797	0	127313.092391907	0	0
"1109"	1230	0	25000000.1833174	0	0	0	0
"1110"	1231	0	25000000.2766666	0	0	0	0
"1111"	1232	0	23927301.7988785	31246.6984876897	979412.908795701	0	0
"1112"	1233	275420.522656733	21674223.6778651	1144505.20299474	1464590.20643001	0	0
"1113"	1234	0	22608373.5602393	973672.926602128	1135049.49266259	0	0
"1114"	1235	0	24544272.4797523	412837.99521208	5918.84341812402	0	0
"1115"	1236	0	25000000.7432845	0	0	0	0
"1116"	1237	89.7907927767083	22345391.3268765	2087036.43404266	528767.325085081	0	0
"1117"	1238	52522.1694296952	24891417.0001242	10525.3977294452	42122.4840907319	0	0
"1118"	1239	0	23084228.4106594	251191.936111847	1652836.29186653	0	0
"1119"	1240	17579.612602588	21515581.4283495	540114.995798691	2396697.05587364	0	0
"1120"	1241	0	22079540.190866	530449.327810624	1865138.17455037	0	0
"1121"	1242	24877.7223401284	24205782.2449052	383504.889289953	318624.228216344	0	0
"1122"	1243	0	23411979.6174289	319343.071256921	805769.178446456	0	0
"1123"	1244	392034.555547053	23680090.4477678	232079.680580255	333711.064418581	8046.93379767495	0
"1124"	1245	934490.144824045	23227603.2947692	435370.989094271	283374.484792937	0	0
"1125"	1246	0	25000001.6759102	0	0	0	0
"1126"	1247	0	25000001.7691302	0	0	0	0
"1127"	1248	5173.29262790689	24948254.0166336	0	0	0	0
"1128"	1249	703313.286369015	22442426.3671428	179889.677615607	1229952.85941965	0	0
"1129"	1250	1608271.29141406	21734024.4484809	424927.070309203	906350.791378635	0	0
"1130"	1251	547251.44757651	22134395.36757	600877.535901936	1657337.36892373	0	0
"1131"	1252	906851.228706992	23018747.0497451	75506.0594194769	820053.01255839	0	0
"1132"	1253	1526364.2619407	20533605.5120051	0	156406.311813465	279147.853172362	0
"1133"	1254	97053.1851646134	24444416.4619209	23339.3639053553	80161.5996801146	0	0
"1134"	1255	253395.914017586	24340889.3872959	0	14980.584352914	32297.8320197682	0
"1135"	1256	310912.987112676	24071590.409875	0	172338.277264514	0	0
"1136"	1257	0	25000002.7009277	0	0	0	0
"1137"	1258	1543302.3772682	22183782.8008331	703506.630681083	75189.8147761282	115040.030687211	0
"1138"	1259	10893515.1931645	9852741.69174485	2690590.53712432	231885.47711051	242425.871573852	0
"1139"	1260	9416354.72235583	9610358.03499158	2168539.64305134	0	746474.795629599	0
"1140"	1261	18555067.6743343	1139710.09239419	2622856.78072842	0	18966.3882668726	0
"1141"	1262	6374876.89940234	813044.035460632	3255073.30946157	0	8008231.00038453	0
"1142"	1263	1883395.60461792	3368022.0747668	611712.229867786	0	12971912.5374583	0
"1143"	1264	5870182.69280721	286140.115569947	2168851.74537892	0	7225827.59139572	0
"1144"	1267	9789838.42862667	2922668.43666964	5352328.72070281	0	397142.268906684	0
"1145"	1268	5896779.38804765	7693874.0330413	9532808.18411607	0	1329799.24595331	0
"1146"	1269	473440.552649431	6575631.38181591	2209015.04648188	0	6089183.75544698	0
"1147"	1270	7737288.18821726	8142045.22567145	0	0	2210560.50061803	0
"1148"	1271	762790.281223381	13689453.8101848	38548.4646344781	0	1638452.5527642	0
"1149"	1272	0	13931837.912486	1591646.97793884	0	502101.918479334	0
"1150"	1273	0	4755066.08740267	2416284.00219494	0	3322632.54833671	0
"1151"	1274	6652.30151938833	8729742.16942368	385244.007697789	0	3781674.51653004	0
"1152"	1275	5729.68061684258	13400180.7849625	811619.466630229	0	5836048.02767288	0
"1153"	1276	0	24073417.5357882	0	0	0	0
"1154"	1277	0	22999893.6824496	0	0	0	0
"1155"	1278	0	24626700.3896642	0	0	0	0
"1156"	1279	0	24548301.1863449	0	0	0	0
"1157"	1280	0	24511634.3177935	0	0	0	0
"1158"	1281	0	23258887.7328405	0	0	0	1458036.70544595
"1159"	1282	126349.59951115	19169655.6572856	1913855.96865513	2306478.70486293	14313.73842372	0
"1160"	1283	92449.1411928791	21733599.982572	350291.768678834	1888120.86666051	0	0
"1161"	1284	54217.1263446053	23253562.0920476	0	1217710.82460716	34981.5478041596	0
"1162"	1285	0	19351725.8126618	0	5161051.53230413	0	0
"1163"	1286	0	24482920.5405171	0	260398.515801169	0	0
"1164"	1287	0	23160557.4257117	1564584.83135417	11713.2579408525	0	0
"1165"	1288	110515.92918138	22565865.6352263	1394916.3358253	434049.046810449	0	0
"1166"	1289	91961.8583725553	23923286.4266211	129263.038704699	346372.95440565	0	0
"1167"	1290	577264.884896706	21877581.7599277	62691.4230829744	1100827.39641969	0	0
"1168"	1291	365487.475292668	22449814.4100994	344239.478166761	1167282.03470443	0	0
"1169"	1292	407150.588254162	21966406.8696419	1251401.52389213	919223.794574587	0	0
"1170"	1293	0	24269989.9001131	113930.966841086	478980.97060666	0	0
"1171"	1294	0	24999999.5037632	0	0	0	0
"1172"	1295	309.3370603082	24992754.1825693	0	6936.07750088669	0	0
"1173"	1296	26526.6771396957	24278741.6406541	260056.222172892	408477.192601077	0	0
"1174"	1297	157602.890580669	21209163.2644986	525770.279892002	2684193.52675528	0	0
"1175"	1298	0	23816201.9518289	0	1177372.76759747	0	0
"1176"	1299	0	24978233.940039	0	21766.0304734876	0	0
"1177"	1300	251563.999020373	22277167.5652879	1270323.93816929	1200944.55293794	0	0
"1178"	1301	0	23993544.5619291	439233.942538381	565711.473764347	0	0
"1179"	1302	0	24865488.3756449	0	134511.874216205	0	0
"1180"	1303	0	20475701.0303301	3188887.3746221	634354.441051962	0	0
"1181"	1304	0	24055931.7313763	771895.570832603	86326.9951280577	0	0
"1182"	1305	0	25000000.5303354	0	0	0	0
"1183"	1306	0	25000000.6236157	0	0	0	0
"1184"	1307	0	25000000.716881	0	0	0	0
"1185"	1308	0	24628734.128593	333743.776149481	16859.3413186446	0	0
"1186"	1309	746057.460625419	13283184.0408841	8211528.72231074	2299325.7844838	0	0
"1187"	1310	1349593.14406974	15416800.9755604	5334507.19148039	2100310.01898275	0	0
"1188"	1311	758364.274404606	18611234.562582	2647056.67397695	2411924.84583621	29294.9747784659	0
"1189"	1312	1517340.199946	20090812.2207177	1972144.39797048	752959.527221465	17728.8581359694	0
"1190"	1313	474301.678030069	23497599.7380465	165970.848356129	862129.004275627	0	0
"1191"	1314	834607.408718766	23524133.2276228	215331.358963663	389304.018879683	0	0
"1192"	1315	2154845.63786422	20671321.477605	586421.816117381	488611.576468259	0	0
"1193"	1316	501799.389128074	22969773.3203833	58928.0659032195	1040040.23254628	39060.3324135668	0
"1194"	1317	0	23885801.5483848	0	839477.765626874	0	0
"1195"	1318	31409.8768181838	23891392.6708887	245778.643599456	672908.095262942	0	0
"1196"	1319	1135007.68043062	21359078.1977496	0	1814283.90351293	0	0
"1197"	1320	1233984.48931244	18501358.7251642	646394.017487295	3903914.19479068	0	0
"1198"	1321	559525.22155886	22253012.3641271	305014.369228303	1302724.49468455	0	0
"1199"	1322	0	24950976.1508932	0	49025.9640353955	0	0
"1200"	1323	0	25000002.2080774	0	0	0	0
"1201"	1324	1018648.71638262	22840063.4232141	65695.4543403049	133953.879216696	35350.2216048335	0
"1202"	1325	91369.4827668392	22229280.7517437	7789.53244698676	41865.5510378368	35604.7069465183	0
"1203"	1326	0	24710456.6354082	0	167425.465400489	0	0
"1204"	1327	779507.949062827	23285481.0389646	0	486186.721569116	0	0
"1205"	1328	3474939.04756407	19499797.571799	511072.602251999	592821.133088024	93151.9363829795	0
"1206"	1329	6174216.26844898	15341846.5200427	923236.590214275	211560.139089343	370076.4566708	0
"1207"	1330	16472237.3648356	4702330.07035937	1367176.21672656	144359.147708433	333091.680646619	0
"1208"	1331	19417929.7174324	1933336.52610301	1068383.63900868	0	397809.490168781	0
"1209"	1332	17572787.2756555	2114814.60514963	3412016.79382716	0	151442.784967422	0
"1210"	1333	5674588.86467006	6677579.08973212	166468.360579919	69800.7138129137	6086221.99536905	0
"1211"	1334	0	2267032.54750686	13390.3841913361	0	17140883.0271986	0
"1212"	1335	7590981.11804765	4411488.97272928	1498447.60698038	0	2009101.59700999	0
"1213"	1336	20386101.9357224	3658924.28811722	0	0	0	0
"1214"	1340	9671559.94653214	1582580.18210883	5057025.88955809	0	6920383.26968844	0
"1215"	1341	4543189.65677971	6647771.60967842	2913515.77064533	0	4100629.62443132	0
"1216"	1342	12039712.3523941	4531986.07079802	172428.543090865	0	2441907.149072	0
"1217"	1343	16494514.792038	833711.382096895	252716.01478323	0	210795.858518722	0
"1218"	1344	13281616.3401863	2103146.54987603	324833.377854622	0	2548144.7979578	0
"1219"	1345	4091159.3421228	12287716.4935864	155055.140097819	0	4364609.93711273	0
"1220"	1346	214718.654625806	21760206.8154232	196434.23966143	0	1160583.13270876	0
"1221"	1347	0	23889706.5745335	16102.2980515063	0	140570.088684087	0
"1222"	1348	0	22864548.8445672	0	0	0	0
"1223"	1349	0	22082129.4690654	215104.35601567	82071.5885338653	0	0
"1224"	1350	0	24477422.7880113	0	0	0	0
"1225"	1351	0	24851173.471679	0	0	0	0
"1226"	1352	0	24998126.1548713	0	0	0	0
"1227"	1353	0	24974740.4678374	0	0	0	0
"1228"	1354	0	22564211.0562336	0	452185.890384389	0	1979573.20141001
"1229"	1355	0	19105104.6507551	0	3121220.62964133	0	2582226.29613377
"1230"	1356	220727.680940025	15329300.5331741	3235592.86816167	4783972.89131679	0	0
"1231"	1357	1381.82645597868	20267562.7782876	1455600.10482566	2705671.45426107	0	107106.290955964
"1232"	1358	205612.727982489	18545671.5025081	61519.7134075924	4876141.44024892	37159.2008253485	4749.84766375273
"1233"	1359	0	17914858.6283426	133430.208594956	5391395.6884378	0	0
"1234"	1360	0	24542099.5787671	0	0	0	0
"1235"	1361	0	24631708.2713151	0	286396.918360507	0	0
"1236"	1362	0	24983687.2815442	0	16307.7641173666	0	0
"1237"	1363	0	24999999.3845541	0	0	0	0
"1238"	1364	0	24999999.4778793	0	0	0	0
"1239"	1365	125074.535258506	24671174.0637665	37788.9471009038	116217.091319416	0	0
"1240"	1366	801189.75705618	20679874.6832762	1130045.61651999	1533204.11758865	0	0
"1241"	1367	111180.936768964	20204482.8832526	2543144.45421482	1560287.32047485	0	0
"1242"	1368	0	22778497.5560706	1267998.32649797	575317.512812479	0	0
"1243"	1369	0	24762970.6613879	0	73362.6140720909	0	0
"1244"	1370	0	23922438.1591373	383545.241790125	460543.623561181	0	0
"1245"	1371	1213990.1651205	18531412.8921544	2353383.29287492	2204467.29900557	0	0
"1246"	1372	17206.0505094889	21128317.2390054	1393284.50882272	2061260.23766673	0	0
"1247"	1373	0	18540604.3291002	5583175.21282297	353624.537192777	0	0
"1248"	1374	0	24519473.4950134	407130.807512218	73396.1108050402	0	0
"1249"	1375	0	24792488.8456891	70607.6655151323	136904.028142755	0	0
"1250"	1376	0	24875961.3607844	53053.5742043055	59254.5733080517	0	0
"1251"	1377	0	24906052.7177874	58943.9793133043	35004.0042508991	0	0
"1252"	1378	0	25000000.783704	0	0	0	0
"1253"	1379	137894.870362457	23376825.9005981	482291.318163832	902460.420227284	0	0
"1254"	1380	2511353.66737853	14262948.6497332	3081299.90892896	1171751.28754517	113724.7392819	0
"1255"	1381	2089087.98925178	19872320.8225944	780239.517521351	837060.963878655	0	0
"1256"	1382	2179888.4382387	22162069.2945239	0	582285.650293518	0	0
"1257"	1383	5113.05395110836	24947466.963535	0	47421.2321880043	0	0
"1258"	1384	1327900.89894874	23030283.5166699	0	641816.927229113	0	0
"1259"	1385	1587000.24239175	22066149.7692583	33991.1422470924	1086360.24733221	0	0
"1260"	1386	3141660.64563983	18977689.1392984	20527.1240624166	1826706.47722573	10400.1117741708	0
"1261"	1387	1387986.79061719	17893444.3700675	468803.814720267	4967415.62256569	0	0
"1262"	1388	315946.45435334	21793466.1679232	162851.643440433	2497037.05068929	0	0
"1263"	1389	4140622.43512101	16873480.7298435	0	1472420.34435153	0	0
"1264"	1390	574013.514595747	18635022.2770693	297442.715608321	4319141.37735999	0	0
"1265"	1391	1972626.59396391	19754358.0366392	193455.778333232	2848697.38157672	0	0
"1266"	1392	436526.939574312	20745910.5137252	171443.288583552	3399108.03862601	0	0
"1267"	1393	0	24300372.7421922	73117.2614733763	440582.620764287	0	0
"1268"	1394	758869.092386814	22608569.4886837	445897.459177615	653819.081913936	92962.6861215793	0
"1269"	1395	1280827.78636323	22288725.7909324	162612.654806921	42326.9242733468	30436.305414997	0
"1270"	1396	273320.671685448	24096721.1415395	0	473510.364869484	0	0
"1271"	1397	363601.467432583	24241925.9775094	320705.030747115	12687.4431583341	0	0
"1272"	1398	0	24284930.2769814	0	73965.8864250779	0	0
"1273"	1399	0	23921172.679968	699314.757952232	0	0	0
"1274"	1400	10421980.6091542	9584321.28001678	1293067.07884934	106460.275795734	880074.143047922	0
"1275"	1401	20318213.8847557	1021608.60127278	1793388.78397614	0	29666.6861141603	0
"1276"	1402	17721779.3044722	4203258.62475639	1912698.15624647	0	0	0
"1277"	1403	223972.293950714	10958864.685669	730260.968188614	938.260148651898	5057648.1209154	0
"1278"	1404	0	2057875.75736414	370313.998882076	0	15568829.7853835	0
"1279"	1405	3232415.22957897	5559776.80703691	3745244.17817839	27898.5917002572	5609410.66401458	0
"1280"	1406	8038302.12456056	9006875.69303776	2268627.45230169	0	4776370.79568453	0
"1281"	1407	5930436.25046888	7707149.20032673	3344678.74128873	0	3519041.20005022	0
"1282"	1408	1038580.53155068	6396212.09675372	883055.605528393	173215.45430585	1843155.37991089	0
"1283"	1409	1703534.00318958	10240226.5401173	5584384.81089248	0	1546601.87654768	0
"1284"	1410	12788839.5765304	3395870.25058281	180926.994355657	0	751078.549710602	0
"1285"	1411	15225851.4236709	1862153.95960418	296705.036978977	0	0	0
"1286"	1412	11951486.1881625	3017695.39041276	55020.9198295986	0	790872.68534968	0
"1287"	1413	16284748.9885053	221195.837725257	211745.540961803	0	0	0
"1288"	1414	8063027.51189483	4353024.61602686	330593.577075241	0	499187.239130475	0
"1289"	1415	3050120.04607698	16951957.856752	684004.266402438	0	1437500.38036305	0
"1290"	1416	635776.349378602	16064425.0739035	2252152.21014345	0	1404860.52665963	0
"1291"	1417	2256868.55601576	9464123.93019229	1299512.81070454	0	4871547.9423951	0
"1292"	1418	15874024.9677146	4828262.04388145	0	0	201497.004627399	0
"1293"	1419	17956554.8556054	2945300.89915217	0	0	0	0
"1294"	1420	4413178.76263082	19645104.0967462	0	0	0	0
"1295"	1421	0	24387036.9314448	0	0	0	0
"1296"	1422	0	24795750.9263273	0	0	0	0
"1297"	1423	0	20264353.0093077	142424.126926968	454268.168470365	851100.338174537	0
"1298"	1424	0	24496376.4475297	18687.5802347513	137426.060343428	0	0
"1299"	1425	0	24891803.5757129	0	0	0	0
"1300"	1426	0	24715313.4474363	0	0	0	0
"1301"	1427	0	24334451.9098573	0	390673.308312956	0	0
"1302"	1428	0	20072427.9388924	1097063.4981912	3010308.63747247	15519.1521714255	0
"1303"	1429	127340.604869291	15129909.3091162	2045157.14709141	5907662.21385079	0	0
"1304"	1430	194134.542252189	13033577.9790427	0	9822096.79617049	0	0
"1305"	1431	0	19294164.8053944	0	5095229.3417631	0	0
"1306"	1432	0	18385023.7178702	2447743.81055668	2840555.66293367	0	0
"1307"	1433	0	24999999.1720917	0	0	0	0
"1308"	1434	0	24999999.265415	0	0	0	0
"1309"	1435	0	24910749.2421738	0	89250.11654946	0	0
"1310"	1436	0	23961350.1707797	0	755334.413063679	0	0
"1311"	1437	63709.7791375832	23456558.5269804	0	1089230.3975423	0	0
"1312"	1438	0	24813536.0764138	0	186463.562175466	0	0
"1313"	1439	0	24958696.2517536	0	41303.4800973891	0	0
"1314"	1440	0	24655984.1012498	0	296139.758454344	0	0
"1315"	1441	0	23674730.414582	172033.712418894	689773.26581535	0	0
"1316"	1442	0	24827466.7226245	0	105769.87021694	0	0
"1317"	1443	0	23270159.2434116	1304140.38592537	392578.78131143	0	0
"1318"	1444	0	23726884.5582457	421841.299485806	313909.698574778	0	0
"1319"	1445	0	23907581.1910326	588662.640530449	248240.462042617	0	0
"1320"	1446	78591.3746414511	23367121.1949764	1231772.98625504	258043.90588383	0	0
"1321"	1447	0	18789761.8827424	5177954.89478694	897218.342684498	0	0
"1322"	1448	115437.471543831	23068610.9775042	654710.174416401	860188.706788425	0	0
"1323"	1449	19065.5514345374	15488906.8424085	6146726.23736738	3139345.15030421	0	0
"1324"	1450	159844.101355136	19675767.451905	4383866.50501615	520514.366096907	42103.288430034	0
"1325"	1451	822167.722947056	17361740.7740855	4872327.62618381	1233103.42047242	23215.6949768625	0
"1326"	1452	185771.481731008	22927270.7371081	1302443.073463	388290.49492007	40140.3761285486	0
"1327"	1453	0	20425947.4822191	3632214.1615274	941839.396965227	0	0
"1328"	1454	1791842.87655099	20899026.816078	1015871.80725729	1293259.64202285	0	0
"1329"	1455	922847.858422303	23416388.0387477	33298.2606178196	566951.997461105	0	0
"1330"	1456	77844.7699804045	24771035.5067026	0	151121.031285616	0	0
"1331"	1457	943243.087252428	21184558.2828918	64980.1123100054	2789990.23613835	0	0
"1332"	1458	4153182.46391436	15945314.5672923	116421.767104432	4209906.04144632	0	0
"1333"	1459	3706932.52472095	14912444.2829844	0	6238929.86557541	0	0
"1334"	1460	1265852.18871526	17196954.1414387	275024.509397763	5603118.5208805	10583.4111176087	0
"1335"	1461	1842601.28935621	19880094.362904	256738.636477235	2833565.40786862	0	0
"1336"	1462	1402645.41008937	18578559.2652973	686006.891836403	3863951.34932659	29754.5287053296	0
"1337"	1463	453158.346834835	22793545.5886879	0	1704093.12272361	0	0
"1338"	1464	49130.2878998425	20951095.3851753	85893.6018549632	3409114.57904187	0	0
"1339"	1465	0	24538329.0021776	0	461673.150580211	0	0
"1340"	1466	0	24753343.0973464	246659.133700997	0	0	0
"1341"	1467	0	24310361.8935162	689640.394396476	0	0	0
"1342"	1468	0	24661751.1246083	318004.279730964	0	0	0
"1343"	1469	0	24801458.6289535	190170.597451799	0	0	0
"1344"	1470	0	24917627.6225952	82374.9958386794	0	0	0
"1345"	1471	0	25000002.7122269	0	0	0	0
"1346"	1472	469102.825080513	22413666.7226963	342586.024223365	235013.979834913	1873.47952024749	0
"1347"	1473	5828803.76133941	16049908.934781	928557.82603438	86564.8303901745	61929.090706815	0
"1348"	1474	18096209.3653773	3375749.41853134	1699847.22056531	0	146.053179562092	0
"1349"	1475	262238.999690942	9843966.43524169	1084559.87820817	0	3621628.4086568	0
"1350"	1476	0	3993584.75926581	113444.75395922	0	10390886.9314855	0
"1351"	1477	10604370.8212583	12163066.477311	536249.931488018	0	278983.895851482	0
"1352"	1478	2746953.36937762	11899899.7938763	4081333.37907472	107932.981779797	3985662.97483847	0
"1353"	1479	8829633.18787953	14268080.4381851	1136827.39358935	0	437719.160527518	0
"1354"	1480	2693614.29058353	9600655.1526821	1734398.27212185	0	1678990.64106157	0
"1355"	1481	0	7905099.0293408	3082534.28256106	0	1174191.69927709	0
"1356"	1482	16014489.3057994	4493942.82082341	492095.718102477	0	1476911.11562333	0
"1357"	1483	21662943.6100293	3175328.70616505	0	0	0	0
"1358"	1484	23328927.0283227	1238071.67876666	0	0	0	0
"1359"	1485	24287911.1931617	641637.033312365	0	0	0	0
"1360"	1486	14642962.0004946	2314083.43794121	0	0	1900524.98087917	0
"1361"	1487	218497.498984748	20341578.3413856	0	0	1057607.86099606	0
"1362"	1488	3133.51808236213	15271253.6218324	195241.538299203	0	2347902.35625304	0
"1363"	1489	4017428.81009218	15974553.3138493	569977.706598137	0	885113.663545743	0
"1364"	1490	1826025.21525737	9755752.82326697	0	0	2142761.70159461	0
"1365"	1491	9472717.8537654	11749354.6722491	0	0	454574.968305046	0
"1366"	1492	490852.573224372	23463629.4990004	0	36042.6279231869	52484.2377523594	0
"1367"	1493	0	24220390.172151	0	0	0	0
"1368"	1494	0	22639386.1724076	0	153173.970399261	736350.40559495	0
"1369"	1495	0	23063776.4037842	0	239880.861687494	263393.375874389	0
"1370"	1496	0	22664601.3985093	292662.77828161	456070.382057295	272899.88809056	0
"1371"	1497	0	23652345.236951	0	296959.766231539	0	0
"1372"	1498	0	23301874.4658476	0	1390577.4085137	0	0
"1373"	1499	0	21814950.2794147	96012.019490581	2337003.21610794	0	0
"1374"	1500	0	20404148.8712137	1815600.85572011	1264972.44894638	108467.95697037	0
"1375"	1501	0	18946070.8362951	336633.383574442	2163247.20960303	0	3308089.11427695
"1376"	1502	0	21549017.0760302	159779.1252126	2567793.58162132	128778.075810336	0
"1377"	1503	0	22102344.0556288	38333.5467785858	1864656.67365068	112281.38187072	0
"1378"	1504	0	21234270.7966239	0	1594775.97763843	0	2170959.28147913
"1379"	1505	0	24999999.0530787	0	0	0	0
"1380"	1506	0	23957302.5527944	1042247.02419768	0	0	0
"1381"	1507	0	23511475.820627	0	949261.35714399	0	0
"1382"	1508	189324.812673281	23421404.4985579	0	690315.50924143	0	0
"1383"	1509	0	23087436.0362213	807328.411649714	418510.014393532	0	0
"1384"	1510	0	24107745.277661	863165.27485375	29088.9669000757	0	0
"1385"	1511	0	24999999.6126502	0	0	0	0
"1386"	1512	0	24715872.3048574	0	225222.098463855	0	0
"1387"	1513	0	23977500.9395007	234384.14370658	542361.674074963	0	0
"1388"	1514	0	24115459.961513	0	640030.899735005	0	0
"1389"	1515	0	24988598.815775	0	11401.1697572607	0	0
"1390"	1516	88552.3485435212	23243018.6908628	410261.884654763	945075.733009476	0	0
"1391"	1517	0	24529140.6169203	98135.6346882702	266953.707927567	0	0
"1392"	1518	0	25000000.2650855	0	0	0	0
"1393"	1519	0	24790848.6245811	191255.265919735	17896.4657981116	0	0
"1394"	1520	0	24914213.6359574	17547.4523232998	68239.3598204102	0	0
"1395"	1521	0	24842526.3428292	0	157474.196648658	0	0
"1396"	1522	0	23007798.4364213	683417.683162983	1273432.78589547	0	0
"1397"	1523	572930.953376258	23742678.7338984	142277.243430184	313293.763287234	0	0
"1398"	1524	829319.286751193	21422767.9710301	464337.933807431	1521245.43469496	0	0
"1399"	1525	135440.224670241	22469360.9967146	0	2299790.15782497	0	0
"1400"	1526	0	24123069.0005886	447050.45783025	429881.551807398	0	0
"1401"	1527	190989.511409444	22215596.4639011	2243964.486668	343287.781224638	0	0
"1402"	1528	189270.650300447	24190677.762093	0	519020.815213671	0	0
"1403"	1529	522670.196048964	22642229.0958437	93112.3024048796	1741989.68682502	0	0
"1404"	1530	1632653.54852217	17762111.9034996	548500.837861756	4529482.23630393	0	0
"1405"	1531	1370365.49139371	19300452.5283031	236905.742222674	3960885.17065775	0	0
"1406"	1532	995816.419934129	19967756.8948306	433851.100556712	3344406.64384605	0	0
"1407"	1533	461146.31367695	21833135.5595545	439551.292913681	2070719.09502079	0	0
"1408"	1534	970185.008708152	20678462.4337228	179480.868643812	3061163.24706823	0	0
"1409"	1535	4531982.0552618	17361344.5998593	50547.1311481949	2984508.31596231	0	0
"1410"	1536	2652374.99812125	17989211.6377586	59319.5581343062	3950156.39213459	0	0
"1411"	1537	4309539.1165346	17998423.9438061	257777.152411673	1883494.60198916	226369.22622776	0
"1412"	1538	374107.406570531	23858660.4083702	0	767234.322655554	0	0
"1413"	1539	0	25000002.2199974	0	0	0	0
"1414"	1540	672274.515559993	23867580.2630156	39298.1584776571	420834.653651162	0	0
"1415"	1541	85859.0365458112	24577222.2364772	230346.011257501	57577.3259476554	0	0
"1416"	1542	0	24952213.8697248	0	0	0	0
"1417"	1543	0	24794700.0630434	205302.528938284	0	0	0
"1418"	1544	177228.429043545	23886221.941197	854075.35986811	82476.8825938612	0	0
"1419"	1545	0	24004422.8491051	700805.511469325	294774.42905897	0	0
"1420"	1546	1908744.22348031	18005480.5159681	2012156.14902812	416949.861163528	162122.3627221	0
"1421"	1547	870195.47904616	1122477.3635476	2541691.26544814	0	1175670.12695289	0
"1422"	1548	2550655.46484657	11284149.9165557	348936.171385609	164954.922004979	2925132.36019145	0
"1423"	1549	4056195.4627746	11775774.8834719	283150.462157752	101563.414786372	3752811.83837193	0
"1424"	1550	8810272.80771061	11122645.8501316	1306531.53574921	0	97551.0914792903	0
"1425"	1551	3645731.10959353	11917181.7255129	2382157.70371947	0	3349021.54981166	0
"1426"	1552	6775161.13371772	12263383.7206987	2693336.96378023	0	1948637.34528064	0
"1427"	1553	769138.549235938	11757727.4378485	4212653.36578432	0	925412.470754486	0
"1428"	1554	110775.230823733	4439787.72701309	3653995.20165356	0	1996269.06597795	0
"1429"	1555	18446568.4037646	3308397.1273508	1711876.92658763	0	0	0
"1430"	1556	21173501.5030498	3377787.72853838	106630.308261779	0	0	0
"1431"	1557	18887014.5774266	4887501.80686623	316380.410524485	0	0	0
"1432"	1558	17721325.3549056	6205629.64050269	0	0	0	0
"1433"	1559	4671539.96601982	19401007.8676533	0	0	0	0
"1434"	1560	1238921.88007652	17899613.1808685	0	22788.3239217661	794393.670699555	0
"1435"	1561	0	12170681.0443761	0	60728.7193062609	1772937.07822022	0
"1436"	1562	0	21954782.9803435	0	17458.5208157049	464705.791341744	0
"1437"	1563	0	20940204.089195	0	0	791720.751133017	0
"1438"	1564	0	23739813.7041522	0	0	0	0
"1439"	1565	0	23543413.4323173	0	0	0	0
"1440"	1566	0	20942814.3937798	0	0	805574.189586863	0
"1441"	1567	0	23661956.1813729	916510.772052974	0	69985.391025173	0
"1442"	1568	0	22028346.5158569	0	205102.327530769	0	98173.1315407101
"1443"	1569	1312438.41057117	19593867.3143856	0	452234.268257239	119498.807852095	0
"1444"	1570	0	22334943.5759819	163690.331284431	340272.908652734	0	0
"1445"	1571	214902.140263315	22693213.7610494	149883.497335058	582067.742320876	0	0
"1446"	1572	295635.677374817	18767322.0182465	1581494.52162954	2680383.06222385	0	0
"1447"	1573	0	21825923.3137994	978620.919358939	1823707.01422945	0	0
"1448"	1574	0	23894105.965633	0	0	237025.367716327	372339.933052734
"1449"	1575	0	21260049.7809905	2635451.13350609	295157.065446118	0	0
"1450"	1576	0	21954603.6053362	66440.0103159621	1838543.37440423	0	1140419.03799552
"1451"	1577	0	24714569.4059406	0	0	0	135033.707290905
"1452"	1578	0	24784554.7481878	0	12554.0451154768	0	0
"1453"	1579	0	24093361.3328235	707337.706046911	0	0	0
"1454"	1580	0	24694168.1381694	0	305134.057460306	0	0
"1455"	1581	0	24695513.7571421	0	248233.856006315	0	0
"1456"	1582	262631.48944976	23449620.6009385	582411.339240194	517165.600601349	0	0
"1457"	1583	0	24543206.221618	432729.860780984	0	0	0
"1458"	1584	0	24873110.2769475	0	0	0	0
"1459"	1585	0	24048422.8984612	0	359744.994089464	0	0
"1460"	1586	0	24999999.7730937	0	0	0	0
"1461"	1587	0	23361946.6363954	0	1358134.03042984	0	0
"1462"	1588	0	23696768.0794406	0	851890.654300692	0	0
"1463"	1589	89984.7641717601	21397686.1806101	1423169.96113352	1681088.07275934	0	0
"1464"	1590	0	24311112.2914211	579984.773782384	56792.0232683982	0	0
"1465"	1591	0	25000000.2388732	0	0	0	0
"1466"	1592	0	25000000.331995	0	0	0	0
"1467"	1593	0	25000000.4251242	0	0	0	0
"1468"	1594	0	24657090.9432236	0	287084.988689308	0	0
"1469"	1595	539042.831034212	23399502.3470859	0	906874.701313069	0	0
"1470"	1596	276853.582049476	24280635.483304	0	344297.863597403	0	0
"1471"	1597	2319746.1709804	20139058.9204253	56860.4158225618	1666831.95801805	0	0
"1472"	1598	0	24914704.3837729	0	85296.5068303952	0	0
"1473"	1599	0	22864575.8810132	2135425.10267413	0	0	0
"1474"	1600	0	24945634.937174	0	54366.1395793622	0	0
"1475"	1601	44843.5220619924	24879645.3887433	0	75512.2590102377	0	0
"1476"	1602	289909.576321732	23158138.8979779	1233664.70420502	318075.766011894	0	0
"1477"	1603	82046.8471833873	21170937.6275992	88472.1613242896	3443803.78601357	0	0
"1478"	1604	707252.921077155	21796891.7105374	0	2194860.05045533	0	0
"1479"	1605	1193012.3163684	17721624.1749016	0	4674188.82302517	0	0
"1480"	1606	838601.41826122	20629697.9859098	180562.171815097	3145408.45035291	0	0
"1481"	1607	1752782.4367173	19408516.3262584	142155.283023122	3278160.23286041	0	0
"1482"	1608	1194195.45717959	20691383.1509496	0	2522961.74589547	0	0
"1483"	1609	2558248.1364929	19077993.8080494	43839.0026086941	1324301.49990063	0	0
"1484"	1610	4410960.0307973	17332828.5521873	117265.668595612	525425.667124758	0	0
"1485"	1611	1373931.52813709	23345942.9785554	0	275333.697486889	0	0
"1486"	1612	0	25000002.1929345	0	0	0	0
"1487"	1613	13633.4570685569	24257965.4761246	619657.585793828	108745.757784304	0	0
"1488"	1614	1331612.78222954	23189287.6470031	422914.121147119	10416.6513803485	0	0
"1489"	1615	100020.457036308	23996784.3389179	37951.5227847844	61044.211687881	22846.824842371	0
"1490"	1616	525655.18706979	21565156.2228347	29508.1890084897	383243.905858795	501578.902506583	0
"1491"	1617	381201.678422166	23615223.0846566	465814.691800176	413146.764103851	43248.7423309656	0
"1492"	1618	0	23102175.2560011	1754968.58764555	87227.0816015613	0	0
"1493"	1619	2420748.07092408	15321606.8865265	2143727.40216989	156569.364538204	790418.623847243	0
"1494"	1620	3970134.03049902	6022949.66671779	9778904.97048147	154567.402255514	1004789.20945098	0
"1495"	1621	5569051.15984235	11869055.3214096	822400.326997019	417265.448273395	784595.926238766	0
"1496"	1622	8798261.3273447	13274462.5036953	1862800.66464638	606915.132345669	439390.816769321	0
"1497"	1623	3457320.48181804	16469195.0415308	2006147.29758244	1331729.70320303	0	0
"1498"	1624	2300464.98643767	11385975.8652503	4356309.6823337	503558.360414641	2845113.01050797	0
"1499"	1625	20767.4700195789	16711914.2435331	308767.176083413	0	2958489.75886097	0
"1500"	1626	8145928.14585316	12777250.0779768	686795.778708809	0	95430.8355871961	0
"1501"	1627	0	3728026.15501087	5895030.65408151	0	928556.229929499	0
"1502"	1628	14047495.4512204	6805815.8946934	1317969.63448123	0	0	0
"1503"	1629	16487027.3936902	1047573.60740149	6554036.56213693	0	0	0
"1504"	1630	6712181.14019424	12417176.6223811	963204.186296817	0	0	0
"1505"	1631	2772487.9986699	20763519.468328	0	0	0	0
"1506"	1632	29474.5988089433	24174786.45102	0	0	0	0
"1507"	1633	0	23230267.3487614	0	0	0	0
"1508"	1634	0	21438218.9552339	0	0	1502503.44010778	0
"1509"	1635	0	21208160.003003	0	0	0	0
"1510"	1636	0	23823722.6046833	0	0	95547.7833979214	0
"1511"	1637	0	22324038.4910894	0	0	0	0
"1512"	1638	0	21687988.7056428	0	0	0	0
"1513"	1639	0	21771243.241747	0	0	0	0
"1514"	1640	0	19395649.9740785	138810.681881186	0	22265.750909403	3705704.39377344
"1515"	1641	0	22974795.418606	0	488377.624917213	0	0
"1516"	1642	88498.7270875424	21795660.0158041	608779.19614007	656512.359170733	0	0
"1517"	1643	39301.0467744432	19806405.2842248	1002562.15460635	2041243.48887609	0	0
"1518"	1644	0	23478606.9107724	287323.593582586	887458.365584067	0	0
"1519"	1645	0	24820704.1732667	0	176374.904291911	0	0
"1520"	1646	0	15802404.070059	9031448.97663335	0	0	7851.49510643439
"1521"	1647	0	17503421.2234203	2685360.07404044	1413598.46362092	0	2766797.47158327
"1522"	1648	0	24630735.3974819	0	47230.3638749983	0	0
"1523"	1649	0	23944400.7883441	756962.424488465	0	0	0
"1524"	1650	0	24694246.1360142	305748.685674885	0	0	0
"1525"	1651	0	24999999.1881075	0	0	0	0
"1526"	1652	0	24512958.9228607	231732.356872724	9329.38017056207	0	0
"1527"	1653	0	24994264.0669371	0	0	0	0
"1528"	1654	0	24728848.574588	0	0	0	0
"1529"	1655	0	24872086.6619319	0	0	0	0
"1530"	1656	0	24999999.7470982	0	0	0	0
"1531"	1657	0	24493824.0904595	0	162651.382109482	0	0
"1532"	1658	0	24983659.133991	0	16340.7993649759	0	0
"1533"	1659	32918.8081462868	24270879.928655	131904.026616903	251849.751386912	0	0
"1534"	1660	0	24567368.8116933	114794.332671788	78175.8647916086	0	0
"1535"	1661	0	25000000.2126832	0	0	0	0
"1536"	1662	0	24834452.4350458	0	97872.7382426687	0	0
"1537"	1663	0	23855263.0026848	12731.4438208881	885542.466168544	0	0
"1538"	1664	0	24537164.5207685	20818.2228364833	357320.61714539	0	0
"1539"	1665	0	24973952.0563352	0	26048.5286471819	0	0
"1540"	1666	0	24165480.291777	0	834520.38626732	0	0
"1541"	1667	137251.734225218	22708326.3755148	39400.8206450678	1099052.67328619	0	0
"1542"	1668	0	24983869.3828531	0	16131.4812763864	0	0
"1543"	1669	0	25000000.9571688	0	0	0	0
"1544"	1670	0	25000001.0501926	0	0	0	0
"1545"	1671	0	25000001.1432021	0	0	0	0
"1546"	1672	0	24954770.0460924	0	0	0	0
"1547"	1673	0	24992829.5958476	0	0	0	0
"1548"	1674	0	24779567.8746708	0	220433.547539657	0	0
"1549"	1675	57889.4186821439	21766076.1645591	118730.457711042	2513711.53717793	0	0
"1550"	1676	1040660.34730767	20408269.7374112	373177.830028208	3111267.36073544	0	0
"1551"	1677	1507708.0068145	19322311.9722051	0	4169981.72800433	0	0
"1552"	1678	1680611.28616894	19181538.9792967	0	3287566.56424015	0	0
"1553"	1679	2167150.01236121	19154314.8681977	137332.450412318	315586.135458627	180457.039482787	0
"1554"	1680	1919393.40329337	16550817.2407475	74139.9223049093	1422271.65224151	123790.856932994	0
"1555"	1681	1008593.00560778	23629630.9590921	0	260837.459055521	0	0
"1556"	1682	0	25000002.1658864	0	0	0	0
"1557"	1683	260313.492148119	24617579.9533077	0	15516.9950174671	16912.1336131913	0
"1558"	1684	1472929.36951132	19802033.6082751	82746.3752348528	342848.315266569	239804.628692305	0
"1559"	1685	192407.581300026	23110808.5400571	809734.992665526	0	0	0
"1560"	1686	0	23258769.9262492	1123939.36796771	327343.060715841	0	0
"1561"	1687	542854.919086704	19959506.3113814	968799.901044425	827523.529356757	77063.3831686098	0
"1562"	1688	199652.550086524	20854306.305898	527242.438811639	140254.064482094	60001.6604012698	32477.532206238
"1563"	1689	236739.048273057	22657968.739253	742518.81969657	160264.446422629	1689.60174044035	0
"1564"	1690	2307.74220644392	23477375.8033801	976182.382906933	123621.701110926	0	0
"1565"	1691	1159629.11393519	11805458.9401914	3131542.53793127	0	2939405.78872223	0
"1566"	1692	776209.227363741	19202051.5046513	2022332.76700229	0	126614.409278387	0
"1567"	1693	1385614.3349369	19507783.1223521	553055.955361926	1129.3856462352	11779.5999432951	0
"1568"	1694	86125.4812746737	17258387.62253	1137814.01160594	197228.42822672	2570533.20739004	0
"1569"	1695	0	17470757.3456908	954107.863902446	0	161595.761946578	0
"1570"	1696	5109852.13536084	16230545.5816799	2767351.18150509	0	0	0
"1571"	1697	193016.195218593	3874998.11201992	1658267.45742901	0	1382715.20200403	0
"1572"	1698	1147421.33233841	9351465.43800176	2761157.74884229	0	654246.333699515	0
"1573"	1699	2677671.05330443	11418792.9191885	3417522.13043168	0	400510.439322874	0
"1574"	1700	240466.68004814	11491942.9801694	2612846.3792475	0	263030.747651985	0
"1575"	1701	0	22806050.2661013	782537.082618238	0	0	0
"1576"	1702	0	22620991.7109987	428297.61466032	0	0	0
"1577"	1703	0	23094517.0151184	0	0	0	0
"1578"	1704	0	22342956.8121685	545442.317290822	0	407.638207733631	0
"1579"	1705	0	21765069.7275077	128558.562103715	0	0	0
"1580"	1706	0	24354895.6694206	0	0	0	0
"1581"	1707	0	20433297.7097171	0	0	0	0
"1582"	1708	0	24165256.3140313	0	0	0	292948.312316301
"1583"	1709	0	14174111.8609935	0	0	0	5676943.66472329
"1584"	1711	0	24532066.5266406	0	0	0	371608.557916291
"1585"	1712	0	22727950.2299027	288102.851677834	1382490.37351495	17784.7590728234	0
"1586"	1713	175129.256283369	21858164.6562591	1483828.78907224	723917.266370174	0	0
"1587"	1714	0	19828001.9212939	855430.638595516	3469062.18986163	0	0
"1588"	1715	0	21369222.2796459	782040.730651945	1790063.83862503	0	0
"1589"	1716	0	19395227.3098974	2074350.7426904	0	0	0
"1590"	1717	0	24150469.1250063	849536.938249747	0	0	0
"1591"	1718	0	24071708.2455567	538376.517923729	21095.3834882891	0	0
"1592"	1719	0	24609672.8443978	0	0	0	0
"1593"	1720	0	24276318.8009918	0	29465.0022704119	0	0
"1594"	1721	0	24725369.8383082	0	0	0	0
"1595"	1722	0	24558542.6261064	0	0	0	291752.981453348
"1596"	1723	0	17001710.3297183	0	0	0	3761344.28340444
"1597"	1724	0	22695988.2366871	0	7923.18763016118	0	2296088.94825208
"1598"	1725	0	19035578.5186584	0	0	0	5964421.94694695
"1599"	1726	77378.4081472445	24258427.9978309	0	629046.738981081	0	0
"1600"	1727	1530722.65433356	20645819.4524983	330332.435968557	2018571.77321738	0	0
"1601"	1728	2159102.58141502	19874867.5735224	0	2111990.0176073	0	0
"1602"	1729	103801.112577423	24542131.2584723	0	307167.517241736	0	0
"1603"	1730	0	25000000.9306469	0	0	0	0
"1604"	1731	0	25000001.0236387	0	0	0	0
"1605"	1732	0	25000001.2095795	0	0	0	0
"1606"	1733	0	25000001.3025358	0	0	0	0
"1607"	1734	0	25000001.395494	0	0	0	0
"1608"	1735	72184.8625342663	23298482.215422	120914.094772578	1385722.47358989	0	0
"1609"	1736	1533261.5431777	19966193.0521374	520587.240839367	2203025.66481412	0	0
"1610"	1737	1480195.79399646	20441220.1462183	1986.20180222392	1463436.55104715	0	0
"1611"	1738	85365.9142964927	21359396.5706831	211867.825421494	2580716.22978544	0	0
"1612"	1739	1294215.10159109	22459032.5448305	0	788566.840300738	137148.383340539	0
"1613"	1740	2000183.55567583	20035325.473697	82076.8921482363	1270139.22798898	150966.078467633	0
"1614"	1741	863318.095251125	22036294.5239021	0	724294.14195955	169912.966237657	0
"1615"	1742	327244.450119913	24068074.1447153	0	65801.8498517992	0	0
"1616"	1743	2342320.19191691	20312344.2416004	50919.346403568	545231.374827673	0	0
"1617"	1744	320059.540963406	21458000.0631918	931640.989545124	1233354.95220207	0	0
"1618"	1745	0	24999819.1486224	0	183.268856797135	0	0
"1619"	1746	0	22683325.2327769	2190333.00834993	0	0	0
"1620"	1747	13935.1142697986	23127887.5166128	1603798.67061831	38505.2359156944	0	0
"1621"	1748	412320.712499259	20408655.3500542	1048863.54403643	139768.912417292	665577.590105498	0
"1622"	1749	0	22389668.0729301	2107312.93894113	132937.44764083	0	0
"1623"	1750	0	22135805.4839341	1974096.35669611	430911.20717884	0	0
"1624"	1751	0	20369679.5328382	3289108.47073233	51649.7499042889	14027.7006322234	0
"1625"	1752	0	19692580.4679366	2559334.33957016	0	92756.7864136165	0
"1626"	1753	0	19328748.4619369	0	0	927102.771276462	0
"1627"	1754	853737.54196634	15290409.1166755	86799.7201438677	0	2117936.96796481	0
"1628"	1755	2677684.49952384	16153309.9939957	0	0	0	0
"1629"	1756	7880545.01582028	15401882.6373613	1437227.31645361	0	0	0
"1630"	1757	2723820.8424418	1466277.95728242	172525.226179773	0	1891434.61950126	0
"1631"	1758	1523639.05052835	8358938.03583039	273975.996052479	0	3827409.68666661	0
"1632"	1759	1235685.9738896	21774206.13402	199787.164559863	57837.4144372307	312182.099303763	0
"1633"	1760	449820.303321507	22236856.0072773	857369.325639587	0	0	0
"1634"	1761	0	21443339.6690343	1408043.03275685	0	0	0
"1635"	1763	0	21327508.174065	849428.479750395	0	0	0
"1636"	1764	0	24335914.6439002	50737.3881139024	0	0	0
"1637"	1765	0	19234341.9436076	0	0	0	1960397.57758892
"1638"	1766	0	24200176.4716399	121312.63329904	168508.197864813	0	383026.321558429
"1639"	1767	0	20002712.942617	966068.009480155	2609622.6538256	142141.087563364	0
"1640"	1768	0	24165467.5990623	75736.33227646	421797.486870576	0	0
"1641"	1769	0	23033588.3177004	0	1574100.28199586	0	0
"1642"	1770	0	24125904.0842134	71412.4960383875	0	0	0
"1643"	1771	0	25000006.0344849	0	0	0	0
"1644"	1772	0	24721923.4400411	0	16305.0869984296	0	0
"1645"	1773	0	22892517.7640349	0	0	0	2087675.42236733
"1646"	1774	0	23541392.979599	0	0	0	0
"1647"	1775	0	21176026.53111	2577901.10503672	40991.3397826869	0	1114436.58865687
"1648"	1776	479757.396507475	23376027.4678155	0	898824.580688744	0	0
"1649"	1777	1254468.29020891	21581269.0851066	0	1542266.65092485	0	0
"1650"	1778	513199.950275612	22948058.8240611	124476.225864455	1241651.09181687	0	0
"1651"	1779	0	24778151.2597941	0	186253.785525053	0	0
"1652"	1780	0	24865711.8802758	0	134289.023865439	0	0
"1653"	1781	0	25000000.9970834	0	0	0	0
"1654"	1782	0	25000001.182956	0	0	0	0
"1655"	1783	0	25000001.2758687	0	0	0	0
"1656"	1784	0	25000001.3687794	0	0	0	0
"1657"	1785	20807.2908922061	23762133.9918149	33758.8286489118	874673.846048068	0	0
"1658"	1786	0	24787381.2738139	0	100893.415881297	0	0
"1659"	1787	4457968.06463735	16110173.1088924	91295.4733093418	573358.029593863	203566.11551559	0
"1660"	1788	176287.501713173	23930686.0023235	155598.733534303	670246.996714417	0	0
"1661"	1789	27011.9472250635	24936031.1953759	0	36958.6906284988	0	0
"1662"	1790	3505544.1386731	16720910.4593495	1641782.95721707	2906967.17590905	224797.195878083	0
"1663"	1791	129708.112159599	22210247.0737047	1772352.47832254	728316.456726052	159377.894564431	0
"1664"	1792	149085.31926671	23759663.2759108	158429.015488444	597674.791741563	0	0
"1665"	1793	1844511.73360236	19005324.8342225	1275890.48538784	547783.593650055	111609.914947406	0
"1666"	1794	1784169.01437442	20282763.0351902	97414.4326238502	2565095.58789406	83958.8652595915	0
"1667"	1795	12795.1299170479	24114973.7235082	383902.3096107	407754.729821042	0	0
"1668"	1796	0	24998477.8494413	1524.63369652629	0	0	0
"1669"	1797	1154550.19975959	21680671.4011169	52545.8674701947	0	1131452.7705371	0
"1670"	1798	342560.697455479	17112860.4321626	5767517.12168345	0	489008.851859077	0
"1671"	1799	0	24582122.8591101	290287.890999033	0	0	0
"1672"	1800	0	23864479.8769788	367073.659489649	741119.552499839	0	0
"1673"	1801	0	22540830.1879208	2163563.48546426	13826.3846953398	0	0
"1674"	1802	0	22805462.5773234	1554746.29778209	62848.4298754409	0	0
"1675"	1803	0	22263018.8958498	1313877.89374298	0	0	0
"1676"	1804	0	19120478.1269453	0	0	20436.4505701438	0
"1677"	1805	3887940.50577501	14221577.0157141	427138.587061116	0	421260.404695092	0
"1678"	1806	2284621.54381783	16050942.2153662	5023570.85973143	0	0	0
"1679"	1807	1207766.66867103	2618958.36350821	549633.678605554	0	2989326.82138092	0
"1680"	1808	17215.8858240806	17346866.4089776	100828.921557562	72438.3262029411	1998978.78819781	0
"1681"	1809	0	22498070.4397223	657940.781164849	0	0	0
"1682"	1810	0	22086972.5212476	2291085.74479871	0	0	0
"1683"	1811	0	22435974.7144461	1273131.01932278	657230.694561819	0	0
"1684"	1812	0	21776312.6740907	649178.78981208	0	0	0
"1685"	1813	0	22023431.6537402	2125803.45699542	0	0	0
"1686"	1814	0	24498477.454858	1435.68746128492	0	0	0
"1687"	1815	0	22077608.7742919	1603195.94762736	0	0	0
"1688"	1816	0	21296645.140573	0	0	0	2736875.32153127
"1689"	1817	0	18314119.583833	0	0	0	3709111.7016136
"1690"	1818	0	23469900.2995088	0	291558.635002797	0	697296.327099159
"1691"	1819	0	22224601.6109324	301928.54691307	720318.553515989	0	0
"1692"	1820	0	23314295.5738169	0	1221950.45652661	0	0
"1693"	1821	0	23597871.3963659	0	1021262.73703331	0	285244.514173312
"1694"	1822	0	23890542.8798265	0	0	0	0
"1695"	1823	0	24265224.1174696	0	0	0	0
"1696"	1824	0	25000000.0411496	0	0	0	0
"1697"	1825	0	23796801.6504819	0	849960.331084659	0	0
"1698"	1826	0	24836773.0854454	0	160918.048634648	0	0
"1699"	1827	0	22752448.4050383	0	13021.924991766	0	2234529.99002125
"1700"	1828	118237.992086265	23209780.3862203	0	172791.179114455	0	1375462.32923533
"1701"	1829	2368629.05396635	20021955.331494	0	1430685.79246088	0	0
"1702"	1830	0	24955257.4751082	0	44743.1237704502	0	0
"1703"	1831	117605.427070484	22947415.6058377	567270.217659282	1100178.49316578	0	0
"1704"	1832	126952.089634384	24514663.9142236	0	283993.525432339	0	0
"1705"	1833	0	25000000.8776472	0	0	0	0
"1706"	1834	0	25000000.970546	0	0	0	0
"1707"	1835	0	25000001.249203	0	0	0	0
"1708"	1836	0	24824464.5885946	0	0	0	0
"1709"	1837	0	24959771.4274877	0	0	0	0
"1710"	1838	430396.864921204	23338256.9814534	235013.000004852	587068.395699549	0	0
"1711"	1839	2610270.80306929	18747733.0689277	229142.638383351	637136.519617587	476314.026368277	0
"1712"	1840	214626.503482253	23916598.5307472	124880.586795496	560282.438549928	0	0
"1713"	1841	1360796.14087412	20459307.9188571	34760.1616017483	2946870.80162151	0	0
"1714"	1842	2740279.87622258	19085440.3266786	1647261.55621313	1527020.14003807	0	0
"1715"	1843	1166734.02547242	21430762.6101401	309293.901312874	1974596.1004352	52689.886074929	0
"1716"	1844	699921.706532757	21101341.0735554	1302022.6110836	223149.422108988	0	0
"1717"	1845	1599257.65696447	18769781.787967	1154934.79803947	421991.424810236	323148.502513854	0
"1718"	1846	641687.319411745	22078492.1868198	632181.112012306	1008316.44118123	40163.7924079262	0
"1719"	1847	984606.003507202	23874879.5669855	21698.4079241119	64456.6496680528	0	0
"1720"	1848	3413292.48606391	19406109.6478063	1255351.63239205	341151.540738259	0	0
"1721"	1849	4030763.55891275	14134961.3979851	1828720.05675876	2119097.68422354	959146.608929796	0
"1722"	1850	0	22346013.4231727	2138801.46467689	60243.2767604997	0	0
"1723"	1851	0	24516039.0445536	455876.576219994	0	0	0
"1724"	1852	0	24330685.5001334	352925.46084102	0	0	0
"1725"	1853	0	19577064.2215141	4455257.70203336	0	0	0
"1726"	1854	0	22195362.9618599	2516042.38249138	0	0	0
"1727"	1855	0	22198952.428468	1338188.40232044	0	0	0
"1728"	1856	0	21583719.1818712	1426929.61002614	0	0	0
"1729"	1857	361459.146945599	23017727.1144681	78324.5738305049	0	0	0
"1730"	1858	818319.106984116	18672728.9784971	576343.728557691	0	740411.364322921	0
"1731"	1859	0	10385076.663285	0	0	5362136.11224517	0
"1732"	1860	0	19309271.1882868	228087.196557268	0	1128864.50221444	0
"1733"	1861	0	23789013.6264166	497284.683660878	0	0	0
"1734"	1862	0	21650958.9583933	2505582.15693015	0	0	0
"1735"	1863	0	21149167.9401681	3153259.34888548	0	0	0
"1736"	1864	0	22080783.9451604	1418081.14558657	0	0	0
"1737"	1865	0	23954308.8646073	0	165684.016748079	0	0
"1738"	1866	564872.088221022	22360254.5128371	231588.150827066	703955.151517254	0	0
"1739"	1867	45194.1506053349	23619671.3786737	120519.390805518	717338.132057891	0	0
"1740"	1868	0	24796131.1105179	0	0	0	0
"1741"	1869	0	24805985.7136454	0	0	0	97754.891525581
"1742"	1870	0	23926644.5103462	285021.592647074	452597.230621628	0	0
"1743"	1871	0	21275413.3445409	380830.093670896	1450224.10914801	0	0
"1744"	1872	0	23638937.8835463	75444.1871724752	0	0	0
"1745"	1873	0	24306335.7297261	176094.160422131	361029.529435486	0	0
"1746"	1874	248348.34357394	20607567.6567136	0	3830980.57254716	0	0
"1747"	1875	0	23167405.5887372	0	1430197.09284241	0	0
"1748"	1876	241946.702406186	23987479.0001025	0	320762.903729067	0	0
"1749"	1877	6379.23717360012	24385887.6144838	0	152750.816357993	0	0
"1750"	1878	0	24903188.3293765	0	20184.5803818554	0	0
"1751"	1879	0	20870773.6114607	4129226.31061146	0	0	0
"1752"	1880	0	24959386.103039	0	40613.9203060139	0	0
"1753"	1881	0	22983117.9898346	0	1849663.77485887	0	0
"1754"	1882	181533.554255006	22597330.5043543	0	1658494.12926859	0	0
"1755"	1883	306133.299236826	23358042.8366761	0	911081.439838519	0	0
"1756"	1884	1196522.63440622	21465140.1928582	0	1501595.14387121	0	0
"1757"	1885	444093.850152362	22258891.0030265	0	2025322.06091759	0	0
"1758"	1886	0	24719313.8786959	0	0	0	56527.2097272575
"1759"	1887	0	24971924.8514817	0	92.269983147824	0	0
"1760"	1888	0	24877260.4632641	0	0	0	0
"1761"	1889	0	24887579.8522463	0	0	0	0
"1762"	1890	0	24836756.045389	0	0	0	0
"1763"	1891	124386.770238471	24481753.459678	0	198624.626708221	0	0
"1764"	1892	2664648.59974618	20008912.707156	162594.99506698	1025791.27698149	0	0
"1765"	1893	57996.5595256127	24582539.9851398	0	359465.149495278	0	0
"1766"	1894	211610.131689328	23625625.0556332	228888.198555753	912356.482553764	0	0
"1767"	1895	978326.959582056	22355341.914647	818676.565119676	847656.431001383	0	0
"1768"	1896	266767.570458223	24006237.9833103	103862.687875507	603815.437779067	0	0
"1769"	1897	870521.764940214	23322022.0487013	204102.884386369	297998.664142901	4254.56888150529	0
"1770"	1898	1932300.31117117	18997457.4971331	1811107.40270289	834318.625328121	120502.454559042	0
"1771"	1899	3677157.70836386	11653991.4904204	6488965.05308628	1075030.69357242	46701.0511425321	0
"1772"	1900	979514.567738093	22178989.2707049	328780.418158121	832058.16839184	0	0
"1773"	1901	1572221.72748148	22709215.1498817	42645.7270274642	307089.075975533	0	0
"1774"	1902	435965.862245567	18722351.3027589	4517099.57204549	784901.398010726	85164.3942820206	0
"1775"	1903	3981.16606394947	24140790.3437056	197883.393673669	309336.074282944	0	0
"1776"	1904	1465268.80292858	21597701.5956358	836394.689568355	368736.307723117	0	0
"1777"	1905	0	24725922.4117638	242925.216090447	0	0	0
"1778"	1906	0	22994637.5364511	1674709.45474971	0	0	0
"1779"	1907	0	23766759.9192533	834263.118257493	0	0	0
"1780"	1908	0	20488201.1599042	1021314.05086224	0	140215.476619951	0
"1781"	1909	0	22909251.8738943	741458.558976545	0	0	0
"1782"	1910	0	23337483.7755221	1497531.29832356	8807.84400835633	0	0
"1783"	1911	0	20058709.965102	3285566.85543087	79388.0750294644	24275.3419655785	0
"1784"	1912	0	16943869.2562885	3307908.39680658	0	412951.56307177	0
"1785"	1913	0	19482580.1517253	1081300.57714771	0	0	0
"1786"	1914	0	22618468.921361	1125341.74882129	0	0	0
"1787"	1915	0	18224702.772689	5915610.75940119	0	0	0
"1788"	1916	0	22966477.6250695	1567756.76313759	228494.040268874	0	0
"1789"	1917	0	21739662.7267198	1090209.49795307	1161689.80802477	0	0
"1790"	1918	0	23648631.3368062	44151.3133470709	748269.154151538	0	0
"1791"	1919	0	22531038.6736088	434982.073408032	89780.4855662678	0	0
"1792"	1920	0	23517951.6702504	188573.516723417	447083.2547326	0	0
"1793"	1921	0	24176477.7485523	0	0	0	480844.352398098
"1794"	1922	0	22860906.2055348	1322956.87476659	36174.1743588904	0	0
"1795"	1923	0	21535641.2603225	726380.344060615	578572.392904218	0	0
"1796"	1925	0	18019711.0699406	11.4054334592074	0	0	0
"1797"	1926	69177.7717331406	23138719.0796522	0	1049823.42708149	0	310428.764144674
"1798"	1927	86932.251070505	23885014.9657274	0	618313.996369514	0	0
"1799"	1928	36329.2221922148	24222520.5530833	56781.3386540441	349663.982588213	0	0
"1800"	1929	249518.296279204	22684219.7230219	0	1253448.99588508	0	0
"1801"	1930	324336.478934118	22270461.9286884	0	1636179.44266825	0	95194.6888335571
"1802"	1931	0	24104224.253557	0	793274.674192344	0	0
"1803"	1932	0	24540641.5028384	0	0	0	0
"1804"	1933	0	24324322.92332	386333.426983707	289344.012803046	0	0
"1805"	1934	368010.505129429	20295730.731434	1010427.89548147	2740689.6592369	0	0
"1806"	1935	0	23785868.6651982	1212114.61450216	0	0	0
"1807"	1936	0	24943058.644641	0	0	0	0
"1808"	1937	388413.430428601	23602972.0245214	65544.479332231	798045.836195935	0	0
"1809"	1938	2683886.83197249	18849510.8607002	102971.326947251	1528543.25643482	0	0
"1810"	1939	197810.377169324	24358582.42168	50765.8424579632	392843.018476573	0	0
"1811"	1940	376428.540594099	23628624.8452773	914102.353241347	80846.0134187243	0	0
"1812"	1941	84184.5841766549	24610101.6739996	109887.275361536	110636.698332979	0	0
"1813"	1942	1266310.33212389	21350829.0986523	36715.1617996925	1814525.14490736	119535.767830353	0
"1814"	1943	586841.943741987	22467980.4132376	0	1406520.72159503	61177.2832814744	0
"1815"	1944	0	24081281.4976398	677812.927059701	216542.644080063	0	0
"1816"	1945	4088007.49232146	18147571.6116663	1007183.05970301	1297882.47180519	0	0
"1817"	1946	3863394.26680614	14671434.9567329	3524126.57046821	1003058.25512432	0	0
"1818"	1947	996641.891111465	21980169.6843326	131031.479186861	1667255.39141796	0	0
"1819"	1948	0	24906137.5491551	0	11001.2239074558	0	0
"1820"	1949	3418632.77511364	17775924.1927316	786424.227772759	1205529.28083542	0	0
"1821"	1950	1079109.66461803	22951695.3015585	352326.268508522	339922.100371744	0	0
"1822"	1951	0	25000002.7723217	0	0	0	0
"1823"	1952	0	23509197.2365806	467076.779785272	33073.9628874768	0	0
"1824"	1953	0	20244467.1440821	3036864.33098837	82195.8445235211	0	0
"1825"	1954	0	22360911.6555475	1352605.33583179	0	0	0
"1826"	1955	0	21948499.0134467	2447483.77292317	0	0	0
"1827"	1956	0	24195669.1172122	570376.740401954	4717.89119078219	0	0
"1828"	1957	0	24241768.0601585	207925.119811655	2592.53482638719	0	0
"1829"	1958	0	23829911.5224696	771888.766116926	120778.181044784	0	0
"1830"	1959	0	23414565.3878289	1197581.47408813	0	0	0
"1831"	1960	0	24570401.8358974	212184.424372206	0	0	0
"1832"	1961	0	22710083.1730758	2250946.68627994	38973.839318663	0	0
"1833"	1962	0	22030005.9717457	852581.514486665	550508.181146028	0	0
"1834"	1963	0	22464109.2374428	1253443.23296545	326139.135012506	0	0
"1835"	1964	0	24878882.3228004	0	0	0	0
"1836"	1965	0	23647892.5431985	639894.881552952	0	0	49653.1676359214
"1837"	1966	0	23434597.5736307	149495.962978425	0	0	1124942.47162388
"1838"	1967	0	23131980.3992365	108910.561168306	0	0	1085778.34347603
"1839"	1968	0	20889166.13227	0	0	0	3063049.36895783
"1840"	1970	0	24723207.3488378	0	0	0	0
"1841"	1971	0	24855361.1408927	0	0	0	0
"1842"	1972	0	24375536.8454963	139396.471501176	106201.602880775	0	0
"1843"	1973	0	24904523.4021289	0	24199.4524747916	0	0
"1844"	1974	0	23167590.3914308	1750842.78854191	0	0	81566.9685335699
"1845"	1975	554145.6205337	22708189.6421549	1373120.71135913	169468.430961946	0	0
"1846"	1976	0	24062113.4056118	229388.876218971	17667.9911580952	0	510488.233070359
"1847"	1977	0	24893619.0186838	0	77881.4997911095	0	0
"1848"	1978	0	25000001.1692691	0	0	0	0
"1849"	1979	0	24692608.63036	241618.24491952	0	0	0
"1850"	1980	0	24794390.7719865	0	0	0	0
"1851"	1981	0	24581221.3170814	54864.2167861369	300225.547718063	0	0
"1852"	1982	600647.181302626	22958513.1679355	98737.8602609746	341293.151877926	0	0
"1853"	1983	0	24627812.9256033	318403.0149986	53785.6923480416	0	0
"1854"	1984	138070.567324945	23750874.6724868	526928.254197812	448224.200162274	0	0
"1855"	1985	2160603.84552401	21619476.227927	62667.4431551372	837369.794501149	0	0
"1856"	1986	2707852.12986712	19632842.0682802	946850.966540075	660775.004512049	45633.8223972451	0
"1857"	1987	0	24563452.4305985	262016.580208711	143077.768086057	0	0
"1858"	1988	0	24794032.4248704	0	0	0	0
"1859"	1989	3015658.02021909	19174912.8104601	564744.811741021	1663480.795004	0	0
"1860"	1990	3532116.65957586	12534698.7568557	3723319.0840893	1975507.05851295	310540.842128069	0
"1861"	1991	1018754.09286714	20916096.5901582	2309507.22346015	730567.092187667	0	0
"1862"	1992	0	24910206.8164505	0	0	779.163410592824	0
"1863"	1993	2604229.59866124	16479112.1009755	1757640.29447604	2221357.52860507	327777.68426449	0
"1864"	1994	45799.5832063348	20982085.2225418	2792880.06143461	1162565.31454219	0	0
"1865"	1995	0	23618224.1846085	1307993.80340986	0	0	32062.0416284204
"1866"	1996	0	23338985.4099128	1467603.77807114	0	38179.3878819793	0
"1867"	1997	0	24265508.9727389	389387.060043861	0	0	0
"1868"	1998	0	23794071.2939593	99138.5933605023	503300.061433152	0	0
"1869"	1999	0	24068263.6139983	366748.133371253	30358.8232372561	0	0
"1870"	2000	0	21755194.8647465	3100320.31939457	0	0	0
"1871"	2001	0	24531736.7992425	384363.890997358	0	0	0
"1872"	2002	0	24412533.7553951	333675.734027651	100198.998195407	0	0
"1873"	2003	0	24126812.2008334	461254.517882972	107634.981875461	0	0
"1874"	2004	0	22706444.5148662	773850.91792102	66731.8557360843	0	0
"1875"	2005	0	22610293.6656924	830500.995833624	526534.693181569	0	0
"1876"	2006	0	21859890.6708281	1912662.13528035	391165.99219407	0	0
"1877"	2007	0	23264115.3616417	1384336.52837401	0	0	0
"1878"	2008	0	23604488.2190936	666267.839690419	0	0	0
"1879"	2009	0	23334460.7329804	494798.759745539	0	0	804947.887660403
"1880"	2010	0	19850652.7215732	7.30610736552626	0	0	3729958.43598272
"1881"	2011	0	23034100.7129109	0	0	0	1886388.35258984
"1882"	2012	0	24729490.5839317	0	0	0	183866.32420551
"1883"	2013	0	24946181.7777868	0	0	0	0
"1884"	2014	196816.429851059	24340819.2357069	0	429745.936040169	0	0
"1885"	2015	0	23054717.6642828	156459.34874865	1121159.97491452	0	0
"1886"	2016	102984.057945135	23627547.165999	208443.284461594	680952.438220536	0	0
"1887"	2017	0	25000001.2353559	0	0	0	0
"1888"	2018	0	25000001.3280568	0	0	0	0
"1889"	2019	0	24225450.7674655	26788.5914272349	499060.302444597	0	0
"1890"	2020	139333.021752475	22786138.3503486	124283.77888434	1116251.6954969	0	0
"1891"	2021	0	24596259.4721057	403742.13400802	0	0	0
"1892"	2022	137644.478225915	23276042.2417865	1111401.33707991	396603.965610042	0	0
"1893"	2023	328282.986033781	23503048.6654409	0	928716.953579296	0	0
"1894"	2024	0	24557067.1259552	239806.940117422	203127.818031742	0	0
"1895"	2025	0	23226683.8669412	1379642.17275008	253609.71105764	0	0
"1896"	2026	0	24833378.7433105	166623.326076001	0	0	0
"1897"	2027	0	24974757.3728367	0	0	0	0
"1898"	2028	3228328.3581804	17915373.3804998	414367.565195622	769252.77951075	246065.970975977	0
"1899"	2029	1365835.39953824	23017047.0739303	219239.404602354	347534.44768332	0	0
"1900"	2030	3065419.07147295	17039274.4815403	1348704.56593316	499227.100433466	557760.290479319	0
"1901"	2031	5502391.83881059	16218984.0977231	1003049.83789743	1464184.21326976	34327.7541383756	0
"1902"	2032	0	24100559.0556625	876698.827418506	0	0	0
"1903"	2033	0	24473861.0665781	318734.716909439	0	0	0
"1904"	2034	0	24821586.6382141	0	0	0	0
"1905"	2035	0	24659475.117195	0	0	0	0
"1906"	2036	0	21758177.6375563	3011098.84884128	0	0	0
"1907"	2037	0	22224683.5604797	2775319.62003168	0	0	0
"1908"	2038	0	24920677.1191127	11827.7150554322	0	0	0
"1909"	2039	0	24719215.0468184	198514.210428659	0	0	0
"1910"	2040	0	24330745.1993987	109121.19801442	0	0	0
"1911"	2041	0	23129039.9241792	77585.8895884082	378367.872509328	0	0
"1912"	2042	0	22975008.5361903	237147.830251775	817422.939959157	0	0
"1913"	2043	0	24272685.3188658	561486.293147996	0	0	0
"1914"	2044	444103.097679181	24339328.5252738	0	76098.5126625676	0	55976.1759422943
"1915"	2045	1577983.31986248	22598032.9181469	252720.363390198	342605.296475344	0	0
"1916"	2046	1098122.27290389	21730430.8023258	87377.8722758684	1370732.50565899	0	0
"1917"	2047	297151.637934669	23317631.7763371	451795.149944871	540774.19948307	0	0
"1918"	2048	768731.471660366	21569274.5768111	386340.788111822	1063715.23766394	242076.55833865	0
"1919"	2049	462084.607001232	19179377.1150975	2496386.31284912	2530577.68810373	0	0
"1920"	2050	148534.954700168	22078801.704559	1064664.77483065	1529709.03791651	0	0
"1921"	2051	142714.732697969	23980830.7748216	284506.768816982	211636.697766582	0	0
"1922"	2052	72116.7424139949	23544513.4502584	179959.889058597	594886.14792639	0	0
"1923"	2053	134310.857170664	21384638.8048856	582424.270456199	1600171.47734022	0	0
"1924"	2054	0	24382446.2871272	82086.4004750974	393359.228659844	0	0
"1925"	2055	0	24811303.5163767	188698.062909986	0	0	0
"1926"	2056	0	23970912.3885258	827027.664752252	0	0	0
"1927"	2057	0	24923459.1802649	0	20179.5053261006	0	0
"1928"	2058	0	24975072.3775855	0	0	0	0
"1929"	2059	0	23736809.239178	1263192.71057723	0	0	0
"1930"	2060	0	25000002.0423574	0	0	0	0
"1931"	2061	262923.840772592	23613366.7326831	288829.755231628	401112.270193645	0	0
"1932"	2062	2785042.70038086	19066855.1227808	324537.540794018	428856.239692589	91113.4410868133	0
"1933"	2063	1345167.3877065	22220396.7168538	1112661.21340162	275109.723197727	0	0
"1934"	2064	4674337.48274104	8987828.47066711	3622112.02489055	5736354.97746901	199439.256350913	0
"1935"	2065	1271735.51466546	19677874.7647576	2674150.00682035	786108.605495291	92054.0624824017	0
"1936"	2066	0	20790206.0126336	4153567.81534155	0	0	0
"1937"	2067	0	24223777.5406092	776225.149729565	0	0	0
"1938"	2068	0	24981796.8691966	0	0	0	0
"1939"	2069	0	23833630.1959241	158574.640901316	547489.68795879	0	0
"1940"	2070	0	23782144.0376952	74893.958405517	727819.900387719	0	0
"1941"	2071	0	23117080.5755454	0	1203670.12412703	0	0
"1942"	2072	0	22496958.7537534	17595.8009438869	548501.69945575	0	0
"1943"	2073	0	23351453.6863306	109534.706507443	574905.393499196	0	0
"1944"	2074	0	23835478.1378125	0	626090.986884516	0	0
"1945"	2075	0	22522167.5521117	0	302559.39068489	0	2170925.53088023
"1946"	2076	1103173.50407718	14861500.8018657	383106.810236121	983698.006187732	0	4706136.84517312
"1947"	2077	1246750.10597498	9521002.64069139	159742.21551003	1062567.00414356	0	11099004.1550064
"1948"	2078	95739.589525647	23320323.336156	737397.512804773	507280.851441133	77888.2924685664	0
"1949"	2079	123632.669305751	22840552.2833024	1144710.0215158	778225.758015526	0	0
"1950"	2080	0	23930862.3576482	433442.54351225	0	0	635696.280886985
"1951"	2081	0	24827748.2282972	17841.6592087764	8884.28336128965	0	0
"1952"	2082	292494.646938778	21835980.7270236	567769.954622958	1953547.7689026	0	0
"1953"	2083	300251.617074894	22003815.3835192	102234.763328816	1851699.70307832	55971.1261481614	0
"1954"	2084	0	25000001.5524683	0	0	0	0
"1955"	2085	0	25000001.6450598	0	0	0	0
"1956"	2086	0	25000001.7376339	0	0	0	0
"1957"	2087	0	25000001.8302076	0	0	0	0
"1958"	2088	0	24586099.868064	346587.802249007	0	0	0
"1959"	2089	0	24557489.9384351	442512.076899913	0	0	0
"1960"	2090	1433026.36215924	21569091.3435406	200193.465454314	443193.496485289	0	0
"1961"	2091	1132690.09212408	21380760.2080996	488135.044376414	482328.449555136	30485.3423667625	0
"1962"	2092	1742346.47451577	19499018.4511938	2132740.54252862	1025068.58529097	22469.9465630401	0
"1963"	2093	1319627.57848938	20435116.5631803	2211036.26187428	993867.164041283	0	0
"1964"	2094	0	19207317.2387739	4612403.14274036	416164.193893249	32579.0291334167	0
"1965"	2095	0	24021321.3969429	430577.452159473	120538.552218802	0	0
"1966"	2096	0	24727400.4883073	0	156075.329362861	0	0
"1967"	2097	0	23823001.0027759	19009.9623856081	540135.5827936	0	0
"1968"	2098	0	23606283.9146686	950053.303388089	159602.674223769	0	0
"1969"	2099	0	22997403.6552474	1014993.01111453	780605.756701372	0	0
"1970"	2100	0	24186570.1796042	561717.646173572	251715.484607453	0	0
"1971"	2101	0	24362925.2540154	459210.81381721	177867.335018022	0	0
"1972"	2102	0	21835076.3187953	550227.602208252	2323161.33767898	0	0
"1973"	2103	0	23098411.2184648	0	1010880.7522439	0	0
"1974"	2104	0	24757962.0811627	0	97712.0498484895	0	0
"1975"	2105	252128.34863154	22740221.5361647	0	1669126.27512851	0	144028.41579204
"1976"	2106	774185.724725353	10366111.7795341	15586.3422802065	1629520.26213186	0	10283284.3875766
"1977"	2107	461522.532283582	10265362.2957222	91299.9605803983	0	0	12608584.8617096
"1978"	2108	0	19826716.9105073	0	613064.256808301	0	4433470.02772349
"1979"	2109	1271745.01329867	14049276.396687	6191584.0984825	1059211.65672518	0	1796016.64050344
"1980"	2110	0	24569426.2634484	0	0	0	290074.761101171
"1981"	2111	388540.32005818	23208617.0359578	37505.0365429446	800867.209278752	0	0
"1982"	2112	263011.169582471	24125181.6023234	0	208891.734084421	0	0
"1983"	2113	0	25000001.5256588	0	0	0	0
"1984"	2114	0	25000001.6182086	0	0	0	0
"1985"	2115	0	25000001.7107489	0	0	0	0
"1986"	2116	0	25000001.803293	0	0	0	0
"1987"	2117	0	24947994.9297809	0	0	0	0
"1988"	2118	386339.316746558	23561989.2615584	132557.186826072	212371.840538894	116487.304197991	0
"1989"	2119	4284114.30620696	13986192.6987302	2015128.44309349	394523.28349095	88010.5418027477	0
"1990"	2120	114258.270245973	22958455.4785546	0	1178822.47709646	0	0
"1991"	2121	0	24791824.8246678	0	0	0	0
"1992"	2122	0	15216394.2839917	0	0	0	9582786.26174078
"1993"	2123	0	24437778.2522796	153210.48081517	82106.9896321236	0	0
"1994"	2124	0	24449652.0673979	0	0	0	0
"1995"	2125	0	24048960.2661248	0	0	0	638951.496513003
"1996"	2126	0	22447443.4799899	237738.951271395	1334295.40099946	0	0
"1997"	2127	0	21886620.8128057	0	36629.7603879515	0	2812956.98768297
"1998"	2128	0	23253096.0364666	1649706.52699242	0	0	0
"1999"	2129	0	22796794.6957075	419147.577252538	1088589.75806922	0	0
"2000"	2130	0	22535464.9262499	345552.970925319	1661709.08676841	0	0
"2001"	2131	0	22843325.0137201	0	808413.78233552	0	0
"2002"	2132	0	24487407.117774	0	167769.776853545	0	0
"2003"	2133	0	24886467.0248132	113536.719986346	0	0	0
"2004"	2134	0	24996211.8286322	0	3792.00854540989	0	0
"2005"	2135	0	20738024.904152	2207656.70599382	894512.114512105	0	938218.594545327
"2006"	2136	0	12034262.2896759	11347982.0834977	353869.904870476	0	915269.171370475
"2007"	2137	0	24933587.8727585	0	27207.6307739811	0	0
"2008"	2138	56167.1580579379	23253815.0490081	0	1481417.94706149	0	0
"2009"	2139	0	23995971.4108621	453857.007036442	399650.927302933	0	0
"2010"	2140	0	25000001.4988635	0	0	0	0
"2011"	2141	0	25000001.5913682	0	0	0	0
"2012"	2142	0	25000001.6838596	0	0	0	0
"2013"	2143	0	25000001.7763529	0	0	0	0
"2014"	2144	342.493935932405	24753616.6705447	0	0	0	0
"2015"	2145	2269456.48379299	17130305.987791	1309152.08849482	219141.482703192	136054.693970468	0
"2016"	2146	693135.225416803	22964390.2235336	278728.085648809	213739.755135207	0	0
"2017"	2147	0	24852731.7358382	0	0	0	0
"2018"	2148	0	23463137.0379777	0	0	0	1490819.60748187
"2019"	2149	0	17708382.8327891	0	0	0	7291619.49835145
"2020"	2150	0	23594423.5437336	1090223.98837021	63951.1442110687	0	83838.986613556
"2021"	2151	0	23890125.4167918	64280.1590970093	0	0	940439.486671246
"2022"	2152	0	24767355.1453419	0	0	0	0
"2023"	2153	0	23675933.8113803	1055223.08166925	37976.1851093392	0	0
"2024"	2154	0	22851571.6551066	25783.6131827519	1475674.131948	0	0
"2025"	2156	0	24293695.8295758	0	402709.871467785	0	0
"2026"	2157	0	21103856.5019073	142564.226780127	3309243.02736623	0	0
"2027"	2158	0	22383901.318508	111969.688590394	1081861.89652159	0	0
"2028"	2159	0	21360989.1701062	47202.5249003959	2809198.82148481	0	0
"2029"	2160	0	19969830.1288785	15329.9894148838	4185004.96223748	0	0
"2030"	2161	0	23632945.3474563	228223.681044634	769009.523174106	0	0
"2031"	2162	0	23974825.2133789	25702.5939193387	598065.89513428	0	0
"2032"	2163	0	23584954.089474	276551.189510063	830525.121447083	0	0
"2033"	2164	0	21928560.786693	915935.908552904	1747122.40680692	0	0
"2034"	2165	0	14852823.4909657	9477070.78893632	102859.702439359	0	466136.792404902
"2035"	2166	0	4376560.30294378	19343578.0106032	297644.423547258	0	871578.358484711
"2036"	2167	0	24348083.487325	0	0	0	651917.707303185
"2037"	2168	0	24889941.801317	0	0	0	0
"2038"	2169	0	24948661.433501	0	0	0	0
"2039"	2170	0	25000001.4720716	0	0	0	0
"2040"	2171	0	25000001.5645244	0	0	0	0
"2041"	2172	0	24983742.8799448	0	0	0	0
"2042"	2173	34588.9150962066	24879948.9838228	0	60622.3788819108	0	0
"2043"	2174	209680.35995048	22449710.6828355	742323.681113674	128259.743299276	59714.2721870606	0
"2044"	2175	111689.359584985	22860822.5470465	413639.67872361	293329.898471323	81151.6065571271	0
"2045"	2176	1167.16817534901	24998168.7706439	0	0	0	0
"2046"	2177	0	25000002.1191571	0	0	0	0
"2047"	2178	0	23520541.703128	1022458.53216698	0	0	0
"2048"	2179	0	21457029.015169	757154.431225203	2009423.20775157	0	0
"2049"	2180	0	20193593.0935167	3425722.07815483	1380688.21644331	0	0
"2050"	2181	0	20197557.4895052	64584.0799497233	4312539.99624194	0	0
"2051"	2183	0	22562637.5482325	1085665.59572654	1351700.63754165	0	0
"2052"	2184	0	20232357.3534967	520375.51134662	4055408.78838812	0	0
"2053"	2185	0	19382279.7430315	1604815.73349997	4002425.35374731	0	0
"2054"	2186	0	17246800.3569719	1994632.67077821	5201286.80102222	0	0
"2055"	2187	0	7198850.98422786	16509266.3127783	115358.765988961	0	1039922.67019617
"2056"	2188	0	24782711.8599205	89413.4010137152	0	0	21570.3577712579
"2057"	2189	0	24897946.8784004	0	0	0	0
"2058"	2190	0	25000001.3528502	0	0	0	0
"2059"	2191	63299.9031377771	24836438.5036433	0	0	0	0
"2060"	2192	0	24503199.2648594	217635.020331098	170226.408307898	0	0
"2061"	2193	0	24598091.7305381	0	281691.41295362	0	0
"2062"	2194	1047630.01183612	20159234.3344451	443672.847209274	783291.974954731	57680.7479854189	0
"2063"	2195	397863.085282554	23461899.846245	59172.0258859615	30547.108448619	25616.7185257804	0
"2064"	2196	0	24877922.8846376	0	0	0	0
"2065"	2197	0	24549710.9971224	0	0	0	84622.9827625733
"2066"	2198	0	24407774.6326524	0	0	0	0
"2067"	2199	0	23254217.0824468	1236489.30378747	0	0	0
"2068"	2200	0	18757994.7236614	597463.734473594	5241038.31119163	0	0
"2069"	2201	0	24453583.6655442	0	153582.766774689	0	0
"2070"	2202	0	19206258.717423	3481766.58381305	1825514.36902355	0	278278.400198478
"2071"	2203	0	6240496.65012206	16269183.8035488	603613.375025339	0	1785915.97596078
"2072"	2204	0	24890421.8460693	0	0	0	0
"2073"	2205	0	25000001.2337222	0	0	0	0
"2074"	2206	0	25000001.3261166	0	0	0	0
"2075"	2207	0	24793566.3667128	0	206435.051793865	0	0
"2076"	2208	134670.540831375	22841840.6244363	266342.691436077	849472.266499825	0	0
"2077"	2209	354107.981115131	21662720.960026	535529.970942258	605633.748748675	209384.546105569	0
"2078"	2210	1003138.62956273	20486342.8432712	567917.295689982	266985.974978769	169556.441290552	0
"2079"	2211	0	20514961.6124154	0	0	38656.6277758228	0
"2080"	2212	0	24855514.276903	0	0	25638.8299845271	0
"2081"	2213	0	23177961.9365053	0	0	0	1805246.57027151
"2082"	2214	0	24986016.8602353	11880.039066887	2105.25805164035	0	0
"2083"	2215	224299.931079438	20782441.4457375	1414948.64739886	1994889.53304234	0	0
"2084"	2216	0	24745327.4478311	0	0	0	0
"2085"	2217	0	24503578.8308707	0	0	0	0
"2086"	2218	0	24843997.4228359	0	0	0	0
"2087"	2219	0	25000003.3569729	0	0	0	0
"2088"	2220	1398740.40272749	15396284.0650426	786158.236577061	6083714.74868949	0	0
"2089"	2221	2533334.95376172	9250854.19293219	3135867.73449121	6409907.02301725	0	0
"2090"	2222	0	19084112.8863666	3360681.4041622	2096269.17224112	0	372535.110836215
"2091"	2223	0	25000001.1146741	0	0	0	0
"2092"	2224	0	24944885.246625	0	0	0	0
"2093"	2225	0	24630550.3956389	0	0	0	0
"2094"	2226	106073.460076217	23804633.4922024	219864.214840825	180327.839106087	0	0
"2095"	2227	162007.613407521	22546211.5031395	309299.714114631	243111.472764388	0	0
"2096"	2228	0	24696208.0554718	182466.910345811	37394.2333329441	0	0
"2097"	2229	20323.493425309	24464568.1051764	87447.9813314285	37681.508464518	0	0
"2098"	2230	0	23170111.3274017	0	0	0	0
"2099"	2231	0	24675102.8698659	0	0	0	0
"2100"	2232	0	25000001.9456527	0	0	0	0
"2101"	2233	0	21478904.576713	25592.2660746388	3292203.15318066	0	0
"2102"	2234	531887.057765288	16565196.390513	229858.119341995	7309014.34537903	0	0
"2103"	2235	144780.756538409	22146577.9076043	235221.472697475	2423200.98040859	0	0
"2104"	2236	0	24658087.4838956	0	0	0	0
"2105"	2237	0	24940479.9737999	0	59523.3579267534	0	0
"2106"	2238	0	17353589.803445	2343561.87461154	4917852.66996169	0	0
"2107"	2239	313951.410070215	13409316.4564763	1810884.98205708	9159906.2210262	0	0
"2108"	2240	131235.239770699	11988568.1371646	3387951.67194819	7694714.53245203	0	0
"2109"	2241	0	25000000.9957006	0	0	0	0
"2110"	2242	0	25000001.088033	0	0	0	0
"2111"	2243	0	25000001.1803589	0	0	0	0
"2112"	2244	0	24948578.8060932	0	0	0	0
"2113"	2245	120011.322294059	24232358.323813	44194.6447523116	217976.644561272	0	0
"2114"	2246	472856.836384904	22451478.725823	43543.4769690186	163032.003498773	12417.3739254512	0
"2115"	2247	42669.2746327241	24810896.505529	0	9032.22179400036	0	0
"2116"	2248	0	25000001.6418447	0	0	0	0
"2117"	2249	0	25000001.7341189	0	0	0	0
"2118"	2250	0	24942453.1306179	43.8168709668098	0	0	0
"2119"	2251	111311.978066194	20975479.3157034	1038229.98079998	2385652.99216358	0	0
"2120"	2252	65706.5905774918	7857384.35302018	222650.920415938	16511999.4277282	0	0
"2121"	2253	0	23744282.6705142	0	1255719.4326316	0	0
"2122"	2254	0	24620292.203042	0	0	0	0
"2123"	2255	0	18056291.4522949	1933773.05535112	4450646.71206791	0	0
"2124"	2256	0	16046623.8656608	5508603.12785397	3080000.2403341	0	0
"2125"	2257	1050285.25036231	14589100.7401453	4620886.41515327	4119875.675086	0	0
"2126"	2258	332.788039225619	19083222.0634634	2740064.54945438	2737258.83334783	0	10619.0630406281
"2127"	2259	0	23962267.3669108	0	0	0	1025886.03577046
"2128"	2260	0	25000000.9691319	0	0	0	0
"2129"	2261	0	25000001.0614026	0	0	0	0
"2130"	2262	0	21516285.2683281	0	0	0	1453140.54096224
"2131"	2263	0	24108545.1444083	0	104442.611028943	0	0
"2132"	2264	137010.346162859	23625918.1427667	0	105899.528237247	0	0
"2133"	2265	1546094.18999927	21677190.96413	0	397850.908315452	0	0
"2134"	2266	115529.86428826	24289224.6598052	76644.0497339135	102494.504882083	0	0
"2135"	2267	315233.901657392	24171688.5482913	150925.268724745	4457.97465631366	0	0
"2136"	2268	387421.846605921	22791407.6568659	359823.93047741	775598.803124888	0	0
"2137"	2269	344852.363747789	23669358.9118405	432372.503642667	476431.185555689	0	0
"2138"	2270	0	25000001.983866	0	0	0	0
"2139"	2271	0	25000002.0760682	0	0	0	0
"2140"	2272	0	24247618.7542626	171117.100872594	0	0	0
"2141"	2273	0	24577176.1908581	0	0	0	0
"2142"	2274	0	25000003.1819556	0	0	0	0
"2143"	2275	0	12672974.2038923	2987103.60575311	8579395.41340326	0	0
"2144"	2276	0	17981444.468623	1247094.22782576	5047026.43495302	0	46099.686145857
"2145"	2277	0	24223003.9340251	0	0	0	688469.332591325
"2146"	2278	0	24987169.4871616	0	0	0	0
"2147"	2279	206934.661960824	23840185.8155983	69630.5367088565	196073.511867571	0	0
"2148"	2280	3320231.67890058	15096159.6572208	1573349.09399218	450277.372897117	441925.50119517	0
"2149"	2281	1221594.22040108	22917691.641824	271390.193124268	321466.048407109	0	0
"2150"	2282	46108.8231485476	24868022.2176997	26119.3323512217	31874.1149163201	0	0
"2151"	2283	0	25000001.864665	0	0	0	0
"2152"	2284	0	25000001.9568286	0	0	0	0
"2153"	2285	0	22542687.196666	1015301.50298898	1233671.14091401	0	0
"2154"	2286	0	13712450.2196535	5274641.56929016	5373246.28808667	0	0
"2155"	2287	0	23449211.9217221	23708.2118376163	720466.461671785	0	8162.43068724498
"2156"	2288	0	20832844.1270209	0	0	0	2533946.13835354
"2157"	2289	0	23597729.2299167	611179.385379823	0	0	0
"2158"	2290	0	19189345.6126192	2545309.49097771	0	0	0
"2159"	2291	605877.200526536	21595417.5868566	419288.556229877	378551.502182531	223825.795968743	0
"2160"	2292	14974.3094623496	24686963.8404921	0	0	0	0
"2161"	2293	0	25000001.7455282	0	0	0	0
"2162"	2294	0	25000001.8376603	0	0	0	0
"2163"	2295	0	25000001.9297876	0	0	0	0
"2164"	2296	0	25000002.0219085	0	0	0	0
"2165"	2297	0	24714713.6990556	0	0	0	0
"2166"	2298	0	20985243.2920837	1008843.278187	2615697.2800772	0	0
"2167"	2299	0	20338308.0135013	901859.737148948	0	0	1341372.63717766
"2168"	2300	50244.9435087872	24606637.2004946	104884.389073651	0	0	0
"2169"	2301	96343.5344205801	23084590.1051849	279847.129402839	187375.867013749	17113.9584846888	0
"2170"	2302	0	24926120.3336468	10142.8023482636	63738.5825928105	0	0
"2171"	2303	0	25000001.8106942	0	0	0	0
"2172"	2304	0	25000001.9027812	0	0	0	0
"2173"	2305	0	24784383.1250647	0	0	0	215618.382474893
"2174"	2306	690178.76062586	23226472.8020992	111405.022273971	78106.5315720858	32560.3996388456	0
"2175"	2307	105937.336540153	21279766.985792	59809.0821353476	244214.163199044	0	0
"2176"	2308	217414.33414265	23894737.5436591	190835.704302248	38493.3904828308	0	0
"2177"	2311	0	20714347.1204248	104466.658638176	0	0	3328372.55389197
