"","fid","mean_elev","elev_band","geometry","canopy_height"
"1",2,1272.31081222707,"1000-2000m",list(c(95.278777094427, 95.2796743711683, 95.3298968427064, 95.3289798402357, 95.278777094427, 26.6564048877334, 26.7015140501384, 26.7006983270308, 26.6555907569448, 26.6564048877334)),21.536244688847
"2",3,1519.51215618861,"1000-2000m",list(c(95.3289798402357, 95.3298968427064, 95.3801171540231, 95.3791804294877, 95.3289798402357, 26.6555907569448, 26.7006983270308, 26.699864861617, 26.6547589184605, 26.6555907569448)),24.1540868313213
"3",6,1159.85609192409,"1000-2000m",list(c(95.2294497858275, 95.2303294006272, 95.2805737617143, 95.2796743711683, 95.2294497858275, 26.7023120280629, 26.7474224346096, 26.7466228977896, 26.7015140501384, 26.7023120280629)),20.1490531553808
"4",7,1124.03567304391,"1000-2000m",list(c(95.2796743711683, 95.2805737617143, 95.3308160054006, 95.3298968427064, 95.2796743711683, 26.7015140501384, 26.7466228977896, 26.7458055811424, 26.7006983270308, 26.7015140501384)),18.7999527749327
"5",8,1119.7556336702,"1000-2000m",list(c(95.3298968427064, 95.3308160054006, 95.3810560851887, 95.3801171540231, 95.3298968427064, 26.7006983270308, 26.7458055811424, 26.7449704875519, 26.699864861617, 26.7006983270308)),16.9997667359297
"6",9,1727.98512251124,"1000-2000m",list(c(95.3801171540231, 95.3810560851887, 95.4312939545931, 95.4303352587115, 95.3801171540231, 26.699864861617, 26.7449704875519, 26.7441176199643, 26.6990136568358, 26.699864861617)),31.5628815366888
"7",12,1101.73148823334,"1000-2000m",list(c(95.2303294006272, 95.2312110863203, 95.2814752696629, 95.2805737617143, 95.2303294006272, 26.7474224346096, 26.792532527191, 26.7917314302778, 26.7466228977896, 26.7474224346096)),18.5486883236286
"8",13,939.586560793422,"0-1000m",list(c(95.2805737617143, 95.2814752696629, 95.331737331995, 95.3308160054006, 95.2805737617143, 26.7466228977896, 26.7917314302778, 26.790912518867, 26.7458055811424, 26.7466228977896)),17.1124390184109
"9",14,848.390765054917,"0-1000m",list(c(95.3308160054006, 95.331737331995, 95.38199722674, 95.3810560851887, 95.3308160054006, 26.7458055811424, 26.790912518867, 26.7900757958492, 26.7449704875519, 26.7458055811424)),17.3522355172424
"10",15,1159.57755319817,"1000-2000m",list(c(95.3810560851887, 95.38199722674, 95.4322549073337, 95.4312939545931, 95.3810560851887, 26.7449704875519, 26.7900757958492, 26.7892212641781, 26.7441176199643, 26.7449704875519)),22.7313643878305
"11",16,1490.33530605343,"1000-2000m",list(c(95.4312939545931, 95.4322549073337, 95.4825103272238, 95.4815295671406, 95.4312939545931, 26.7441176199643, 26.7892212641781, 26.7883489268697, 26.7432469813882, 26.7441176199643)),25.759192247539
"12",19,873.959988764396,"0-1000m",list(c(95.2312110863203, 95.2320948464376, 95.2823788986241, 95.2814752696629, 95.2312110863203, 26.792532527191, 26.8376423054017, 26.8368396471945, 26.7917314302778, 26.792532527191)),19.9702172894119
"13",20,940.278986298805,"0-1000m",list(c(95.2814752696629, 95.2823788986241, 95.3326608261784, 95.331737331995, 95.2814752696629, 26.7917314302778, 26.8368396471945, 26.8360191397924, 26.790912518867, 26.7917314302778)),16.8864096678369
"14",21,670.114022974076,"0-1000m",list(c(95.331737331995, 95.3326608261784, 95.3829405824448, 95.38199722674, 95.331737331995, 26.790912518867, 26.8360191397924, 26.8351807860934, 26.7900757958492, 26.790912518867)),17.7514121699196
"15",22,1350.80069286227,"1000-2000m",list(c(95.38199722674, 95.3829405824448, 95.4332181207799, 95.4322549073337, 95.38199722674, 26.7900757958492, 26.8351807860934, 26.8343245890582, 26.7892212641781, 26.7900757958492)),24.9402596605384
"16",23,1720.94497674854,"1000-2000m",list(c(95.4322549073337, 95.4332181207799, 95.4834933945522, 95.4825103272238, 95.4322549073337, 26.7892212641781, 26.8343245890582, 26.8334505517103, 26.7883489268697, 26.7892212641781)),29.6744356475718
"17",24,2228.63497018263,"2000-2500m",list(c(95.4825103272238, 95.4834933945522, 95.5337663571432, 95.5327634398709, 95.4825103272238, 26.7883489268697, 26.8334505517103, 26.8325586771359, 26.7874587870025, 26.7883489268697)),31.4015048277594
"18",31,795.630734229576,"0-1000m",list(c(95.1818087162865, 95.1826746353052, 95.2329806845216, 95.2320948464376, 95.1818087162865, 26.8384271115789, 26.8835381027817, 26.882751768837, 26.8376423054017, 26.8384271115789)),23.8275659411129
"19",32,1099.19242357667,"1000-2000m",list(c(95.2320948464376, 95.2329806845216, 95.2832846522194, 95.2823788986241, 95.2320948464376, 26.8376423054017, 26.882751768837, 26.8819475481314, 26.8368396471945, 26.8376423054017)),21.3584916064208
"20",33,797.406032264139,"0-1000m",list(c(95.2823788986241, 95.2832846522194, 95.3335864916517, 95.3326608261784, 95.2823788986241, 26.8368396471945, 26.8819475481314, 26.8811254435072, 26.8360191397924, 26.8368396471945)),19.6250380103757
"21",34,592.199659133948,"0-1000m",list(c(95.3326608261784, 95.3335864916517, 95.3838861560832, 95.3829405824448, 95.3326608261784, 26.8360191397924, 26.8811254435072, 26.8802854578694, 26.8351807860934, 26.8360191397924)),17.12138311959
"22",35,864.261220262381,"0-1000m",list(c(95.3829405824448, 95.3838861560832, 95.4341835987908, 95.4332181207799, 95.3829405824448, 26.8351807860934, 26.8802854578694, 26.879427594186, 26.8343245890582, 26.8351807860934)),20.8172377254018
"23",36,1496.76718347875,"1000-2000m",list(c(95.4332181207799, 95.4341835987908, 95.4844787730641, 95.4834933945522, 95.4332181207799, 26.8343245890582, 26.879427594186, 26.8785518554879, 26.8334505517103, 26.8343245890582)),27.1907759027761
"24",37,1750.54308168161,"1000-2000m",list(c(95.4834933945522, 95.4844787730641, 95.5347716322049, 95.5337663571432, 95.4834933945522, 26.8334505517103, 26.8785518554879, 26.8776582448689, 26.8325586771359, 26.8334505517103)),26.5015111938585
"25",38,1982.2047928837,"1000-2000m",list(c(95.5337663571432, 95.5347716322049, 95.5850621295281, 95.5840369619471, 95.5337663571432, 26.8325586771359, 26.8776582448689, 26.8767467654856, 26.8316489684838, 26.8325586771359)),30.357926959929
"26",39,1730.45456108971,"1000-2000m",list(c(95.5840369619471, 95.5850621295281, 95.6353502183617, 95.6343051623712, 95.5840369619471, 26.8316489684838, 26.8767467654856, 26.8758174205575, 26.8307214289656, 26.8316489684838)),27.8725187823695
"27",42,375.576267848351,"0-1000m",list(c(92.1119312398603, 92.1115777223969, 92.1619420714983, 92.1622755575372, 92.1119312398603, 26.8976079109925, 26.942745949069, 26.9430541682155, 26.8979155318491, 26.8976079109925)),27.3968737305406
"28",43,464.617146780687,"0-1000m",list(c(92.1622755575372, 92.1619420714983, 92.2123072040659, 92.2126206573386, 92.1622755575372, 26.8979155318491, 26.9430541682155, 26.9433444120774, 26.8982052123103, 26.8979155318491)),28.5318818904051
"29",44,446.74077560241,"0-1000m",list(c(92.2126206573386, 92.2123072040659, 92.2626730730425, 92.262966492288, 92.2126206573386, 26.8982052123103, 26.9433444120774, 26.9436166796266, 26.8984769513505, 26.8982052123103)),26.1735774975591
"30",45,374.645006016847,"0-1000m",list(c(92.262966492288, 92.2626730730425, 92.313039631367, 92.3133130154045, 92.262966492288, 26.8984769513505, 26.9436166796266, 26.9438709698988, 26.898730748008, 26.8984769513505)),22.5728184810046
"31",51,327.856402164112,"0-1000m",list(c(93.018210279844, 93.0182174675378, 93.0685887167245, 93.0685614857882, 93.018210279844, 26.900399563465, 26.9455430311263, 26.9455275898205, 26.900384152134, 26.900399563465)),15.0405271808496
"32",52,295.676948248697,"0-1000m",list(c(93.0685614857882, 93.0685887167245, 93.1189599019323, 93.1189126278633, 93.0685614857882, 26.900384152134, 26.9455275898205, 26.9454941644689, 26.9003507916679, 26.900384152134)),14.3074371929953
"33",58,730.183620581991,"0-1000m",list(c(95.2329806845216, 95.2338686041261, 95.2841925340823, 95.2832846522194, 95.2329806845216, 26.882751768837, 26.9278609170926, 26.9270551326811, 26.8819475481314, 26.882751768837)),20.7987451619225
"34",59,698.614525139665,"0-1000m",list(c(95.2832846522194, 95.2841925340823, 95.3345143321277, 95.3335864916517, 95.2832846522194, 26.8819475481314, 26.9270551326811, 26.9262314296004, 26.8811254435072, 26.8819475481314)),21.0013425591242
"35",60,623.077929822359,"0-1000m",list(c(95.3335864916517, 95.3345143321277, 95.3848339514473, 95.3838861560832, 95.3335864916517, 26.8811254435072, 26.9262314296004, 26.9253898107627, 26.8802854578694, 26.8811254435072)),20.0277519337
"36",61,744.494366592803,"0-1000m",list(c(95.3838861560832, 95.3848339514473, 95.4351513452384, 95.4341835987908, 95.3838861560832, 26.8802854578694, 26.9253898107627, 26.9245302791435, 26.879427594186, 26.8802854578694)),20.738528441008
"37",62,1204.54289816173,"1000-2000m",list(c(95.4341835987908, 95.4351513452384, 95.4854664667106, 95.4844787730641, 95.4341835987908, 26.879427594186, 26.9245302791435, 26.9236528377809, 26.8785518554879, 26.879427594186)),26.2975874355311
"38",63,1720.65736614149,"1000-2000m",list(c(95.4844787730641, 95.4854664667106, 95.5357792690863, 95.5347716322049, 95.4844787730641, 26.8785518554879, 26.9236528377809, 26.9227574897763, 26.8776582448689, 26.8785518554879)),30.9943687380398
"39",64,1401.49598951344,"1000-2000m",list(c(95.5347716322049, 95.5357792690863, 95.5860897056008, 95.5850621295281, 95.5347716322049, 26.8776582448689, 26.9227574897763, 26.9218442382942, 26.8767467654856, 26.8776582448689)),24.1935877768915
"40",65,1480.97294091945,"1000-2000m",list(c(95.5850621295281, 95.5860897056008, 95.6363977295026, 95.6353502183617, 95.5850621295281, 26.8767467654856, 26.9218442382942, 26.9209130865618, 26.8758174205575, 26.8767467654856)),26.1959333659971
"41",66,1903.9677875721,"1000-2000m",list(c(95.6353502183617, 95.6363977295026, 95.6867032940537, 95.6856358520472, 95.6353502183617, 26.8758174205575, 26.9209130865618, 26.9199640378694, 26.8748702133667, 26.8758174205575)),30.0403033539711
"42",67,1839.81996664284,"1000-2000m",list(c(95.6856358520472, 95.6867032940537, 95.7370063525296, 95.7359189839398, 95.6856358520472, 26.8748702133667, 26.9199640378694, 26.9189970955702, 26.8739051472581, 26.8748702133667)),30.5373391976641
"43",70,782.975492125984,"0-1000m",list(c(92.1115777223969, 92.1112233744138, 92.1616078019924, 92.1619420714983, 92.1115777223969, 26.942745949069, 26.9878836939582, 26.9881925118589, 26.9430541682155, 26.942745949069)),29.5315605796222
"44",71,1069.607690147,"1000-2000m",list(c(92.1619420714983, 92.1616078019924, 92.2119930143834, 92.2123072040659, 92.1619420714983, 26.9430541682155, 26.9881925118589, 26.9884833195586, 26.9433444120774, 26.9430541682155)),28.2498607353175
"45",72,886.245778670517,"0-1000m",list(c(92.2123072040659, 92.2119930143834, 92.2623789644487, 92.2626730730425, 92.2123072040659, 26.9433444120774, 26.9884833195586, 26.9887561160269, 26.9436166796266, 26.9433444120774)),26.4675197666131
"46",73,719.422583564808,"0-1000m",list(c(92.2626730730425, 92.2623789644487, 92.3127656050463, 92.313039631367, 92.2626730730425, 26.9436166796266, 26.9887561160269, 26.989010900297, 26.9438709698988, 26.9436166796266)),27.6203171109888
"47",74,655.221611951541,"0-1000m",list(c(92.313039631367, 92.3127656050463, 92.3631528890301, 92.3634068319741, 92.313039631367, 26.9438709698988, 26.989010900297, 26.9892476714659, 26.9441072819933, 26.9438709698988)),27.2992634842558
"48",75,470.835523235854,"0-1000m",list(c(92.3634068319741, 92.3631528890301, 92.4135407692505, 92.413774627795, 92.3634068319741, 26.9441072819933, 26.9892476714659, 26.9894664286948, 26.9443256150731, 26.9441072819933)),26.3821147913407
"49",76,382.195954686214,"0-1000m",list(c(92.413774627795, 92.4135407692505, 92.4639291985545, 92.4641429717577, 92.413774627795, 26.9443256150731, 26.9894664286948, 26.9896671712082, 26.9445259683649, 26.9443256150731)),30.5311999234651
"50",77,482.367932056544,"0-1000m",list(c(92.4641429717577, 92.4639291985545, 92.5143181297861, 92.5145118167869, 92.4641429717577, 26.9445259683649, 26.9896671712082, 26.9898498982947, 26.9447083411589, 26.9445259683649)),36.1411848684661
"51",78,314.722144777457,"0-1000m",list(c(92.5145118167869, 92.5143181297861, 92.5647075157865, 92.5648811158048, 92.5145118167869, 26.9447083411589, 26.9898498982947, 26.9900146093067, 26.9448727328092, 26.9447083411589)),28.5148728274431
"52",79,281.568202502844,"0-1000m",list(c(92.5648811158048, 92.5647075157865, 92.6150973093942, 92.6152508217307, 92.5648811158048, 26.9448727328092, 26.9900146093067, 26.9901613036606, 26.9450191427333, 26.9448727328092)),23.8590667280373
"53",82,267.117298669333,"0-1000m",list(c(92.9174749655937, 92.9174419895012, 92.9678333156822, 92.9678462014637, 92.9174749655937, 26.9455199614449, 26.990663095315, 26.9906836620794, 26.9455404883314, 26.9455199614449)),29.8270051214082
"54",83,228.014637495709,"0-1000m",list(c(92.9678462014637, 92.9678333156822, 93.0182246721192, 93.0182174675378, 92.9678462014637, 26.9455404883314, 26.9906836620794, 26.9906862098143, 26.9455430311263, 26.9455404883314)),24.447225640452
"55",84,304.597609313068,"0-1000m",list(c(93.0182174675378, 93.0182246721192, 93.0686160116397, 93.0685887167245, 93.0182174675378, 26.9455430311263, 26.9906862098143, 26.9906707385105, 26.9455275898205, 26.9455430311263)),21.0083802303721
"56",85,374.261220262382,"0-1000m",list(c(93.0685887167245, 93.0686160116397, 93.1190072870714, 93.1189599019323, 93.0685887167245, 26.9455275898205, 26.9906707385105, 26.990637248223, 26.9454941644689, 26.9455275898205)),23.2955609973558
"57",86,267.256140569895,"0-1000m",list(c(93.1189599019323, 93.1190072870714, 93.1693984512423, 93.1693309760702, 93.1189599019323, 26.9454941644689, 26.990637248223, 26.9905857390704, 26.9454427551897, 26.9454941644689)),21.3788821972976
"58",87,262.926149587973,"0-1000m",list(c(93.1693309760702, 93.1693984512423, 93.219789456981, 93.2197018920476, 93.1693309760702, 26.9454427551897, 26.9905857390704, 26.9905162112353, 26.9453733621651, 26.9454427551897)),21.6945872363989
"59",88,385.258734973598,"0-1000m",list(c(93.2197018920476, 93.219789456981, 93.2701802571169, 93.270072602775, 93.2197018920476, 26.9453733621651, 26.9905162112353, 26.9904286649642, 26.9452859856409, 26.9453733621651)),25.0638224284477
"60",89,536.174378957623,"0-1000m",list(c(93.270072602775, 93.2701802571169, 93.3205708044808, 93.3204430611641, 93.270072602775, 26.9452859856409, 26.9904286649642, 26.9903231005673, 26.9451806259267, 26.9452859856409)),24.9328261216082
"61",90,478.839859084046,"0-1000m",list(c(93.3204430611641, 93.3205708044808, 93.3709610519048, 93.3708132201277, 93.3204430611641, 26.9451806259267, 26.9903231005673, 26.9901995184187, 26.9450572833958, 26.9451806259267)),21.4680130612043
"62",91,382.182420554429,"0-1000m",list(c(93.3708132201277, 93.3709610519048, 93.4213509522225, 93.4211830325806, 93.3708132201277, 26.9450572833958, 26.9901995184187, 26.9900579189567, 26.9449159584849, 26.9450572833958)),24.6469730681304
"63",92,315.354645831041,"0-1000m",list(c(93.4211830325806, 93.4213509522225, 93.4717404582698, 93.4715524514394, 93.4211830325806, 26.9449159584849, 26.9900579189567, 26.9898983026829, 26.9447566516949, 26.9449159584849)),23.7213045565896
"64",93,219.045989000569,"0-1000m",list(c(93.4715524514394, 93.4717404582698, 93.5221295228844, 93.5219214296229, 93.4715524514394, 26.9447566516949, 26.9898983026829, 26.989720670163, 26.9445793635899, 26.9447566516949)),19.4390064847669
"65",94,188.239230358097,"0-1000m",list(c(93.5219214296229, 93.5221295228844, 93.5725180989069, 93.5722899200523, 93.5219214296229, 26.9445793635899, 26.989720670163, 26.9895250220267, 26.944384094798, 26.9445793635899)),16.9592744130293
"66",95,161.570496196404,"0-1000m",list(c(93.5722899200523, 93.5725180989069, 93.6229061391804, 93.6226578756517, 93.5722899200523, 26.944384094798, 26.9895250220267, 26.9893113589673, 26.944170846011, 26.944384094798)),15.8077417874868
"67",99,477.424300115477,"0-1000m",list(c(95.2338686041261, 95.2347586088165, 95.2851025478581, 95.2841925340823, 95.2338686041261, 26.9278609170926, 26.9729697497648, 26.9721624004363, 26.9270551326811, 26.9278609170926)),21.8040726404847
"68",100,592.685559127368,"0-1000m",list(c(95.2841925340823, 95.2851025478581, 95.3354443513315, 95.3345143321277, 95.2841925340823, 26.9270551326811, 26.9721624004363, 26.9713370976615, 26.9262314296004, 26.9270551326811)),21.18971375791
"69",101,509.183007971879,"0-1000m",list(c(95.3345143321277, 95.3354443513315, 95.385783972342, 95.3848339514473, 95.3345143321277, 26.9262314296004, 26.9713370976615, 26.9704938443595, 26.9253898107627, 26.9262314296004)),21.6234047632164
"70",102,944.254798539371,"0-1000m",list(c(95.3848339514473, 95.385783972342, 95.4361213640069, 95.4351513452384, 95.3848339514473, 26.9253898107627, 26.9704938443595, 26.969632643513, 26.9245302791435, 26.9253898107627)),26.1494787691534
"71",103,1301.65338160482,"1000-2000m",list(c(95.4351513452384, 95.4361213640069, 95.4864564794557, 95.4854664667106, 95.4351513452384, 26.9245302791435, 26.969632643513, 26.9687534981679, 26.9236528377809, 26.9245302791435)),27.0717194306915
"72",104,1292.70551126734,"1000-2000m",list(c(95.4854664667106, 95.4864564794557, 95.5367892718311, 95.5357792690863, 95.4854664667106, 26.9236528377809, 26.9687534981679, 26.9678564114331, 26.9227574897763, 26.9236528377809)),27.803479641162
"73",105,1549.13442152242,"1000-2000m",list(c(95.5357792690863, 95.5367892718311, 95.5871196942885, 95.5860897056008, 95.5357792690863, 26.9227574897763, 26.9678564114331, 26.9669413864807, 26.9218442382942, 26.9227574897763)),30.3565195999053
"74",106,1220.22936237945,"1000-2000m",list(c(95.5860897056008, 95.5871196942885, 95.6374476999965, 95.6363977295026, 95.5860897056008, 26.9218442382942, 26.9669413864807, 26.9660084265459, 26.9209130865618, 26.9218442382942)),24.51348529934
"75",107,1340.64603603038,"1000-2000m",list(c(95.6363977295026, 95.6374476999965, 95.6877732421375, 95.6867032940537, 95.6363977295026, 26.9209130865618, 26.9660084265459, 26.9650575349272, 26.9199640378694, 26.9209130865618)),28.5991806714333
"76",108,1414.20264660903,"1000-2000m",list(c(95.6867032940537, 95.6877732421375, 95.7380962739073, 95.7370063525296, 95.6867032940537, 26.9199640378694, 26.9650575349272, 26.9640887149859, 26.9189970955702, 26.9199640378694)),30.2021320213202
"77",111,1280.18749607683,"1000-2000m",list(c(92.1112233744138, 92.1108681944839, 92.1612727476734, 92.1616078019924, 92.1112233744138, 26.9878836939582, 27.0330211453191, 27.0333305624395, 26.9881925118589, 26.9878836939582)),31.1397253099448
"78",112,1445.19863787584,"1000-2000m",list(c(92.1616078019924, 92.1612727476734, 92.2116780870258, 92.2119930143834, 92.1616078019924, 26.9881925118589, 27.0333305624395, 27.0336219344156, 26.9884833195586, 26.9881925118589)),34.0084175870362
"79",113,1646.36952404999,"1000-2000m",list(c(92.2119930143834, 92.2116780870258, 92.262084165322, 92.2623789644487, 92.2119930143834, 26.9884833195586, 27.0336219344156, 27.0338952602142, 26.9887561160269, 26.9884833195586)),35.8479212826462
"80",114,1616.05856506183,"1000-2000m",list(c(92.2623789644487, 92.262084165322, 92.3124909353387, 92.3127656050463, 92.2623789644487, 26.9887561160269, 27.0338952602142, 27.0341505388662, 26.989010900297, 26.9887561160269)),33.3794016110472
"81",115,1191.94905946219,"1000-2000m",list(c(92.3127656050463, 92.3124909353387, 92.3628983498489, 92.3631528890301, 92.3127656050463, 26.989010900297, 27.0341505388662, 27.0343877694667, 26.9892476714659, 26.989010900297)),34.2735100475182
"82",116,837.176197351077,"0-1000m",list(c(92.3631528890301, 92.3628983498489, 92.4133063616218, 92.4135407692505, 92.3631528890301, 26.9892476714659, 27.0343877694667, 27.0346069511743, 26.9894664286948, 26.9892476714659)),34.1536289533074
"83",117,856.802146757893,"0-1000m",list(c(92.4135407692505, 92.4133063616218, 92.4637149234233, 92.4639291985545, 92.4135407692505, 26.9894664286948, 27.0346069511743, 27.034808083212, 26.9896671712082, 26.9894664286948)),33.8889444836135
"84",118,902.108572149981,"0-1000m",list(c(92.4639291985545, 92.4637149234233, 92.5141239880162, 92.5143181297861, 92.4639291985545, 26.9896671712082, 27.034808083212, 27.0349911648666, 26.9898498982947, 26.9896671712082)),33.1917599324674
"85",119,699.44931266085,"0-1000m",list(c(92.5143181297861, 92.5141239880162, 92.5645335081606, 92.5647075157865, 92.5143181297861, 26.9898498982947, 27.0349911648666, 27.0351561954889, 26.9900146093067, 26.9898498982947)),35.0530606736181
"86",120,363.421881865545,"0-1000m",list(c(92.5647075157865, 92.5645335081606, 92.6149434366138, 92.6150973093942, 92.5647075157865, 26.9900146093067, 27.0351561954889, 27.0353031744936, 26.9901613036606, 26.9900146093067)),30.9613840496316
"87",121,250.422893177909,"0-1000m",list(c(92.6150973093942, 92.6149434366138, 92.665353726131, 92.6654874634456, 92.6150973093942, 26.9901613036606, 27.0353031744936, 27.0354321013596, 26.9902899808363, 26.9901613036606)),23.68817357814
"88",126,238.118658060642,"0-1000m",list(c(92.8670507407485, 92.8669975498776, 92.9174089359803, 92.9174419895012, 92.8670507407485, 26.990624509594, 27.0357672792529, 27.0358059398478, 26.990663095315, 26.990624509594)),27.3421645360333
"89",127,393.503598030552,"0-1000m",list(c(92.9174419895012, 92.9174089359803, 92.9678203996446, 92.9678333156822, 92.9174419895012, 26.990663095315, 27.0358059398478, 27.0358265465211, 26.9906836620794, 26.990663095315)),31.0270547034037
"90",128,590.915385098236,"0-1000m",list(c(92.9678333156822, 92.9678203996446, 93.018231893617, 93.0182246721192, 92.9678333156822, 26.9906836620794, 27.0358265465211, 27.0358290991997, 26.9906862098143, 26.9906836620794)),31.5945189793108
"91",129,303.236896616659,"0-1000m",list(c(93.0182246721192, 93.018231893617, 93.0686433706438, 93.0686160116397, 93.0182246721192, 26.9906862098143, 27.0358290991997, 27.0358135978745, 26.9906707385105, 26.9906862098143)),21.9288862259915
"92",130,419.995423557632,"0-1000m",list(c(93.0686160116397, 93.0686433706438, 93.1190547834715, 93.1190072870714, 93.0686160116397, 26.9906707385105, 27.0358135978745, 27.0357800426006, 26.990637248223, 26.9906707385105)),26.4737107818839
"93",131,474.659343418492,"0-1000m",list(c(93.1190072870714, 93.1190547834715, 93.1694660848468, 93.1693984512423, 93.1190072870714, 26.990637248223, 27.0357800426006, 27.0357284334969, 26.9905857390704, 26.990637248223)),22.3365955927173
"94",132,392.58665494947,"0-1000m",list(c(93.1693984512423, 93.1694660848468, 93.2198772275172, 93.219789456981, 93.1693984512423, 26.9905857390704, 27.0357284334969, 27.0356587707465, 26.9905162112353, 26.9905857390704)),23.4495339360014
"95",133,382.700669107436,"0-1000m",list(c(93.219789456981, 93.2198772275172, 93.2702881642311, 93.2701802571169, 93.219789456981, 26.9905162112353, 27.0356587707465, 27.0355710545963, 26.9904286649642, 26.9905162112353)),27.2754528858306
"96",134,432.241321950913,"0-1000m",list(c(93.2701802571169, 93.2702881642311, 93.3206988477378, 93.3205708044808, 93.2701802571169, 26.9904286649642, 27.0355710545963, 27.0354652853576, 26.9903231005673, 26.9904286649642)),25.4530116870525
"97",135,516.067100113622,"0-1000m",list(c(93.3205708044808, 93.3206988477378, 93.3711092307883, 93.3709610519048, 93.3205708044808, 26.9903231005673, 27.0354652853576, 27.0353414634052, 26.9901995184187, 26.9903231005673)),27.0861751961047
"98",136,323.512585525077,"0-1000m",list(c(93.3709610519048, 93.3711092307883, 93.4215192661352, 93.4213509522225, 93.3709610519048, 26.9901995184187, 27.0353414634052, 27.0351995891783, 26.9900579189567, 26.9901995184187)),24.5714276990532
"99",137,312.662325026678,"0-1000m",list(c(93.4213509522225, 93.4215192661352, 93.4719289065331, 93.4717404582698, 93.4213509522225, 26.9900579189567, 27.0351995891783, 27.03503966318, 26.9898983026829, 26.9900579189567)),24.7440845048829
"100",138,467.63558894079,"0-1000m",list(c(93.4717404582698, 93.4719289065331, 93.5223381047386, 93.5221295228844, 93.4717404582698, 26.9898983026829, 27.03503966318, 27.0348616859775, 26.989720670163, 26.9898983026829)),28.3775891921934
"101",139,473.177013370159,"0-1000m",list(c(93.5221295228844, 93.5223381047386, 93.5727468135111, 93.5725180989069, 93.5221295228844, 26.989720670163, 27.0348616859775, 27.0346656582017, 26.9895250220267, 26.989720670163)),28.1168998172149
"102",140,358.439771514657,"0-1000m",list(c(93.5725180989069, 93.5727468135111, 93.6231549856124, 93.6229061391804, 93.5725180989069, 26.9895250220267, 27.0346656582017, 27.0344515805478, 26.9893113589673, 26.9895250220267)),25.1494766387214
"103",141,289.055927281909,"0-1000m",list(c(93.6229061391804, 93.6231549856124, 93.6735625738078, 93.6732935965509, 93.6229061391804, 26.9893113589673, 27.0344515805478, 27.0342194537749, 26.9890796817421, 26.9893113589673)),23.278389743809
"104",142,199.145796811086,"0-1000m",list(c(93.6732935965509, 93.6735625738078, 93.7239695308653, 93.723680423868, 93.6732935965509, 26.9890796817421, 27.0342194537749, 27.0339692787059, 26.988829991172, 26.9890796817421)),15.6734698271222
"105",144,304.379658703072,"0-1000m",list(c(95.1844125811138, 95.1852846148864, 95.2356507021702, 95.2347586088165, 95.1844125811138, 26.9737591427906, 27.0188691907964, 27.0180782664504, 26.9729697497648, 26.9737591427906)),21.565189054224
"106",145,404.679524198104,"0-1000m",list(c(95.2347586088165, 95.2356507021702, 95.2860146972039, 95.2851025478581, 95.2347586088165, 26.9729697497648, 27.0180782664504, 27.0172693509907, 26.9721624004363, 26.9729697497648)),24.2874447521411
"107",146,432.539137530601,"0-1000m",list(c(95.2851025478581, 95.2860146972039, 95.3363765530004, 95.3354443513315, 95.2851025478581, 26.9721624004363, 27.0172693509907, 27.0164424472805, 26.9713370976615, 26.9721624004363)),22.7037828550115
"108",147,363.345600302992,"0-1000m",list(c(95.3354443513315, 95.3363765530004, 95.3867362225846, 95.385783972342, 95.3354443513315, 26.9713370976615, 27.0164424472805, 27.0155975582462, 26.9704938443595, 26.9713370976615)),20.8400805195838
"109",148,550.237838177139,"0-1000m",list(c(95.385783972342, 95.3867362225846, 95.4370936589934, 95.4361213640069, 95.385783972342, 26.9704938443595, 27.0155975582462, 27.0147346868777, 26.969632643513, 26.9704938443595)),21.4595736091529
"110",149,668.766147762225,"0-1000m",list(c(95.4361213640069, 95.4370936589934, 95.4874488152765, 95.4864564794557, 95.4361213640069, 26.969632643513, 27.0147346868777, 27.0138538362284, 26.9687534981679, 26.969632643513)),23.3768792818839
"111",150,875.304349198334,"0-1000m",list(c(95.4864564794557, 95.4874488152765, 95.5378016444962, 95.5367892718311, 95.4864564794557, 26.9687534981679, 27.0138538362284, 27.0129550094148, 26.9678564114331, 26.9687534981679)),24.9581864421095
"112",151,1071.96651183228,"1000-2000m",list(c(95.5367892718311, 95.5378016444962, 95.5881520997278, 95.5871196942885, 95.5367892718311, 26.9678564114331, 27.0129550094148, 27.0120382096169, 26.9669413864807, 26.9678564114331)),32.6630384415919
"113",152,1653.12591802147,"1000-2000m",list(c(95.5871196942885, 95.5881520997278, 95.6385001340599, 95.6374476999965, 95.5871196942885, 26.9669413864807, 27.0120382096169, 27.0111034400778, 26.9660084265459, 26.9669413864807)),34.6082695280866
"114",153,1140.68346799647,"1000-2000m",list(c(95.6374476999965, 95.6385001340599, 95.6888457005948, 95.6877732421375, 95.6374476999965, 26.9660084265459, 27.0111034400778, 27.010150704104, 26.9650575349272, 26.9660084265459)),26.4587730406641
"115",154,1166.62786391313,"1000-2000m",list(c(95.6877732421375, 95.6888457005948, 95.7391887524485, 95.7380962739073, 95.6877732421375, 26.9650575349272, 27.010150704104, 27.0091800050651, 26.9640887149859, 26.9650575349272)),26.2322585185117
"116",155,1714.4499773093,"1000-2000m",list(c(95.7380962739073, 95.7391887524485, 95.789529242751, 95.7884167485159, 95.7380962739073, 26.9640887149859, 27.0091800050651, 27.0081913463939, 26.9631019701463, 26.9640887149859)),31.4429627948905
"117",157,2114.97635859065,"2000-2500m",list(c(92.0604644746719, 92.0600882899743, 92.1105121811757, 92.1108681944839, 92.0604644746719, 27.0326936841511, 27.0778302069888, 27.0781583028113, 27.0330211453191, 27.0326936841511)),28.0690666763247
"118",158,1258.78805280734,"1000-2000m",list(c(92.1108681944839, 92.1105121811757, 92.1609369071908, 92.1612727476734, 92.1108681944839, 27.0330211453191, 27.0781583028113, 27.0784683196183, 27.0333305624395, 27.0330211453191)),20.7987429154866
"119",159,1835.74236134952,"1000-2000m",list(c(92.1612727476734, 92.1609369071908, 92.2113624207238, 92.2116780870258, 92.1612727476734, 27.0333305624395, 27.0784683196183, 27.0787602563103, 27.0336219344156, 27.0333305624395)),24.9492373531462
"120",160,2221.48578243676,"2000-2500m",list(c(92.2116780870258, 92.2113624207238, 92.2617886744741, 92.262084165322, 92.2116780870258, 27.0336219344156, 27.0787602563103, 27.0790341118517, 27.0338952602142, 27.0336219344156)),33.7811271847066
"121",161,2384.93008957274,"2000-2500m",list(c(92.262084165322, 92.2617886744741, 92.3122156211371, 92.3124909353387, 92.262084165322, 27.0338952602142, 27.0790341118517, 27.079289885271, 27.0341505388662, 27.0338952602142)),33.0146513160176
"122",162,1797.40038290126,"1000-2000m",list(c(92.3124909353387, 92.3122156211371, 92.3626432134044, 92.3628983498489, 92.3124909353387, 27.0341505388662, 27.079289885271, 27.0795275756609, 27.0343877694667, 27.0341505388662)),35.0424153178403
"123",163,1419.13925907431,"1000-2000m",list(c(92.3628983498489, 92.3626432134044, 92.4130714039639, 92.4133063616218, 92.3628983498489, 27.0343877694667, 27.0795275756609, 27.0797471821782, 27.0346069511743, 27.0343877694667)),35.8808256597493
"124",164,1600.28419837084,"1000-2000m",list(c(92.4133063616218, 92.4130714039639, 92.4635001455001, 92.4637149234233, 92.4133063616218, 27.0346069511743, 27.0797471821782, 27.0799487040438, 27.034808083212, 27.0346069511743)),37.5834499170693
"125",165,1434.04833343795,"1000-2000m",list(c(92.4637149234233, 92.4635001455001, 92.5139293906944, 92.5141239880162, 92.4637149234233, 27.034808083212, 27.0799487040438, 27.0801321405427, 27.0349911648666, 27.034808083212)),35.3148153864471
"126",166,971.031865422427,"0-1000m",list(c(92.5141239880162, 92.5139293906944, 92.5643590922253, 92.5645335081606, 92.5141239880162, 27.0349911648666, 27.0801321405427, 27.0802974910242, 27.0351561954889, 27.0349911648666)),30.2476317465372
"127",167,576.749508442308,"0-1000m",list(c(92.5645335081606, 92.5643590922253, 92.614789202769, 92.6149434366138, 92.5645335081606, 27.0351561954889, 27.0802974910242, 27.0804447549016, 27.0353031744936, 27.0351561954889)),28.0106540367825
"128",168,523.129789590255,"0-1000m",list(c(92.6149434366138, 92.614789202769, 92.6652196749991, 92.665353726131, 92.6149434366138, 27.0353031744936, 27.0804447549016, 27.0805739316526, 27.0354321013596, 27.0353031744936)),25.1306132448967
"129",169,302.939675682444,"0-1000m",list(c(92.665353726131, 92.6652196749991, 92.7156504615872, 92.7157643294654, 92.665353726131, 27.0354321013596, 27.0805739316526, 27.0806850208187, 27.0355429756297, 27.0354321013596)),27.4353354019815
"130",170,282.335975781031,"0-1000m",list(c(92.7157643294654, 92.7156504615872, 92.7660815152033, 92.7661751993683, 92.7157643294654, 27.0355429756297, 27.0806850208187, 27.0807780220058, 27.0356357969107, 27.0355429756297)),29.1296378233393
"131",171,232.020369091708,"0-1000m",list(c(92.7661751993683, 92.7660815152033, 92.8165127885159, 92.8165862885894, 92.7661751993683, 27.0356357969107, 27.0807780220058, 27.0808529348839, 27.0357105648735, 27.0356357969107)),25.3433716540628
"132",172,411.667956680503,"0-1000m",list(c(92.8165862885894, 92.8165127885159, 92.8669442341919, 92.8669975498776, 92.8165862885894, 27.0357105648735, 27.0808529348839, 27.0809097591874, 27.0357672792529, 27.0357105648735)),29.7893037816331
"133",173,675.240566773821,"0-1000m",list(c(92.8669975498776, 92.8669442341919, 92.9173758048978, 92.9174089359803, 92.8669975498776, 27.0357672792529, 27.0809097591874, 27.0809484947144, 27.0358059398478, 27.0357672792529)),30.0033229850123
"134",174,744.188186554516,"0-1000m",list(c(92.9174089359803, 92.9173758048978, 92.967807453299, 92.9678203996446, 92.9174089359803, 27.0358059398478, 27.0809484947144, 27.0809691413277, 27.0358265465211, 27.0358059398478)),29.1851075100602
"135",175,702.824849411691,"0-1000m",list(c(92.9678203996446, 92.967807453299, 93.0182391320604, 93.018231893617, 92.9678203996446, 27.0358265465211, 27.0809691413277, 27.0809716989539, 27.0358290991997, 27.0358265465211)),30.9487853786221
"136",176,752.09441028682,"0-1000m",list(c(93.018231893617, 93.0182391320604, 93.0686707938471, 93.0686433706438, 93.018231893617, 27.0358290991997, 27.0809716989539, 27.080956167584, 27.0358135978745, 27.0358290991997)),26.9720979485444
"137",177,1042.04202498274,"1000-2000m",list(c(93.0686433706438, 93.0686707938471, 93.1191023913239, 93.1190547834715, 93.0686433706438, 27.0358135978745, 27.080956167584, 27.080922547273, 27.0357800426006, 27.0358135978745)),30.3114032749361
"138",178,862.355201148528,"0-1000m",list(c(93.1190547834715, 93.1191023913239, 93.1695338771564, 93.1694660848468, 93.1190547834715, 27.0357800426006, 27.080922547273, 27.0808708381404, 27.0357284334969, 27.0357800426006)),32.9871467076427
"139",179,1071.58066227646,"1000-2000m",list(c(93.1694660848468, 93.1695338771564, 93.2199652040103, 93.2198772275172, 93.1694660848468, 27.0357284334969, 27.0808708381404, 27.0808010403694, 27.0356587707465, 27.0357284334969)),33.0726383173863
"140",180,722.883026803088,"0-1000m",list(c(93.2198772275172, 93.2199652040103, 93.2703963245526, 93.2702881642311, 93.2198772275172, 27.0356587707465, 27.0808010403694, 27.0807131542079, 27.0355710545963, 27.0356587707465)),29.1367587918984
"141",181,838.348740676009,"0-1000m",list(c(93.2702881642311, 93.2703963245526, 93.3208271914513, 93.3206988477378, 93.2702881642311, 27.0355710545963, 27.0807131542079, 27.0806071799675, 27.0354652853576, 27.0355710545963)),30.3252777978947
"142",182,571.639005712134,"0-1000m",list(c(93.3206988477378, 93.3208271914513, 93.3712577573758, 93.3711092307883, 93.3206988477378, 27.0354652853576, 27.0806071799675, 27.0804831180244, 27.0353414634052, 27.0354652853576)),25.1915969566664
"143",183,586.836209856122,"0-1000m",list(c(93.3711092307883, 93.3712577573758, 93.4216879749974, 93.4215192661352, 93.3711092307883, 27.0353414634052, 27.0804831180244, 27.0803409688186, 27.0351995891783, 27.0353414634052)),24.8230492506735
"144",184,521.998408289379,"0-1000m",list(c(93.4215192661352, 93.4216879749974, 93.4721177969891, 93.4719289065331, 93.4215192661352, 27.0351995891783, 27.0803409688186, 27.0801807328545, 27.03503966318, 27.0351995891783)),24.9434534035368
"145",185,337.610570585651,"0-1000m",list(c(93.4719289065331, 93.4721177969891, 93.5225471760263, 93.5223381047386, 93.4719289065331, 27.03503966318, 27.0801807328545, 27.0800024107006, 27.0348616859775, 27.03503966318)),21.6316122581888
"146",186,381.208233201211,"0-1000m",list(c(93.5223381047386, 93.5225471760263, 93.5729760647868, 93.5727468135111, 93.5223381047386, 27.0348616859775, 27.0800024107006, 27.0798060029895, 27.0346656582017, 27.0348616859775)),23.3699595106981
"147",187,277.253206828751,"0-1000m",list(c(93.5727468135111, 93.5729760647868, 93.6234044159511, 93.6231549856124, 93.5727468135111, 27.0346656582017, 27.0798060029895, 27.0795915104181, 27.0344515805478, 27.0346656582017)),23.3679405657929
"148",188,266.843136024104,"0-1000m",list(c(93.6231549856124, 93.6234044159511, 93.673832182203, 93.6735625738078, 93.6231549856124, 27.0344515805478, 27.0795915104181, 27.0793589337472, 27.0342194537749, 27.0344515805478)),22.2044807865895
"149",189,330.83805124684,"0-1000m",list(c(93.6735625738078, 93.673832182203, 93.7242593162292, 93.7239695308653, 93.6735625738078, 27.0342194537749, 27.0793589337472, 27.0791082738019, 27.0339692787059, 27.0342194537749)),24.6783420346813
"150",190,224.839734965694,"0-1000m",list(c(93.7239695308653, 93.7242593162292, 93.7746857707203, 93.7743758095569, 93.7239695308653, 27.0339692787059, 27.0791082738019, 27.0788395314715, 27.0337010562281, 27.0339692787059)),21.6966889484703
"151",194,288.811651990918,"0-1000m",list(c(95.2356507021702, 95.2365448877757, 95.2869289857888, 95.2860146972039, 95.2356507021702, 27.0180782664504, 27.0631864667469, 27.0623759839383, 27.0172693509907, 27.0180782664504)),25.0783376747258
"152",195,355.134421522424,"0-1000m",list(c(95.2860146972039, 95.2869289857888, 95.3373109408837, 95.3363765530004, 95.2860146972039, 27.0172693509907, 27.0623759839383, 27.061547478048, 27.0164424472805, 27.0172693509907)),27.1877931259949
"153",196,341.679492812755,"0-1000m",list(c(95.3363765530004, 95.3373109408837, 95.3876907060045, 95.3867362225846, 95.3363765530004, 27.0164424472805, 27.061547478048, 27.0607009520098, 27.0155975582462, 27.0164424472805)),26.5913100873025
"154",197,390.651977154271,"0-1000m",list(c(95.3867362225846, 95.3876907060045, 95.4380682341078, 95.4370936589934, 95.3867362225846, 27.0155975582462, 27.0607009520098, 27.0598364088209, 27.0147346868777, 27.0155975582462)),24.4186628607055
"155",198,486.454261727162,"0-1000m",list(c(95.4370936589934, 95.4380682341078, 95.4884434781629, 95.4874488152765, 95.4370936589934, 27.0147346868777, 27.0598364088209, 27.0589538515421, 27.0138538362284, 27.0147346868777)),20.5939322756566
"156",199,558.609126859582,"0-1000m",list(c(95.4874488152765, 95.4884434781629, 95.5388163911515, 95.5378016444962, 95.4874488152765, 27.0138538362284, 27.0589538515421, 27.0580532832977, 27.0129550094148, 27.0138538362284)),22.5206729328596
"157",200,707.633001466871,"0-1000m",list(c(95.5378016444962, 95.5388163911515, 95.5891869260687, 95.5881520997278, 95.5378016444962, 27.0129550094148, 27.0580532832977, 27.0571347072752, 27.0120382096169, 27.0129550094148)),23.8143516960817
"158",201,1230.24243937455,"1000-2000m",list(c(95.5881520997278, 95.5891869260687, 95.6395550359228, 95.6385001340599, 95.5881520997278, 27.0120382096169, 27.0571347072752, 27.0561981267259, 27.0111034400778, 27.0120382096169)),29.2394337987
"159",202,1245.9518234888,"1000-2000m",list(c(95.6385001340599, 95.6395550359228, 95.6899206737357, 95.6888457005948, 95.6385001340599, 27.0111034400778, 27.0561981267259, 27.0552435449643, 27.010150704104, 27.0111034400778)),30.6867242218867
"160",203,1030.2712774258,"1000-2000m",list(c(95.6888457005948, 95.6899206737357, 95.7402837925433, 95.7391887524485, 95.6888457005948, 27.010150704104, 27.0552435449643, 27.0542709653683, 27.0091800050651, 27.010150704104)),25.7449766551856
"161",204,1390.42726506663,"1000-2000m",list(c(95.7391887524485, 95.7402837925433, 95.7906443453953, 95.789529242751, 95.7391887524485, 27.0091800050651, 27.0542709653683, 27.0532803913792, 27.0081913463939, 27.0091800050651)),33.2022526530126
"162",205,1725.19811750417,"1000-2000m",list(c(95.789529242751, 95.7906443453953, 95.841002285356, 95.8398671246467, 95.789529242751, 27.0081913463939, 27.0532803913792, 27.0522718265013, 27.0071847315864, 27.0081913463939)),33.13525590966
"163",206,1391.71255948493,"1000-2000m",list(c(95.8398671246467, 95.841002285356, 95.8913575655044, 95.8902023512946, 95.8398671246467, 27.0071847315864, 27.0522718265013, 27.0512452743027, 27.0061601642016, 27.0071847315864)),32.994764974253
"164",209,1585.32402234637,"1000-2000m",list(c(92.0600882899743, 92.0597112231708, 92.1101553330529, 92.1105121811757, 92.0600882899743, 27.0778302069888, 27.1229664351228, 27.1232951660952, 27.0781583028113, 27.0778302069888)),28.0693361223787
"165",210,1602.35298523766,"1000-2000m",list(c(92.1105121811757, 92.1101553330529, 92.1606002791897, 92.1609369071908, 92.1105121811757, 27.0781583028113, 27.1232951660952, 27.1236057830571, 27.0784683196183, 27.0781583028113)),27.1746053263991
"166",211,2222.45732030836,"2000-2500m",list(c(92.1609369071908, 92.1606002791897, 92.2110460142037, 92.2113624207238, 92.1609369071908, 27.0784683196183, 27.1236057830571, 27.1238982849059, 27.0787602563103, 27.0784683196183)),34.390414528421
"167",212,2299.07620362815,"2000-2500m",list(c(92.2113624207238, 92.2110460142037, 92.2614924907127, 92.2617886744741, 92.2113624207238, 27.0787602563103, 27.1238982849059, 27.1241726706036, 27.0790341118517, 27.0787602563103)),32.059924310872
"168",213,2431.98698542492,"2000-2500m",list(c(92.2617886744741, 92.2614924907127, 92.3119396613306, 92.3122156211371, 92.2617886744741, 27.0790341118517, 27.1241726706036, 27.1244289391765, 27.079289885271, 27.0790341118517)),33.981426411709
"169",215,2255.497425174,"2000-2500m",list(c(92.3626432134044, 92.3623874786673, 92.4128358953289, 92.4130714039639, 92.3626432134044, 27.0795275756609, 27.1246670897148, 27.1248871213734, 27.0797471821782, 27.0795275756609)),34.257548017585
"170",216,2416.91473424675,"2000-2500m",list(c(92.4130714039639, 92.4128358953289, 92.4632848639184, 92.4635001455001, 92.4130714039639, 27.0797471821782, 27.1248871213734, 27.1250890333712, 27.0799487040438, 27.0797471821782)),31.0788068727057
"171",217,2106.58728265646,"2000-2500m",list(c(92.4635001455001, 92.4632848639184, 92.5137343370355, 92.5139293906944, 92.4635001455001, 27.0799487040438, 27.1250890333712, 27.1252728249915, 27.0801321405427, 27.0799487040438)),29.976814559093
"172",218,1297.13660622328,"1000-2000m",list(c(92.5139293906944, 92.5137343370355, 92.564184267277, 92.5643590922253, 92.5139293906944, 27.0801321405427, 27.1252728249915, 27.125438495582, 27.0802974910242, 27.0801321405427)),30.7573652343341
"173",219,560.337442651603,"0-1000m",list(c(92.5643590922253, 92.564184267277, 92.6146346072374, 92.614789202769, 92.5643590922253, 27.0802974910242, 27.125438495582, 27.1255860445547, 27.0804447549016, 27.0802974910242)),28.9479245923699
"174",220,857.557341033206,"0-1000m",list(c(92.614789202769, 92.6146346072374, 92.6650853095087, 92.6652196749991, 92.614789202769, 27.0804447549016, 27.1255860445547, 27.1257154713857, 27.0805739316526, 27.0804447549016)),30.1280897934666
"175",221,660.62423145345,"0-1000m",list(c(92.6652196749991, 92.6650853095087, 92.7155363266807, 92.7156504615872, 92.6652196749991, 27.0805739316526, 27.1257154713857, 27.1258267756156, 27.0806850208187, 27.0805739316526)),28.6996105469469
"176",222,458.21166630255,"0-1000m",list(c(92.7156504615872, 92.7155363266807, 92.7659876113418, 92.7660815152033, 92.7156504615872, 27.0806850208187, 27.1258267756156, 27.1259199568492, 27.0807780220058, 27.0806850208187)),29.8351237168239
"177",223,357.48019584458,"0-1000m",list(c(92.7660815152033, 92.7659876113418, 92.8164391160785, 92.8165127885159, 92.7660815152033, 27.0807780220058, 27.1259199568492, 27.1259950147559, 27.0808529348839, 27.0807780220058)),28.0534042579194
"178",224,638.649355513249,"0-1000m",list(c(92.8165127885159, 92.8164391160785, 92.8668907934764, 92.8669442341919, 92.8165127885159, 27.0808529348839, 27.1259950147559, 27.1260519490692, 27.0809097591874, 27.0808529348839)),30.5712029150423
"179",225,929.803689023439,"0-1000m",list(c(92.8669442341919, 92.8668907934764, 92.91734259612, 92.9173758048978, 92.8669442341919, 27.0809097591874, 27.1260519490692, 27.126090759587, 27.0809484947144, 27.0809097591874)),29.5236721545448
"180",226,742.259086058628,"0-1000m",list(c(92.9173758048978, 92.91734259612, 92.9677944765929, 92.967807453299, 92.9173758048978, 27.0809484947144, 27.126090759587, 27.1261114461714, 27.0809691413277, 27.0809484947144)),28.5909229315578
"181",227,789.347492275522,"0-1000m",list(c(92.967807453299, 92.9677944765929, 93.0182463874786, 93.0182391320604, 92.967807453299, 27.0809691413277, 27.1261114461714, 27.1261140087491, 27.0809716989539, 27.0809691413277)),30.1019492265469
"182",228,839.899971910989,"0-1000m",list(c(93.0182391320604, 93.0182463874786, 93.0686982813602, 93.0686707938471, 93.0182391320604, 27.0809716989539, 27.1261140087491, 27.126098447311, 27.080956167584, 27.0809716989539)),33.068022742479
"183",229,1257.11942125416,"1000-2000m",list(c(93.0686707938471, 93.0686982813602, 93.119150110821, 93.1191023913239, 93.0686707938471, 27.080956167584, 27.126098447311, 27.1260647619122, 27.080922547273, 27.080956167584)),33.1305056196185
"184",230,1315.49823663431,"1000-2000m",list(c(93.1191023913239, 93.119150110821, 93.1696018284446, 93.1695338771564, 93.1191023913239, 27.080922547273, 27.1260647619122, 27.1260129526724, 27.0808708381404, 27.080922547273)),32.7243424091933
"185",231,1459.87937330296,"1000-2000m",list(c(93.1695338771564, 93.1696018284446, 93.2200533868151, 93.2199652040103, 93.1695338771564, 27.0808708381404, 27.1260129526724, 27.1259430197756, 27.0808010403694, 27.0808708381404)),31.5933367503844
"186",232,1107.34715334882,"1000-2000m",list(c(93.2199652040103, 93.2200533868151, 93.2705047385179, 93.2703963245526, 93.2199652040103, 27.0808010403694, 27.1259430197756, 27.1258549634698, 27.0807131542079, 27.0808010403694)),28.7179411057331
"187",233,982.403233357261,"0-1000m",list(c(93.2703963245526, 93.2705047385179, 93.3209558361392, 93.3208271914513, 93.2703963245526, 27.0807131542079, 27.1258549634698, 27.1257487840679, 27.0806071799675, 27.0807131542079)),28.4670783788586
"188",234,813.519239219132,"0-1000m",list(c(93.3208271914513, 93.3209558361392, 93.3714066322667, 93.3712577573758, 93.3208271914513, 27.0806071799675, 27.1257487840679, 27.1256244819465, 27.0804831180244, 27.0806071799675)),27.1679222425343
"189",235,1076.69729409194,"1000-2000m",list(c(93.3712577573758, 93.3714066322667, 93.4218570794899, 93.4216879749974, 93.3712577573758, 27.0804831180244, 27.1256244819465, 27.1254820575471, 27.0803409688186, 27.0804831180244)),29.102249143645
"190",236,931.785868106489,"0-1000m",list(c(93.4216879749974, 93.4218570794899, 93.4723071304002, 93.4721177969891, 93.4216879749974, 27.0803409688186, 27.1254820575471, 27.1253215113752, 27.0801807328545, 27.0803409688186)),29.7443510084278
"191",237,688.662544724123,"0-1000m",list(c(93.4721177969891, 93.4723071304002, 93.5227567375912, 93.5225471760263, 93.4721177969891, 27.0801807328545, 27.1253215113752, 27.1251428440006, 27.0800024107006, 27.0801807328545)),28.5883157561469
"192",238,862.06941106707,"0-1000m",list(c(93.5225471760263, 93.5227567375912, 93.5732058536591, 93.5729760647868, 93.5225471760263, 27.0800024107006, 27.1251428440006, 27.1249460560575, 27.0798060029895, 27.0800024107006)),28.536791696887
"193",239,451.638619269062,"0-1000m",list(c(93.5729760647868, 93.5732058536591, 93.6236544312029, 93.6234044159511, 93.5729760647868, 27.0798060029895, 27.1249460560575, 27.1247311482445, 27.0795915104181, 27.0798060029895)),20.0269224503095
"194",240,316.207865168539,"0-1000m",list(c(93.6234044159511, 93.6236544312029, 93.6741024228244, 93.673832182203, 93.6234044159511, 27.0795915104181, 27.1247311482445, 27.1244981213244, 27.0793589337472, 27.0795915104181)),17.0785944695114
"195",241,196.679317124934,"0-1000m",list(c(93.673832182203, 93.6741024228244, 93.7245497811289, 93.7242593162292, 93.673832182203, 27.0793589337472, 27.1244981213244, 27.1242469761242, 27.0791082738019, 27.0793589337472)),18.7269755211781
"196",242,245.21900065541,"0-1000m",list(c(93.7242593162292, 93.7245497811289, 93.7749964587253, 93.7746857707203, 93.7242593162292, 27.0791082738019, 27.1242469761242, 27.1239777135354, 27.0788395314715, 27.0791082738019)),24.6097402476838
"197",243,190.25107282595,"0-1000m",list(c(93.7746857707203, 93.7749964587253, 93.8254424082261, 93.8251114983706, 93.7746857707203, 27.0788395314715, 27.1239777135354, 27.1236903345136, 27.0785527077092, 27.0788395314715)),19.7107363886254
"198",247,263.120562298656,"0-1000m",list(c(95.3373109408837, 95.338247518743, 95.3886474264439, 95.3876907060045, 95.3373109408837, 27.061547478048, 27.1066521895552, 27.1058040252381, 27.0607009520098, 27.061547478048)),25.2545947583792
"199",248,338.045847507881,"0-1000m",list(c(95.3876907060045, 95.3886474264439, 95.4390450932727, 95.4380682341078, 95.3876907060045, 27.0607009520098, 27.1058040252381, 27.1049378089267, 27.0598364088209, 27.0607009520098)),28.3554186319314
"200",249,380.041166006055,"0-1000m",list(c(95.4380682341078, 95.4390450932727, 95.4894404721178, 95.4884434781629, 95.4380682341078, 27.0598364088209, 27.1049378089267, 27.1040535436894, 27.0589538515421, 27.0598364088209)),28.0425879750162
"201",250,468.392850417425,"0-1000m",list(c(95.4884434781629, 95.4894404721178, 95.5398335158805, 95.5388163911515, 95.4884434781629, 27.0589538515421, 27.1040535436894, 27.1031512326581, 27.0580532832977, 27.0589538515421)),24.8151209406358
"202",251,809.678193564495,"0-1000m",list(c(95.5388163911515, 95.5398335158805, 95.590224177475, 95.5891869260687, 95.5388163911515, 27.0580532832977, 27.1031512326581, 27.1022308790282, 27.0571347072752, 27.0580532832977)),25.0140636973914
"203",252,895.60971879779,"0-1000m",list(c(95.5891869260687, 95.590224177475, 95.6406124098292, 95.6395550359228, 95.5891869260687, 27.0571347072752, 27.1022308790282, 27.101292486059, 27.0561981267259, 27.0571347072752)),24.1255498047538
"204",253,1005.40913941372,"1000-2000m",list(c(95.6395550359228, 95.6406124098292, 95.6909981658844, 95.6899206737357, 95.6395550359228, 27.0561981267259, 27.101292486059, 27.1003360570729, 27.0552435449643, 27.0561981267259)),29.2836559475015
"205",254,799.897599950064,"0-1000m",list(c(95.6899206737357, 95.6909981658844, 95.7413813985959, 95.7402837925433, 95.6899206737357, 27.0552435449643, 27.1003360570729, 27.0993615954563, 27.0542709653683, 27.0552435449643)),25.3617254810838
"206",255,1108.6833432165,"1000-2000m",list(c(95.7402837925433, 95.7413813985959, 95.7917620609332, 95.7906443453953, 95.7402837925433, 27.0542709653683, 27.0993615954563, 27.0983691046588, 27.0532803913792, 27.0542709653683)),29.4989042293385
"207",256,1571.07074257736,"1000-2000m",list(c(95.7906443453953, 95.7917620609332, 95.8421401058802, 95.841002285356, 95.7906443453953, 27.0532803913792, 27.0983691046588, 27.0973585881934, 27.0522718265013, 27.0532803913792)),35.3345503911529
"208",257,1077.12755531975,"1000-2000m",list(c(95.841002285356, 95.8421401058802, 95.8925154864353, 95.8913575655044, 95.841002285356, 27.0522718265013, 27.0973585881934, 27.0963300496368, 27.0512452743027, 27.0522718265013)),28.802832270646
"209",258,1175.94394575396,"1000-2000m",list(c(95.8913575655044, 95.8925154864353, 95.9428881556121, 95.9417101389342, 95.8913575655044, 27.0512452743027, 27.0963300496368, 27.0952834926289, 27.0502007384143, 27.0512452743027)),30.0065263576199
"210",260,2090.50568978956,"2000-2500m",list(c(92.0092679969162, 92.0088697819582, 92.0593332727389, 92.0597112231708, 92.0092679969162, 27.1226195913063, 27.1677548537299, 27.1681023682128, 27.1229664351228, 27.1226195913063)),30.1821054023922
"211",261,1910.26543365737,"1000-2000m",list(c(92.0597112231708, 92.0593332727389, 92.1097976486747, 92.1101553330529, 92.0597112231708, 27.1229664351228, 27.1681023682128, 27.1684317348321, 27.1232951660952, 27.1229664351228)),31.109823339961
"212",262,2077.4978344109,"2000-2500m",list(c(92.1101553330529, 92.1097976486747, 92.1602628623108, 92.1606002791897, 92.1101553330529, 27.1232951660952, 27.1684317348321, 27.1687429524181, 27.1236057830571, 27.1232951660952)),34.6633296912986
"213",263,2442.40796616589,"2000-2500m",list(c(92.2110460142037, 92.2107288661878, 92.2611956128418, 92.2614924907127, 92.2110460142037, 27.1238982849059, 27.1690360198658, 27.1693109361347, 27.1241726706036, 27.1238982849059)),33.4464549613798
"214",264,2335.04318624066,"2000-2500m",list(c(92.2614924907127, 92.2611956128418, 92.3116630548048, 92.3119396613306, 92.2614924907127, 27.1241726706036, 27.1693109361347, 27.1695677002484, 27.1244289391765, 27.1241726706036)),30.9035521561337
"215",265,2323.27396271421,"2000-2500m",list(c(92.3623874786673, 92.3621311446045, 92.4125998347655, 92.4128358953289, 92.3623874786673, 27.1246670897148, 27.1698063112951, 27.1700267684276, 27.1248871213734, 27.1246670897148)),30.3574160725475
"216",266,2339.47980053024,"2000-2500m",list(c(92.4632848639184, 92.4630690778086, 92.5135388262516, 92.5137343370355, 92.4632848639184, 27.1250890333712, 27.1702290708628, 27.1704132178825, 27.1252728249915, 27.1250890333712)),30.7206274403184
"217",267,2016.62814638127,"2000-2500m",list(c(92.5137343370355, 92.5135388262516, 92.5640090326095, 92.564184267277, 92.5137343370355, 27.1252728249915, 27.1704132178825, 27.1705792088325, 27.125438495582, 27.1252728249915)),31.5219358800702
"218",268,1028.76759148829,"1000-2000m",list(c(92.564184267277, 92.5640090326095, 92.6144796493947, 92.6146346072374, 92.564184267277, 27.125438495582, 27.1705792088325, 27.1707270431234, 27.1255860445547, 27.125438495582)),31.7089399397917
"219",269,646.701710642596,"0-1000m",list(c(92.6146346072374, 92.6144796493947, 92.6649506291172, 92.6650853095087, 92.6146346072374, 27.1255860445547, 27.1707270431234, 27.1708567202301, 27.1257154713857, 27.1255860445547)),29.7878685746201
"220",270,629.8202874898,"0-1000m",list(c(92.6650853095087, 92.6649506291172, 92.715421924285, 92.7155363266807, 92.6650853095087, 27.1257154713857, 27.1708567202301, 27.170968239692, 27.1258267756156, 27.1257154713857)),30.0524278908727
"221",271,805.568451446865,"0-1000m",list(c(92.7155363266807, 92.715421924285, 92.7658934874043, 92.7659876113418, 92.7155363266807, 27.1258267756156, 27.170968239692, 27.1710616011132, 27.1259199568492, 27.1258267756156)),31.6766637942463
"222",272,786.096641838152,"0-1000m",list(c(92.7659876113418, 92.7658934874043, 92.8163652709799, 92.8164391160785, 92.7659876113418, 27.1259199568492, 27.1710616011132, 27.1711368041619, 27.1259950147559, 27.1259199568492)),32.9045603132793
"223",273,1056.28510451321,"1000-2000m",list(c(92.8164391160785, 92.8163652709799, 92.8668372275152, 92.8668907934764, 92.8164391160785, 27.1259950147559, 27.1711368041619, 27.1711938485711, 27.1260519490692, 27.1259950147559)),30.1017875810161
"224",274,1117.81197037223,"1000-2000m",list(c(92.8668907934764, 92.8668372275152, 92.9173093095127, 92.91734259612, 92.8668907934764, 27.1260519490692, 27.1711938485711, 27.1712327341382, 27.126090759587, 27.1260519490692)),30.3987335185541
"225",275,925.306306021967,"0-1000m",list(c(92.91734259612, 92.9173093095127, 92.9677814694742, 92.9677944765929, 92.91734259612, 27.126090759587, 27.1712327341382, 27.1712534607251, 27.1261114461714, 27.126090759587)),30.366203718317
"226",276,1129.12839746406,"1000-2000m",list(c(92.9677944765929, 92.9677814694742, 93.018253659901, 93.0182463874786, 92.9677944765929, 27.1261114461714, 27.1712534607251, 27.1712560282582, 27.1261140087491, 27.1261114461714)),32.3812675509761
"227",277,1310.70890088507,"1000-2000m",list(c(93.0182463874786, 93.018253659901, 93.0687258332943, 93.0686982813602, 93.0182463874786, 27.1261140087491, 27.1712560282582, 27.1712404367283, 27.126098447311, 27.1261140087491)),33.7311135223111
"228",278,1268.93599293019,"1000-2000m",list(c(93.0686982813602, 93.0687258332943, 93.1191979421554, 93.119150110821, 93.0686982813602, 27.126098447311, 27.1712404367283, 27.1712066861908, 27.1260647619122, 27.126098447311)),33.6439099166577
"229",279,1346.59475236959,"1000-2000m",list(c(93.119150110821, 93.1191979421554, 93.1696699389859, 93.1696018284446, 93.119150110821, 27.1260647619122, 27.1712066861908, 27.1711547767656, 27.1260129526724, 27.1260647619122)),33.0871179537869
"230",280,1485.30606992656,"1000-2000m",list(c(93.1696018284446, 93.1696699389859, 93.220141776288, 93.2200533868151, 93.1696018284446, 27.1260129526724, 27.1711547767656, 27.171084708637, 27.1259430197756, 27.1260129526724)),29.7636626476793
"231",281,1468.42586163363,"1000-2000m",list(c(93.2200533868151, 93.220141776288, 93.270613406565, 93.2705047385179, 93.2200533868151, 27.1259430197756, 27.171084708637, 27.170996482054, 27.1258549634698, 27.1259430197756)),29.4786759705607
"232",282,1389.83864791915,"1000-2000m",list(c(93.2705047385179, 93.270613406565, 93.3210847823211, 93.3209558361392, 93.2705047385179, 27.1258549634698, 27.170996482054, 27.1708900973299, 27.1257487840679, 27.1258549634698)),30.7980487732386
"233",283,1585.18201615958,"1000-2000m",list(c(93.3209558361392, 93.3210847823211, 93.3715558560621, 93.3714066322667, 93.3209558361392, 27.1257487840679, 27.1708900973299, 27.1707655548425, 27.1256244819465, 27.1257487840679)),29.8035784592502
"234",284,1536.96174125918,"1000-2000m",list(c(93.3714066322667, 93.3715558560621, 93.4220265802956, 93.4218570794899, 93.3714066322667, 27.1256244819465, 27.1707655548425, 27.1706228550341, 27.1254820575471, 27.1256244819465)),29.7856912665163
"235",285,1354.4122465633,"1000-2000m",list(c(93.4218570794899, 93.4220265802956, 93.4724969075308, 93.4723071304002, 93.4218570794899, 27.1254820575471, 27.1706228550341, 27.1704619984116, 27.1253215113752, 27.1254820575471)),31.4918659300792
"236",286,1525.69318899129,"1000-2000m",list(c(93.4723071304002, 93.4724969075308, 93.5229667902796, 93.5227567375912, 93.4723071304002, 27.1253215113752, 27.1704619984116, 27.1702829855462, 27.1251428440006, 27.1253215113752)),30.5135403484863
"237",287,1174.21294959513,"1000-2000m",list(c(93.5227567375912, 93.5229667902796, 93.5734361810562, 93.5732058536591, 93.5227567375912, 27.1251428440006, 27.1702829855462, 27.1700858170737, 27.1249460560575, 27.1251428440006)),31.5840344461059
"238",288,895.407538760906,"0-1000m",list(c(93.5732058536591, 93.5734361810562, 93.6239050323774, 93.6236544312029, 93.5732058536591, 27.1249460560575, 27.1700858170737, 27.1698704936943, 27.1247311482445, 27.1249460560575)),29.8364158990519
"239",289,715.579093548794,"0-1000m",list(c(93.6236544312029, 93.6239050323774, 93.6743732967634, 93.6741024228244, 93.6236544312029, 27.1247311482445, 27.1698704936943, 27.1696370161727, 27.1244981213244, 27.1247311482445)),29.4707783098728
"240",290,330.928410018204,"0-1000m",list(c(93.6741024228244, 93.6743732967634, 93.7248409267374, 93.7245497811289, 93.6741024228244, 27.1244981213244, 27.1696370161727, 27.169385385338, 27.1242469761242, 27.1244981213244)),21.8756558369488
"241",291,172.762569832402,"0-1000m",list(c(93.7245497811289, 93.7248409267374, 93.7753078748264, 93.7749964587253, 93.7245497811289, 27.1242469761242, 27.169385385338, 27.1691156020837, 27.1239777135354, 27.1242469761242)),15.286738532044
"242",292,190.470537818727,"0-1000m",list(c(93.7749964587253, 93.7753078748264, 93.8257740935611, 93.8254424082261, 93.7749964587253, 27.1239777135354, 27.1691156020837, 27.168827667368, 27.1236903345136, 27.1239777135354)),20.5761513721777
"243",296,282.391727405248,"0-1000m",list(c(95.4390450932727, 95.4400242404235, 95.4904398011575, 95.4894404721178, 95.4390450932727, 27.1049378089267, 27.1500388867795, 27.1491529122511, 27.1040535436894, 27.1049378089267)),28.2553770418711
"244",297,481.502524933721,"0-1000m",list(c(95.4894404721178, 95.4904398011575, 95.5408530227798, 95.5398335158805, 95.4894404721178, 27.1040535436894, 27.1491529122511, 27.1482488570732, 27.1031512326581, 27.1040535436894)),27.1491895457975
"245",298,772.969462055113,"0-1000m",list(c(95.5398335158805, 95.5408530227798, 95.5912638581239, 95.590224177475, 95.5398335158805, 27.1031512326581, 27.1482488570732, 27.1473267244492, 27.1022308790282, 27.1031512326581)),27.0970420564459
"246",299,815.147824995292,"0-1000m",list(c(95.590224177475, 95.5912638581239, 95.6416722600369, 95.6406124098292, 95.590224177475, 27.1022308790282, 27.1473267244492, 27.1463865176463, 27.101292486059, 27.1022308790282)),26.7081820208727
"247",300,838.788631485923,"0-1000m",list(c(95.6406124098292, 95.6416722600369, 95.6920781813791, 95.6909981658844, 95.6406124098292, 27.101292486059, 27.1463865176463, 27.1454282399952, 27.1003360570729, 27.101292486059)),27.0828831590888
"248",301,558.845552696002,"0-1000m",list(c(95.6909981658844, 95.6920781813791, 95.7424815750253, 95.7413813985959, 95.6909981658844, 27.1003360570729, 27.1454282399952, 27.1444518948904, 27.0993615954563, 27.1003360570729)),20.6523638749045
"249",302,703.499121210219,"0-1000m",list(c(95.7413813985959, 95.7424815750253, 95.792882393864, 95.7917620609332, 95.7413813985959, 27.0993615954563, 27.1444518948904, 27.1434574857899, 27.0983691046588, 27.0993615954563)),24.7204809180384
"250",303,970.921285191264,"0-1000m",list(c(95.7917620609332, 95.792882393864, 95.8432805907986, 95.8421401058802, 95.7917620609332, 27.0983691046588, 27.1434574857899, 27.1424450162156, 27.0973585881934, 27.0983691046588)),28.6363191744308
"251",304,1335.54704663863,"1000-2000m",list(c(95.8421401058802, 95.8432805907986, 95.893676118747, 95.8925154864353, 95.8421401058802, 27.0973585881934, 27.1424450162156, 27.1414144897527, 27.0963300496368, 27.0973585881934)),32.2786737987929
"252",305,807.968911753566,"0-1000m",list(c(95.8925154864353, 95.893676118747, 95.9440689306421, 95.9428881556121, 95.8925154864353, 27.0963300496368, 27.1414144897527, 27.1403659100501, 27.0952834926289, 27.0963300496368)),26.6017497647016
"253",306,1167.22857584422,"1000-2000m",list(c(95.9428881556121, 95.9440689306421, 95.9944589794321, 95.9932580664393, 95.9428881556121, 27.0952834926289, 27.1403659100501, 27.1392992808201, 27.094218920873, 27.0952834926289)),32.6084533907401
"254",310,2458.94213364144,"2000-2500m",list(c(92.0593332727389, 92.0589544371511, 92.1094391265953, 92.1097976486747, 92.0593332727389, 27.1681023682128, 27.2132380059194, 27.2135680086835, 27.1684317348321, 27.1681023682128)),28.1873070292488
"255",311,2332.95147824995,"2000-2500m",list(c(92.2107288661878, 92.2104109753943, 92.2608980396614, 92.2611956128418, 92.2107288661878, 27.1690360198658, 27.2141734608545, 27.2144489081103, 27.1693109361347, 27.1690360198658)),32.7395137787287
"256",312,2248.76832807965,"2000-2500m",list(c(92.2611956128418, 92.2608980396614, 92.3113858004414, 92.3116630548048, 92.2611956128418, 27.1693109361347, 27.2144489081103, 27.2147061681533, 27.1695677002484, 27.1693109361347)),29.0008351918931
"257",313,2151.79932207645,"2000-2500m",list(c(92.3116630548048, 92.3113858004414, 92.3618742101801, 92.3621311446045, 92.3116630548048, 27.1695677002484, 27.2147061681533, 27.2149452400694, 27.1698063112951, 27.1695677002484)),26.7353206865402
"258",314,1827.03189663244,"1000-2000m",list(c(92.3621311446045, 92.3618742101801, 92.4123632213195, 92.4125998347655, 92.3621311446045, 27.1698063112951, 27.2149452400694, 27.2151661230093, 27.1700267684276, 27.1698063112951)),22.5702562223657
"259",315,2008.11266814394,"2000-2500m",list(c(92.4125998347655, 92.4123632213195, 92.4628527862984, 92.4630690778086, 92.4125998347655, 27.1700267684276, 27.2151661230093, 27.2153688161882, 27.1702290708628, 27.1700267684276)),30.0664758289196
"260",316,1640.62770698638,"1000-2000m",list(c(92.4630690778086, 92.4628527862984, 92.5133428575525, 92.5135388262516, 92.4630690778086, 27.1702290708628, 27.2153688161882, 27.2155533188857, 27.1704132178825, 27.1702290708628)),24.4430845122859
"261",317,1622.30988421085,"1000-2000m",list(c(92.5135388262516, 92.5133428575525, 92.5638333875144, 92.5640090326095, 92.5135388262516, 27.1704132178825, 27.2155533188857, 27.2157196304463, 27.1705792088325, 27.1704132178825)),30.9715457598787
"262",318,1368.02565463001,"1000-2000m",list(c(92.5640090326095, 92.5638333875144, 92.6143243286143, 92.6144796493947, 92.5640090326095, 27.1705792088325, 27.2157196304463, 27.2158677502791, 27.1707270431234, 27.1705792088325)),30.8169760450246
"263",319,1400.553009855,"1000-2000m",list(c(92.6144796493947, 92.6143243286143, 92.6648156332801, 92.6649506291172, 92.6144796493947, 27.1707270431234, 27.2158677502791, 27.2159976778577, 27.1708567202301, 27.1707270431234)),33.8375417562806
"264",320,977.303704628445,"0-1000m",list(c(92.6649506291172, 92.6648156332801, 92.7153072539374, 92.715421924285, 92.6649506291172, 27.1708567202301, 27.2159976778577, 27.2161094127205, 27.170968239692, 27.1708567202301)),28.0836815191774
"265",321,640.204893729909,"0-1000m",list(c(92.715421924285, 92.7153072539374, 92.7657991430104, 92.7658934874043, 92.715421924285, 27.170968239692, 27.2161094127205, 27.2162029544704, 27.1710616011132, 27.170968239692)),31.8108403123533
"266",322,794.385192392191,"0-1000m",list(c(92.7658934874043, 92.7657991430104, 92.8162912529213, 92.8163652709799, 92.7658934874043, 27.1710616011132, 27.2162029544704, 27.2162783027749, 27.1711368041619, 27.1710616011132)),32.6956106040852
"267",323,908.137324053556,"0-1000m",list(c(92.8163652709799, 92.8162912529213, 92.8667835360916, 92.8668372275152, 92.8163652709799, 27.1711368041619, 27.2162783027749, 27.2163354573664, 27.1711938485711, 27.1711368041619)),32.5320354680046
"268",324,712.894354108798,"0-1000m",list(c(92.8668372275152, 92.8667835360916, 92.9172759449413, 92.9173093095127, 92.8668372275152, 27.1711938485711, 27.2163354573664, 27.2163744180418, 27.1712327341382, 27.1711938485711)),32.0999597234136
"269",325,1086.24351892537,"1000-2000m",list(c(92.9173093095127, 92.9172759449413, 92.96776843189, 92.9677814694742, 92.9173093095127, 27.1712327341382, 27.2163744180418, 27.2163951846625, 27.1712534607251, 27.1712327341382)),33.1197271750739
"270",326,1399.58387690771,"1000-2000m",list(c(92.9677814694742, 92.96776843189, 93.0182609493568, 93.018253659901, 92.9677814694742, 27.1712534607251, 27.2163951846625, 27.2163977571548, 27.1712560282582, 27.1712534607251)),32.8361265594469
"271",327,1360.21088605225,"1000-2000m",list(c(93.018253659901, 93.0182609493568, 93.0687534497606, 93.0687258332943, 93.018253659901, 27.1712560282582, 27.2163977571548, 27.2163821355095, 27.1712404367283, 27.1712560282582)),33.5585861643991
"272",328,1542.98003891783,"1000-2000m",list(c(93.0687258332943, 93.0687534497606, 93.1192458855205, 93.1191979421554, 93.0687258332943, 27.1712404367283, 27.2163821355095, 27.2163483197822, 27.1712066861908, 27.1712404367283)),32.6658401818267
"273",329,1457.07524733935,"1000-2000m",list(c(93.1191979421554, 93.1192458855205, 93.1697382090557, 93.1696699389859, 93.1191979421554, 27.1712066861908, 27.2163483197822, 27.216296310093, 27.1711547767656, 27.1712066861908)),30.1986464830826
"274",330,1735.900003121,"1000-2000m",list(c(93.1696699389859, 93.1697382090557, 93.2202303727863, 93.220141776288, 93.1696699389859, 27.1711547767656, 27.216296310093, 27.2162261066268, 27.171084708637, 27.1711547767656)),32.3138378660984
"275",331,1673.85575293453,"1000-2000m",list(c(93.220141776288, 93.2202303727863, 93.2707223291331, 93.270613406565, 93.220141776288, 27.171084708637, 27.2162261066268, 27.216137709633, 27.170996482054, 27.171084708637)),28.647565823513
"276",332,1549.23379420118,"1000-2000m",list(c(93.270613406565, 93.2707223291331, 93.3212140305184, 93.3210847823211, 93.270613406565, 27.170996482054, 27.216137709633, 27.2160311194257, 27.1708900973299, 27.170996482054)),28.8366791361479
"277",333,1463.78375494319,"1000-2000m",list(c(93.3210847823211, 93.3212140305184, 93.3717054293655, 93.3715558560621, 93.3210847823211, 27.1708900973299, 27.2160311194257, 27.2159063363837, 27.1707655548425, 27.1708900973299)),31.5216162999743
"278",334,1465.58440747792,"1000-2000m",list(c(93.3715558560621, 93.3717054293655, 93.4221964780998, 93.4220265802956, 93.3715558560621, 27.1707655548425, 27.2159063363837, 27.2157633609505, 27.1706228550341, 27.1707655548425)),30.3241327629812
"279",335,1661.62407540339,"1000-2000m",list(c(93.4220265802956, 93.4221964780998, 93.4726871291484, 93.4724969075308, 93.4220265802956, 27.1706228550341, 27.2157633609505, 27.215602193634, 27.1704619984116, 27.1706228550341)),33.6259989742458
"280",336,1452.46877157743,"1000-2000m",list(c(93.4724969075308, 93.4726871291484, 93.5231773349408, 93.5229667902796, 93.4724969075308, 27.1704619984116, 27.215602193634, 27.2154228350069, 27.1702829855462, 27.1704619984116)),31.674417631379
"281",337,1530.21531787397,"1000-2000m",list(c(93.5229667902796, 93.5231773349408, 93.573667047909, 93.5734361810562, 93.5229667902796, 27.1702829855462, 27.2154228350069, 27.2152252857067, 27.1700858170737, 27.1702829855462)),34.0251148987189
"282",338,1032.43372553915,"1000-2000m",list(c(93.5734361810562, 93.573667047909, 93.6241562204877, 93.6239050323774, 93.5734361810562, 27.1700858170737, 27.2152252857067, 27.2150095464351, 27.1698704936943, 27.1700858170737)),28.9618182953135
"283",339,815.212102190697,"0-1000m",list(c(93.6239050323774, 93.6241562204877, 93.6746448051149, 93.6743732967634, 93.6239050323774, 27.1698704936943, 27.2150095464351, 27.2147756179588, 27.1696370161727, 27.1698704936943)),28.4521381245615
"284",340,834.05848756281,"0-1000m",list(c(93.6743732967634, 93.6746448051149, 93.7251327542316, 93.7248409267374, 93.6743732967634, 27.1696370161727, 27.2147756179588, 27.2145235011089, 27.169385385338, 27.1696370161727)),29.6486590885727
"285",341,485.83705252645,"0-1000m",list(c(93.7248409267374, 93.7251327542316, 93.7756200202825, 93.7753078748264, 93.7248409267374, 27.169385385338, 27.2145235011089, 27.2142531967812, 27.1691156020837, 27.169385385338)),26.5926983736588
"286",342,255.439112422321,"0-1000m",list(c(93.7753078748264, 93.7756200202825, 93.8261065557163, 93.8257740935611, 93.7753078748264, 27.1691156020837, 27.2142531967812, 27.213964705936, 27.168827667368, 27.1691156020837)),22.5679224800464
"287",343,239.580649955415,"0-1000m",list(c(93.8257740935611, 93.8261065557163, 93.8765923129857, 93.8762395354765, 93.8257740935611, 27.168827667368, 27.213964705936, 27.2136580295983, 27.1685215822132, 27.168827667368)),23.8124460784762
"288",346,403.331774527651,"0-1000m",list(c(95.4904398011575, 95.4914414693109, 95.5418749159595, 95.5408530227798, 95.4904398011575, 27.1491529122511, 27.1942519568083, 27.1933461561205, 27.1482488570732, 27.1491529122511)),32.2968246312396
"289",347,601.617177990699,"0-1000m",list(c(95.5408530227798, 95.5418749159595, 95.5923059722064, 95.5912638581239, 95.5408530227798, 27.1482488570732, 27.1933461561205, 27.1924222431119, 27.1473267244492, 27.1482488570732)),30.9724688297574
"290",348,579.14241128554,"0-1000m",list(c(95.5912638581239, 95.5923059722064, 95.6427345908175, 95.6416722600369, 95.5912638581239, 27.1473267244492, 27.1924222431119, 27.1914802210578, 27.1463865176463, 27.1473267244492)),28.2671573940362
"291",349,693.342979097357,"0-1000m",list(c(95.6416722600369, 95.6427345908175, 95.6931607245723, 95.6920781813791, 95.6416722600369, 27.1463865176463, 27.1914802210578, 27.1905200932969, 27.1454282399952, 27.1463865176463)),28.1758571166656
"292",350,938.909116444555,"0-1000m",list(c(95.6920781813791, 95.6931607245723, 95.7435843262644, 95.7424815750253, 95.6920781813791, 27.1454282399952, 27.1905200932969, 27.1895418632322, 27.1444518948904, 27.1454282399952)),30.9657375518513
"293",351,550.835242345745,"0-1000m",list(c(95.7424815750253, 95.7435843262644, 95.7940053487014, 95.792882393864, 95.7424815750253, 27.1444518948904, 27.1895418632322, 27.1885455343302, 27.1434574857899, 27.1444518948904)),22.9963474510164
"294",352,596.919088569456,"0-1000m",list(c(95.792882393864, 95.7940053487014, 95.8444237447058, 95.8432805907986, 95.792882393864, 27.1434574857899, 27.1885455343302, 27.1875311101212, 27.1424450162156, 27.1434574857899)),23.5340967752774
"295",353,860.961143534846,"0-1000m",list(c(95.8432805907986, 95.8444237447058, 95.8948394671146, 95.893676118747, 95.8432805907986, 27.1424450162156, 27.1875311101212, 27.1864985941994, 27.1414144897527, 27.1424450162156)),29.0895832824297
"296",354,674.067509886385,"0-1000m",list(c(95.893676118747, 95.8948394671146, 95.9452524687798, 95.9440689306421, 95.893676118747, 27.1414144897527, 27.1864985941994, 27.1854479902225, 27.1403659100501, 27.1414144897527)),27.007178772827
"297",355,1079.34031397272,"1000-2000m",list(c(95.9440689306421, 95.9452524687798, 95.995662702569, 95.9944589794321, 95.9440689306421, 27.1403659100501, 27.1854479902225, 27.1843793019119, 27.1392992808201, 27.1403659100501)),32.9404719336689
"298",359,1948.72467498185,"1000-2000m",list(c(97.0519285740044, 97.0535549375779, 97.1038923878474, 97.1022459645561, 97.0519285740044, 27.1127378737461, 27.1577666316276, 27.1563011579035, 27.1112752222298, 27.1127378737461)),40.2182413215651
"299",360,2340.28231926508,"2000-2500m",list(c(97.1022459645561, 97.1038923878474, 97.1542259910176, 97.1525595146211, 97.1022459645561, 27.1112752222298, 27.1563011579035, 27.1548177029252, 27.109794624014, 27.1112752222298)),40.3043616721581
"300",361,2330.57532483837,"2000-2500m",list(c(92.2104109753943, 92.2100923405369, 92.2605997699675, 92.2608980396614, 92.2104109753943, 27.2141734608545, 27.2593106075369, 27.2595865861967, 27.2144489081103, 27.2141734608545)),30.0484228368904
"301",362,2412.86080334571,"2000-2500m",list(c(92.2608980396614, 92.2605997699675, 92.3111078971189, 92.3113858004414, 92.2608980396614, 27.2144489081103, 27.2595865861967, 27.2598443425585, 27.2147061681533, 27.2144489081103)),33.1998299293529
"302",363,2170.22418555019,"2000-2500m",list(c(92.3113858004414, 92.3111078971189, 92.3616166743543, 92.3618742101801, 92.3113858004414, 27.2147061681533, 27.2598443425585, 27.260083875706, 27.2149452400694, 27.2147061681533)),29.625089563851
"303",364,2221.15227364939,"2000-2500m",list(c(92.3618742101801, 92.3616166743543, 92.4121260540334, 92.4123632213195, 92.3618742101801, 27.2149452400694, 27.260083875706, 27.2603051847878, 27.2151661230093, 27.2149452400694)),27.3009104398783
"304",365,2060.70259979401,"2000-2500m",list(c(92.4123632213195, 92.4121260540334, 92.4626359885127, 92.4628527862984, 92.4123632213195, 27.2151661230093, 27.2603051847878, 27.2605082690171, 27.2153688161882, 27.2151661230093)),24.325376965623
"305",366,1865.27292699768,"1000-2000m",list(c(92.4628527862984, 92.4626359885127, 92.513146430145, 92.5133428575525, 92.4628527862984, 27.2153688161882, 27.2605082690171, 27.2606931276719, 27.2155533188857, 27.2153688161882)),26.5156903797662
"306",367,1984.63986766955,"1000-2000m",list(c(92.5133428575525, 92.513146430145, 92.5636573312809, 92.5638333875144, 92.5133428575525, 27.2155533188857, 27.2606931276719, 27.260859760095, 27.2157196304463, 27.2155533188857)),28.4379454163237
"307",368,1728.43431852938,"1000-2000m",list(c(92.5638333875144, 92.5636573312809, 92.6141686442678, 92.6143243286143, 92.5638333875144, 27.2157196304463, 27.260859760095, 27.261008165694, 27.2158677502791, 27.2157196304463)),33.984224111145
"308",369,1489.22393446739,"1000-2000m",list(c(92.6143243286143, 92.6141686442678, 92.6646803214511, 92.6648156332801, 92.6143243286143, 27.2158677502791, 27.261008165694, 27.2611383439414, 27.2159976778577, 27.2158677502791)),31.896932353922
"309",370,1180.26569083362,"1000-2000m",list(c(92.6648156332801, 92.6646803214511, 92.7151923151741, 92.7153072539374, 92.6648156332801, 27.2159976778577, 27.2611383439414, 27.2612502943742, 27.2161094127205, 27.2159976778577)),32.4059721620484
"310",371,1393.2612902219,"1000-2000m",list(c(92.7153072539374, 92.7151923151741, 92.7657045777782, 92.7657991430104, 92.7153072539374, 27.2161094127205, 27.2612502943742, 27.2613440165944, 27.2162029544704, 27.2161094127205)),32.7743436107902
"311",372,1324.4930638378,"1000-2000m",list(c(92.7657991430104, 92.7657045777782, 92.8162170616034, 92.8162912529213, 92.7657991430104, 27.2162029544704, 27.2613440165944, 27.2614195102689, 27.2162783027749, 27.2162029544704)),31.6449905519445
"312",373,1255.92425330046,"1000-2000m",list(c(92.8162912529213, 92.8162170616034, 92.8667297189884, 92.8667835360916, 92.8162912529213, 27.2162783027749, 27.2614195102689, 27.2614767751292, 27.2163354573664, 27.2162783027749)),34.997236298041
"313",374,725.694672450922,"0-1000m",list(c(92.8667835360916, 92.8667297189884, 92.9172425022708, 92.9172759449413, 92.8667835360916, 27.2163354573664, 27.2614767751292, 27.2615158109718, 27.2163744180418, 27.2163354573664)),29.6618443332155
"314",375,959.95945012868,"0-1000m",list(c(92.9172759449413, 92.9172425022708, 92.9677553637877, 92.96776843189, 92.9172759449413, 27.2163744180418, 27.2615158109718, 27.2615366176577, 27.2163951846625, 27.2163744180418)),29.4736120525927
"315",376,879.993570737493,"0-1000m",list(c(92.96776843189, 92.9677553637877, 93.0182682558757, 93.0182609493568, 92.96776843189, 27.2163951846625, 27.2615366176577, 27.2615391951132, 27.2163977571548, 27.2163951846625)),29.2636015816644
"316",377,838.608876127462,"0-1000m",list(c(93.0182609493568, 93.0182682558757, 93.0687811308711, 93.0687534497606, 93.0182609493568, 27.2163977571548, 27.2615391951132, 27.2615235433289, 27.2163821355095, 27.2163977571548)),21.5624170149235
"317",378,1203.87750298161,"1000-2000m",list(c(93.0687534497606, 93.0687811308711, 93.1192939411103, 93.1192458855205, 93.0687534497606, 27.2163821355095, 27.2615235433289, 27.2614896623606, 27.2163483197822, 27.2163821355095)),30.930191791179
"318",379,1412.78446365594,"1000-2000m",list(c(93.1192458855205, 93.1192939411103, 93.1698066389302, 93.1697382090557, 93.1192458855205, 27.2163483197822, 27.2614896623606, 27.2614375523286, 27.216296310093, 27.2163483197822)),29.9285909203672
"319",380,1690.73072001498,"1000-2000m",list(c(93.1697382090557, 93.1698066389302, 93.2203191766684, 93.2202303727863, 93.1697382090557, 27.216296310093, 27.2614375523286, 27.2613672134184, 27.2162261066268, 27.216296310093)),33.1853367006008
"320",381,1915.0738811123,"1000-2000m",list(c(93.2202303727863, 93.2203191766684, 93.2708315066632, 93.2707223291331, 93.2202303727863, 27.2162261066268, 27.2613672134184, 27.2612786458799, 27.216137709633, 27.2162261066268)),33.7397602246761
"321",382,1597.99160450673,"1000-2000m",list(c(93.2707223291331, 93.2708315066632, 93.321343581254, 93.3212140305184, 93.2707223291331, 27.216137709633, 27.2612786458799, 27.2611718500281, 27.2160311194257, 27.216137709633)),28.6275246309356
"322",383,1312.5736300295,"1000-2000m",list(c(93.3212140305184, 93.321343581254, 93.3718553527821, 93.3717054293655, 93.3212140305184, 27.2160311194257, 27.2611718500281, 27.2610468262426, 27.2159063363837, 27.2160311194257)),25.7215291430111
"323",384,1333.06120283387,"1000-2000m",list(c(93.3717054293655, 93.3718553527821, 93.42236677359, 93.4221964780998, 93.3717054293655, 27.2159063363837, 27.2610468262426, 27.2609035749679, 27.2157633609505, 27.2159063363837)),27.2855265891786
"324",385,1229.14262975563,"1000-2000m",list(c(93.4221964780998, 93.42236677359, 93.4728777960225, 93.4726871291484, 93.4221964780998, 27.2157633609505, 27.2609035749679, 27.2607420967134, 27.215602193634, 27.2157633609505)),28.1444787145741
"325",386,1112.08863222648,"1000-2000m",list(c(93.4726871291484, 93.4728777960225, 93.5233883724266, 93.5231773349408, 93.4726871291484, 27.215602193634, 27.2607420967134, 27.2605623920532, 27.2154228350069, 27.215602193634)),28.3180420194302
"326",387,975.907805624044,"0-1000m",list(c(93.5231773349408, 93.5233883724266, 93.5738984551518, 93.573667047909, 93.5231773349408, 27.2154228350069, 27.2605623920532, 27.260364461626, 27.2152252857067, 27.2154228350069)),26.0176388778267
"327",388,1111.48331824849,"1000-2000m",list(c(93.573667047909, 93.5738984551518, 93.6244079965503, 93.6241562204877, 93.573667047909, 27.2152252857067, 27.260364461626, 27.2601483061356, 27.2150095464351, 27.2152252857067)),30.2649500677605
"328",389,1009.54629339025,"1000-2000m",list(c(93.6241562204877, 93.6244079965503, 93.6749169489775, 93.6746448051149, 93.6241562204877, 27.2150095464351, 27.2601483061356, 27.2599139263504, 27.2147756179588, 27.2150095464351)),27.8446640086144
"329",390,698.532130707531,"0-1000m",list(c(93.6746448051149, 93.6749169489775, 93.7254252647921, 93.7251327542316, 93.6746448051149, 27.2147756179588, 27.2599139263504, 27.2596613231036, 27.2145235011089, 27.2147756179588)),26.3179206868131
"330",391,605.083986142755,"0-1000m",list(c(93.7251327542316, 93.7254252647921, 93.7759328963564, 93.7756200202825, 93.7251327542316, 27.2145235011089, 27.2596613231036, 27.2593904972931, 27.2142531967812, 27.2145235011089)),26.6635053713504
"331",392,412.444353775658,"0-1000m",list(c(93.7756200202825, 93.7759328963564, 93.8264397960366, 93.8261065557163, 93.7756200202825, 27.2142531967812, 27.2593904972931, 27.2591014498817, 27.213964705936, 27.2142531967812)),25.8941028644849
"332",393,290.897943260198,"0-1000m",list(c(93.8261065557163, 93.8264397960366, 93.8769459162029, 93.8765923129857, 93.8261065557163, 27.213964705936, 27.2591014498817, 27.2587941818967, 27.2136580295983, 27.213964705936)),27.808771058493
"333",396,238.043123469964,"0-1000m",list(c(95.4914414693109, 95.4924454806205, 95.542899199543, 95.5418749159595, 95.4914414693109, 27.1942519568083, 27.2393506769431, 27.238443129378, 27.1933461561205, 27.1942519568083)),31.0954486369711
"334",397,409.589528428307,"0-1000m",list(c(95.5418749159595, 95.542899199543, 95.593350523927, 95.5923059722064, 95.5418749159595, 27.1933461561205, 27.238443129378, 27.2375174345904, 27.1924222431119, 27.1933461561205)),34.5084761279888
"335",398,361.436357526882,"0-1000m",list(c(95.5923059722064, 95.593350523927, 95.6437994064568, 95.6427345908175, 95.5923059722064, 27.1924222431119, 27.2375174345904, 27.2365735958635, 27.1914802210578, 27.1924222431119)),27.9794086315256
"336",399,460.316803716025,"0-1000m",list(c(95.6427345908175, 95.6437994064568, 95.6942457998307, 95.6931607245723, 95.6427345908175, 27.1914802210578, 27.2365735958635, 27.2356116165444, 27.1905200932969, 27.1914802210578)),29.3312460290308
"337",400,466.222090446615,"0-1000m",list(c(95.6931607245723, 95.6942457998307, 95.7446896567609, 95.7435843262644, 95.6931607245723, 27.1905200932969, 27.2356116165444, 27.234631500044, 27.1895418632322, 27.1905200932969)),28.0543879748866
"338",401,623.226709528417,"0-1000m",list(c(95.7435843262644, 95.7446896567609, 95.795130929974, 95.7940053487014, 95.7435843262644, 27.1895418632322, 27.234631500044, 27.2336332498376, 27.1885455343302, 27.1895418632322)),29.3157395084189
"339",402,623.112045697069,"0-1000m",list(c(95.7940053487014, 95.795130929974, 95.8455695722111, 95.8444237447058, 95.7940053487014, 27.1885455343302, 27.2336332498376, 27.2326168694641, 27.1875311101212, 27.1885455343302)),28.8326301328042
"340",403,428.705502325146,"0-1000m",list(c(95.8444237447058, 95.8455695722111, 95.8960055362281, 95.8948394671146, 95.8444237447058, 27.1875311101212, 27.2326168694641, 27.2315823625264, 27.1864985941994, 27.1875311101212)),23.4643960579823
"341",404,424.59541146193,"0-1000m",list(c(95.8948394671146, 95.8960055362281, 95.9464387747961, 95.9452524687798, 95.8948394671146, 27.1864985941994, 27.2315823625264, 27.2305297326912, 27.1854479902225, 27.1864985941994)),24.1293778151004
"342",405,793.463468680753,"0-1000m",list(c(95.9452524687798, 95.9464387747961, 95.9968692407016, 95.995662702569, 95.9452524687798, 27.1854479902225, 27.2305297326912, 27.2294589836891, 27.1843793019119, 27.1854479902225)),30.2926907507829
"343",406,1308.68884513545,"1000-2000m",list(c(95.995662702569, 95.9968692407016, 96.0472968867464, 96.0460701213652, 95.995662702569, 27.1843793019119, 27.2294589836891, 27.2283701193145, 27.1832925330528, 27.1843793019119)),36.8491983684551
"344",409,1407.14607524385,"1000-2000m",list(c(96.9025199713651, 96.9040897770457, 96.9544586141277, 96.9528686825964, 96.9025199713651, 27.1620551138362, 27.2070917579782, 27.2056775382284, 27.1606436146749, 27.1620551138362)),38.5991828745417
"345",410,1373.90377727726,"1000-2000m",list(c(96.9528686825964, 96.9544586141277, 97.0048237379046, 97.0032136869176, 96.9528686825964, 27.1606436146749, 27.2056775382284, 27.2042452872683, 27.1592141189222, 27.1606436146749)),32.9023694589439
"346",411,1447.99294653725,"1000-2000m",list(c(97.0032136869176, 97.0048237379046, 97.0551851015457, 97.0535549375779, 97.0032136869176, 27.1592141189222, 27.2042452872683, 27.2027950101599, 27.1577666316276, 27.1592141189222)),39.3233554010915
"347",412,1948.29505366895,"1000-2000m",list(c(97.0535549375779, 97.0551851015457, 97.1055426582416, 97.1038923878474, 97.0535549375779, 27.1577666316276, 27.2027950101599, 27.2013267120282, 27.1563011579035, 27.1577666316276)),39.310235990764
"348",413,2381.416891595,"2000-2500m",list(c(92.3616166743543, 92.3613585360841, 92.4118883319468, 92.4121260540334, 92.3616166743543, 27.260083875706, 27.3052222178739, 27.305443953433, 27.2603051847878, 27.260083875706)),30.1590870033901
"349",414,2428.78240537317,"2000-2500m",list(c(92.4121260540334, 92.4118883319468, 92.4624186835732, 92.4626359885127, 92.4121260540334, 27.2603051847878, 27.305443953433, 27.3056474290205, 27.2605082690171, 27.2603051847878)),30.1330938734413
"350",415,2058.41184825148,"2000-2500m",list(c(92.4626359885127, 92.4624186835732, 92.5129495432337, 92.513146430145, 92.4626359885127, 27.2605082690171, 27.3056474290205, 27.3058326439127, 27.2606931276719, 27.2605082690171)),36.4397248584685
"351",416,1628.56876530036,"1000-2000m",list(c(92.513146430145, 92.5129495432337, 92.5634808631958, 92.5636573312809, 92.513146430145, 27.2606931276719, 27.3058326439127, 27.3059995974508, 27.260859760095, 27.2606931276719)),33.069104559763
"352",417,1536.29549306384,"1000-2000m",list(c(92.5636573312809, 92.5634808631958, 92.6140125957245, 92.6141686442678, 92.5636573312809, 27.260859760095, 27.3059995974508, 27.306148289041, 27.261008165694, 27.260859760095)),31.0949316514069
"353",418,1126.51013129655,"1000-2000m",list(c(92.6141686442678, 92.6140125957245, 92.6645446930821, 92.6646803214511, 92.6141686442678, 27.261008165694, 27.306148289041, 27.3062787181543, 27.2611383439414, 27.261008165694)),27.3977368161047
"354",419,982.585901701086,"0-1000m",list(c(92.6646803214511, 92.6645446930821, 92.7150771075293, 92.7151923151741, 92.6646803214511, 27.2611383439414, 27.3062787181543, 27.3063908843268, 27.2612502943742, 27.2611383439414)),28.9797926115973
"355",420,879.877628523005,"0-1000m",list(c(92.7151923151741, 92.7150771075293, 92.7656097913247, 92.7657045777782, 92.7151923151741, 27.2612502943742, 27.3063908843268, 27.3064847871595, 27.2613440165944, 27.2612502943742)),30.3619508125811
"356",421,1062.55397045828,"1000-2000m",list(c(92.7657045777782, 92.7656097913247, 92.8161426967255, 92.8162170616034, 92.7657045777782, 27.2613440165944, 27.3064847871595, 27.3065604263184, 27.2614195102689, 27.2613440165944)),31.8547700515429
"357",422,759.618762161823,"0-1000m",list(c(92.8162170616034, 92.8161426967255, 92.8666757759876, 92.8667297189884, 92.8162170616034, 27.2614195102689, 27.3065604263184, 27.3066178015343, 27.2614767751292, 27.2614195102689)),28.5601918257211
"358",423,638.472694746093,"0-1000m",list(c(92.8667297189884, 92.8666757759876, 92.9172089813658, 92.9172425022708, 92.8667297189884, 27.2614767751292, 27.3066178015343, 27.3066569126032, 27.2615158109718, 27.2614767751292)),23.700006587264
"359",424,655.193062744603,"0-1000m",list(c(92.9172425022708, 92.9172089813658, 92.9677422651144, 92.9677553637877, 92.9172425022708, 27.2615158109718, 27.3066569126032, 27.306677759386, 27.2615366176577, 27.2615158109718)),23.0316773790536
"360",425,1093.16179147574,"1000-2000m",list(c(92.9677553637877, 92.9677422651144, 93.0182755794872, 93.0182682558757, 92.9677553637877, 27.2615366176577, 27.306677759386, 27.3066803418085, 27.2615391951132, 27.2615366176577)),30.0604314969644
"361",426,983.078902768188,"0-1000m",list(c(93.0182682558757, 93.0182755794872, 93.0688088767376, 93.0687811308711, 93.0182682558757, 27.2615391951132, 27.3066803418085, 27.3066646598615, 27.2615235433289, 27.2615391951132)),22.6479724792986
"362",427,876.315648276733,"0-1000m",list(c(93.0687811308711, 93.0688088767376, 93.1193421091195, 93.1192939411103, 93.0687811308711, 27.2615235433289, 27.3066646598615, 27.3066307136008, 27.2614896623606, 27.2615235433289)),20.9465271581742
"363",428,1109.76677546921,"1000-2000m",list(c(93.1192939411103, 93.1193421091195, 93.1698752288868, 93.1698066389302, 93.1192939411103, 27.2614896623606, 27.3066307136008, 27.3065785031471, 27.2614375523286, 27.2614896623606)),30.2909005935126
"364",429,1657.5092900634,"1000-2000m",list(c(93.1698066389302, 93.1698752288868, 93.2204081882942, 93.2203191766684, 93.1698066389302, 27.2614375523286, 27.3065785031471, 27.3065080286862, 27.2613672134184, 27.2614375523286)),34.3565416368131
"365",430,2100.46638681985,"2000-2500m",list(c(93.2203191766684, 93.2204081882942, 93.2709409395973, 93.2708315066632, 93.2203191766684, 27.2613672134184, 27.3065080286862, 27.3064192904688, 27.2612786458799, 27.2613672134184)),33.7487381919578
"366",431,2013.60341472601,"2000-2500m",list(c(93.2708315066632, 93.2709409395973, 93.3214734350528, 93.321343581254, 93.2708315066632, 27.2612786458799, 27.3064192904688, 27.3063122888106, 27.2611718500281, 27.2612786458799)),32.0319442755028
"367",432,1655.78916803434,"1000-2000m",list(c(93.321343581254, 93.3214734350528, 93.3720056269191, 93.3718553527821, 93.321343581254, 27.2611718500281, 27.3063122888106, 27.3061870240921, 27.2610468262426, 27.2611718500281)),30.7502885121391
"368",433,1803.10046450317,"1000-2000m",list(c(93.3718553527821, 93.3720056269191, 93.4225374674561, 93.42236677359, 93.3718553527821, 27.2610468262426, 27.3061870240921, 27.3060434967589, 27.2609035749679, 27.2610468262426)),30.1884857426141
"369",434,1709.48898374239,"1000-2000m",list(c(93.42236677359, 93.4225374674561, 93.4730689089256, 93.4728777960225, 93.42236677359, 27.2609035749679, 27.3060434967589, 27.3058817073217, 27.2607420967134, 27.2609035749679)),29.9866990941056
"370",435,1385.54677439717,"1000-2000m",list(c(93.4728777960225, 93.4730689089256, 93.5235999035919, 93.5233883724266, 93.4728777960225, 27.2607420967134, 27.3058817073217, 27.3057016563559, 27.2605623920532, 27.2607420967134)),27.0733650952248
"371",436,1557.71527211098,"1000-2000m",list(c(93.5233883724266, 93.5235999035919, 93.5741304037217, 93.5738984551518, 93.5233883724266, 27.2605623920532, 27.3057016563559, 27.3055033445018, 27.260364461626, 27.2605623920532)),31.5676106059448
"372",437,1641.13737367397,"1000-2000m",list(c(93.5738984551518, 93.5741304037217, 93.6246603615847, 93.6244079965503, 93.5738984551518, 27.260364461626, 27.3055033445018, 27.305286772465, 27.2601483061356, 27.260364461626)),34.6380888488228
"373",438,1303.31104027269,"1000-2000m",list(c(93.6244079965503, 93.6246603615847, 93.6751897294533, 93.6749169489775, 93.6244079965503, 27.2601483061356, 27.305286772465, 27.3050519410157, 27.2599139263504, 27.2601483061356)),28.3624527712492
"374",439,1364.76213043751,"1000-2000m",list(c(93.6749169489775, 93.6751897294533, 93.7257184596036, 93.7254252647921, 93.6749169489775, 27.2599139263504, 27.3050519410157, 27.3047988509892, 27.2596613231036, 27.2599139263504)),29.3367812439132
"375",440,1182.65607934216,"1000-2000m",list(c(93.7254252647921, 93.7257184596036, 93.7762465043151, 93.7759328963564, 93.7254252647921, 27.2596613231036, 27.3047988509892, 27.3045275032856, 27.2593904972931, 27.2596613231036)),30.1097930411311
"376",441,702.809462189118,"0-1000m",list(c(93.7759328963564, 93.7762465043151, 93.8267738158714, 93.8264397960366, 93.7759328963564, 27.2593904972931, 27.3045275032856, 27.3042378988699, 27.2591014498817, 27.2593904972931)),28.6407788792626
"377",442,584.245276504927,"0-1000m",list(c(93.8264397960366, 93.8267738158714, 93.87730034656, 93.8769459162029, 93.8264397960366, 27.2591014498817, 27.3042378988699, 27.3039300387722, 27.2587941818967, 27.2591014498817)),31.1437670722622
"378",443,280.431637846553,"0-1000m",list(c(93.8769459162029, 93.87730034656, 93.927826048673, 93.9274512092301, 93.8769459162029, 27.2587941818967, 27.3039300387722, 27.3036039240873, 27.2584686944305, 27.2587941818967)),27.1413163362928
"379",450,282.958792525156,"0-1000m",list(c(95.6942457998307, 95.6953334115351, 95.745797570977, 95.7446896567609, 95.6942457998307, 27.2356116165444, 27.2807028093042, 27.2797208048884, 27.234631500044, 27.2356116165444)),21.6751778999841
"380",451,384.833698030635,"0-1000m",list(c(95.7446896567609, 95.745797570977, 95.7962591422251, 95.795130929974, 95.7446896567609, 27.234631500044, 27.2797208048884, 27.2787206318707, 27.2336332498376, 27.234631500044)),22.9006554415687
"381",452,373.511362201742,"0-1000m",list(c(95.795130929974, 95.7962591422251, 95.846718077939, 95.8455695722111, 95.795130929974, 27.2336332498376, 27.2787206318707, 27.2777022937985, 27.2326168694641, 27.2336332498376)),26.2198045002182
"382",453,475.487422292902,"0-1000m",list(c(95.8455695722111, 95.846718077939, 95.8971743307933, 95.8960055362281, 95.8455695722111, 27.2326168694641, 27.2777022937985, 27.2766657942837, 27.2315823625264, 27.2326168694641)),27.2195127167189
"383",454,480.234017313241,"0-1000m",list(c(95.8960055362281, 95.8971743307933, 95.9476278534777, 95.9464387747961, 95.8960055362281, 27.2315823625264, 27.2766657942837, 27.2756111370019, 27.2305297326912, 27.2315823625264)),25.7890406183877
"384",455,407.349099240475,"0-1000m",list(c(95.9464387747961, 95.9476278534777, 95.9980785986973, 95.9968692407016, 95.9464387747961, 27.2305297326912, 27.2756111370019, 27.2745383256928, 27.2294589836891, 27.2305297326912)),25.5030809912914
"385",456,570.66084991526,"0-1000m",list(c(95.9968692407016, 95.9980785986973, 96.048526519173, 96.0472968867464, 95.9968692407016, 27.2294589836891, 27.2745383256928, 27.2734473641601, 27.2283701193145, 27.2294589836891)),32.2467337818533
"386",457,652.445490741326,"0-1000m",list(c(96.0472968867464, 96.048526519173, 96.0989715676414, 96.0977216657486, 96.0472968867464, 27.2283701193145, 27.2734473641601, 27.2723382562712, 27.2272631434253, 27.2283701193145)),34.0600671007763
"387",458,721.754657996749,"0-1000m",list(c(96.0977216657486, 96.0989715676414, 96.1494136968555, 96.1481435305422, 96.0977216657486, 27.2272631434253, 27.2723382562712, 27.2712110059576, 27.2261380599435, 27.2272631434253)),34.5703643091804
"388",461,1665.13835816535,"1000-2000m",list(c(96.8537172735099, 96.8552705666097, 96.9056632491834, 96.9040897770457, 96.8537172735099, 27.2084879415188, 27.2535269002576, 27.25212802866, 27.2070917579782, 27.2084879415188)),39.0897161851814
"389",462,1325.17680848378,"1000-2000m",list(c(96.9040897770457, 96.9056632491834, 96.9560522589676, 96.9544586141277, 96.9040897770457, 27.2070917579782, 27.25212802866, 27.2507110861954, 27.2056775382284, 27.2070917579782)),35.0830871174971
"390",463,1344.2466574603,"1000-2000m",list(c(96.9544586141277, 96.9560522589676, 97.0064375490308, 97.0048237379046, 96.9544586141277, 27.2056775382284, 27.2507110861954, 27.2492760778752, 27.2042452872683, 27.2056775382284)),31.9107538174659
"391",464,1881.95235703973,"1000-2000m",list(c(97.0048237379046, 97.0064375490308, 97.0568190724623, 97.0551851015457, 97.0048237379046, 27.2042452872683, 27.2492760778752, 27.2478230087736, 27.2027950101599, 27.2042452872683)),36.9715347345499
"392",465,2246.25145941874,"2000-2500m",list(c(92.2097729603255, 92.2094528334654, 92.2600011362037, 92.2603008025522, 92.2097729603255, 27.3044474595788, 27.3495840166466, 27.3498610593701, 27.3047239700608, 27.3044474595788)),32.771342208856
"393",466,2101.29696326582,"2000-2500m",list(c(92.2603008025522, 92.2600011362037, 92.3105501390905, 92.3108293437116, 92.2603008025522, 27.3047239700608, 27.3498610593701, 27.3501198095424, 27.304982223132, 27.3047239700608)),29.7315966592223
"394",467,2003.16527524951,"2000-2500m",list(c(92.3108293437116, 92.3105501390905, 92.3610997943232, 92.3613585360841, 92.3108293437116, 27.304982223132, 27.3501198095424, 27.3503602662427, 27.3052222178739, 27.304982223132)),32.0193811129694
"395",468,1732.15689273119,"1000-2000m",list(c(92.3613585360841, 92.3610997943232, 92.4116500540959, 92.4118883319468, 92.3613585360841, 27.3052222178739, 27.3503602662427, 27.3505824286153, 27.305443953433, 27.3052222178739)),25.199426261094
"396",469,1569.93214943354,"1000-2000m",list(c(92.4118883319468, 92.4116500540959, 92.4622008705992, 92.4624186835732, 92.4118883319468, 27.305443953433, 27.3505824286153, 27.3507862958697, 27.3056474290205, 27.305443953433)),25.1666463034687
"397",470,1548.43333751805,"1000-2000m",list(c(92.4624186835732, 92.4622008705992, 92.5127521960204, 92.5129495432337, 92.4624186835732, 27.3056474290205, 27.3507862958697, 27.3509718672803, 27.3058326439127, 27.3056474290205)),26.8375487033774
"398",471,1478.25239536843,"1000-2000m",list(c(92.5129495432337, 92.5127521960204, 92.5633039825439, 92.5634808631958, 92.5129495432337, 27.3058326439127, 27.3509718672803, 27.3511391421867, 27.3059995974508, 27.3058326439127)),26.7839516893199
"399",472,1092.05967354327,"1000-2000m",list(c(92.5634808631958, 92.5633039825439, 92.6138561823518, 92.6140125957245, 92.5634808631958, 27.3059995974508, 27.3511391421867, 27.3512881199936, 27.306148289041, 27.3059995974508)),20.4146990200653
"400",473,1533.5920218442,"1000-2000m",list(c(92.6140125957245, 92.6138561823518, 92.6644087476233, 92.6645446930821, 92.6140125957245, 27.306148289041, 27.3512881199936, 27.3514188001708, 27.3062787181543, 27.306148289041)),29.6559763475928
"401",474,1517.40017477607,"1000-2000m",list(c(92.6645446930821, 92.6644087476233, 92.7149616305361, 92.7150771075293, 92.6645446930821, 27.3062787181543, 27.3514188001708, 27.3515311822531, 27.3063908843268, 27.3062787181543)),29.5590087289396
"402",475,992.001342030523,"0-1000m",list(c(92.7150771075293, 92.7149616305361, 92.7655147832657, 92.7656097913247, 92.7150771075293, 27.3063908843268, 27.3515311822531, 27.3516252658407, 27.3064847871595, 27.3063908843268)),26.5022441391152
"403",476,793.756794928128,"0-1000m",list(c(92.7656097913247, 92.7655147832657, 92.8160681579862, 92.8161426967255, 92.7656097913247, 27.3064847871595, 27.3516252658407, 27.3517010505987, 27.3065604263184, 27.3064847871595)),28.9397509764571
"404",477,1082.53921538029,"1000-2000m",list(c(92.8161426967255, 92.8160681579862, 92.8666217068705, 92.8666757759876, 92.8161426967255, 27.3065604263184, 27.3517010505987, 27.3517585362573, 27.3066178015343, 27.3065604263184)),30.4554472009636
"405",478,1069.93655004525,"1000-2000m",list(c(92.8666757759876, 92.8666217068705, 92.9171753820903, 92.9172089813658, 92.8666757759876, 27.3066178015343, 27.3517585362573, 27.3517977226119, 27.3066569126032, 27.3066178015343)),29.7686354714037
"406",479,966.300640261126,"0-1000m",list(c(92.9172089813658, 92.9171753820903, 92.9677291358169, 92.9677422651144, 92.9172089813658, 27.3066569126032, 27.3517977226119, 27.3518186095231, 27.306677759386, 27.3066569126032)),26.1558017635283
"407",480,701.379139227864,"0-1000m",list(c(92.9677422651144, 92.9677291358169, 93.018282920221, 93.0182755794872, 92.9677422651144, 27.306677759386, 27.3518186095231, 27.3518211969166, 27.3066803418085, 27.306677759386)),21.6266560785177
"408",481,673.036016354046,"0-1000m",list(c(93.0182755794872, 93.018282920221, 93.0688366874729, 93.0688088767376, 93.0182755794872, 27.3066803418085, 27.3518211969166, 27.351805484783, 27.3066646598615, 27.3066803418085)),20.9072959564086
"409",482,1363.47916012805,"1000-2000m",list(c(93.0688088767376, 93.0688366874729, 93.1193903897434, 93.1193421091195, 93.0688088767376, 27.3066646598615, 27.351805484783, 27.3517714731784, 27.3066307136008, 27.3066646598615)),28.8152082544316
"410",483,1823.7143659686,"1000-2000m",list(c(93.1193421091195, 93.1193903897434, 93.1699439792033, 93.1698752288868, 93.1193421091195, 27.3066307136008, 27.3517714731784, 27.3517191622238, 27.3065785031471, 27.3066307136008)),32.238710327325
"411",484,1474.13183109141,"1000-2000m",list(c(93.1698752288868, 93.1699439792033, 93.2204974080244, 93.2204081882942, 93.1698752288868, 27.3065785031471, 27.3517191622238, 27.3516485521054, 27.3065080286862, 27.3065785031471)),30.1225934280315
"412",485,1991.13618103069,"1000-2000m",list(c(93.2204081882942, 93.2204974080244, 93.2710506283792, 93.2709409395973, 93.2204081882942, 27.3065080286862, 27.3516485521054, 27.3515596430745, 27.3064192904688, 27.3065080286862)),33.0506937143093
"413",486,2215.07833713055,"2000-2500m",list(c(93.2709409395973, 93.2710506283792, 93.3216035924412, 93.3214734350528, 93.2709409395973, 27.3064192904688, 27.3515596430745, 27.3514524354475, 27.3063122888106, 27.3064192904688)),32.1826075253046
"414",487,2079.47793609943,"2000-2500m",list(c(93.3214734350528, 93.3216035924412, 93.3721562523858, 93.3720056269191, 93.3214734350528, 27.3063122888106, 27.3514524354475, 27.351326929606, 27.3061870240921, 27.3063122888106)),31.9456971708732
"415",488,2180.96438937611,"2000-2500m",list(c(93.3720056269191, 93.3721562523858, 93.4227085603899, 93.4225374674561, 93.3720056269191, 27.3061870240921, 27.351326929606, 27.3511831259966, 27.3060434967589, 27.3061870240921)),32.5458077838554
"416",489,1808.99606753847,"1000-2000m",list(c(93.4225374674561, 93.4227085603899, 93.4732604686322, 93.4730689089256, 93.4225374674561, 27.3060434967589, 27.3511831259966, 27.3510210251312, 27.3058817073217, 27.3060434967589)),31.9319388014819
"417",490,1568.81740003766,"1000-2000m",list(c(93.4730689089256, 93.4732604686322, 93.5238119292941, 93.5235999035919, 93.4730689089256, 27.3058817073217, 27.3510210251312, 27.3508406275867, 27.3057016563559, 27.3058817073217)),28.1363639132183
"418",491,1756.17930151993,"1000-2000m",list(c(93.5235999035919, 93.5238119292941, 93.5743628945591, 93.5741304037217, 93.5235999035919, 27.3057016563559, 27.3508406275867, 27.350641934005, 27.3055033445018, 27.3057016563559)),32.756058128356
"419",492,2011.68094004557,"2000-2500m",list(c(93.5741304037217, 93.5743628945591, 93.6249133166139, 93.6246603615847, 93.5741304037217, 27.3055033445018, 27.350641934005, 27.3504249450933, 27.305286772465, 27.3055033445018)),35.4344224244323
"420",493,1915.3823363254,"1000-2000m",list(c(93.6246603615847, 93.6249133166139, 93.675463147648, 93.6751897294533, 93.6246603615847, 27.305286772465, 27.3504249450933, 27.3501896616237, 27.3050519410157, 27.305286772465)),32.7068786951607
"421",494,1585.50981554883,"1000-2000m",list(c(93.6751897294533, 93.675463147648, 93.7260123398545, 93.7257184596036, 93.6751897294533, 27.3050519410157, 27.3501896616237, 27.3499360844336, 27.3047988509892, 27.3050519410157)),29.5966814246395
"422",495,1418.40994350988,"1000-2000m",list(c(93.7257184596036, 93.7260123398545, 93.7765608454298, 93.7762465043151, 93.7257184596036, 27.3047988509892, 27.3499360844336, 27.3496642144253, 27.3045275032856, 27.3047988509892)),30.3532677429915
"423",496,977.487948025862,"0-1000m",list(c(93.7762465043151, 93.7765608454298, 93.8271086165746, 93.8267738158714, 93.7762465043151, 27.3045275032856, 27.3496642144253, 27.3493740525663, 27.3042378988699, 27.3045275032856)),28.851264330167
"424",497,998.458319028744,"0-1000m",list(c(93.8267738158714, 93.8271086165746, 93.8776556054934, 93.87730034656, 93.8267738158714, 27.3042378988699, 27.3493740525663, 27.349065599889, 27.3039300387722, 27.3042378988699)),32.4336782143688
"425",498,677.491651321744,"0-1000m",list(c(93.87730034656, 93.8776556054934, 93.9282017643955, 93.927826048673, 93.87730034656, 27.3039300387722, 27.349065599889, 27.3487388574909, 27.3036039240873, 27.3039300387722)),31.6315735161217
"426",499,348.69383188481,"0-1000m",list(c(93.927826048673, 93.9282017643955, 93.9787470454946, 93.9783508745072, 93.927826048673, 27.3036039240873, 27.3487388574909, 27.3483938265347, 27.303259555975, 27.3036039240873)),28.6473885585212
"427",505,331.289725423618,"0-1000m",list(c(95.9476278534777, 95.9488197096266, 95.9992907814397, 95.9980785986973, 95.9476278534777, 27.2756111370019, 27.3206922027005, 27.3196173274645, 27.2745383256928, 27.2756111370019)),27.6985927268511
"428",506,271.115196154926,"0-1000m",list(c(95.9980785986973, 95.9992907814397, 96.0497590236095, 96.048526519173, 95.9980785986973, 27.2745383256928, 27.3196173274645, 27.3185242671266, 27.2734473641601, 27.2745383256928)),25.9575154020406
"429",507,365.374678300169,"0-1000m",list(c(96.048526519173, 96.0497590236095, 96.1002243887912, 96.0989715676414, 96.048526519173, 27.2734473641601, 27.3185242671266, 27.3174130255638, 27.2723382562712, 27.2734473641601)),29.5789872104026
"430",508,405.987079054961,"0-1000m",list(c(96.0989715676414, 96.1002243887912, 96.1506868296564, 96.1494136968555, 96.0989715676414, 27.2723382562712, 27.3174130255638, 27.3162836067171, 27.2712110059576, 27.2723382562712)),27.7768631207215
"431",509,499.065572235573,"0-1000m",list(c(96.1494136968555, 96.1506868296564, 96.2011462988932, 96.1998528595847, 96.1494136968555, 27.2712110059576, 27.3162836067171, 27.3151360145915, 27.2700656172145, 27.2712110059576)),32.2475312866641
"432",510,611.03353544427,"0-1000m",list(c(96.1998528595847, 96.2011462988932, 96.2516027492064, 96.2502890086151, 96.1998528595847, 27.2700656172145, 27.3151360145915, 27.313970253256, 27.268902094101, 27.2700656172145)),33.8494339426831
"433",511,543.032310588714,"0-1000m",list(c(96.2502890086151, 96.2516027492064, 96.3020561333178, 96.3007220967498, 96.2502890086151, 27.268902094101, 27.313970253256, 27.3127863268435, 27.2677204407399, 27.268902094101)),31.3148387845189
"434",517,1195.43792131389,"1000-2000m",list(c(96.8552705666097, 96.8568274855502, 96.9072403941142, 96.9056632491834, 96.8552705666097, 27.2535269002576, 27.2985654870899, 27.2971639253299, 27.25212802866, 27.2535269002576)),32.2822171056051
"435",518,1292.5437825623,"1000-2000m",list(c(96.9056632491834, 96.9072403941142, 96.9576496235321, 96.9560522589676, 96.9056632491834, 27.25212802866, 27.2971639253299, 27.2957442580186, 27.2507110861954, 27.25212802866)),31.8561927799381
"436",519,1909.30876065042,"1000-2000m",list(c(96.9560522589676, 96.9576496235321, 97.0080551267922, 97.0064375490308, 96.9560522589676, 27.2507110861954, 27.2957442580186, 27.2943064901795, 27.2492760778752, 27.2507110861954)),38.4107160171021
"437",520,2341.27648949783,"2000-2500m",list(c(92.1589052786737, 92.1585638968592, 92.2091319586579, 92.2094528334654, 92.1589052786737, 27.3492886823577, 27.3944243762909, 27.3947202784076, 27.3495840166466, 27.3492886823577)),30.4650158492434
"438",521,1923.77581444981,"1000-2000m",list(c(92.2094528334654, 92.2091319586579, 92.2597007697062, 92.2600011362037, 92.2094528334654, 27.3495840166466, 27.3947202784076, 27.3949978537931, 27.3498610593701, 27.3495840166466)),25.3298594667733
"439",522,2048.18763459318,"2000-2500m",list(c(92.2600011362037, 92.2597007697062, 92.3102702821227, 92.3105501390905, 92.2600011362037, 27.3498610593701, 27.3949978537931, 27.3952571014592, 27.3501198095424, 27.3498610593701)),25.9925747412919
"440",524,2048.8738491308,"2000-2500m",list(c(92.3610997943232, 92.3608404480217, 92.411411219514, 92.4116500540959, 92.3610997943232, 27.3503602662427, 27.3954980204829, 27.3957206100064, 27.3505824286153, 27.3503602662427)),29.4358183770517
"441",525,2247.19649823663,"2000-2500m",list(c(92.4116500540959, 92.411411219514, 92.4619825487068, 92.4622008705992, 92.4116500540959, 27.3505824286153, 27.3957206100064, 27.3959248692371, 27.3507862958697, 27.3505824286153)),33.2597536397061
"442",526,1781.28403741134,"1000-2000m",list(c(92.4622008705992, 92.4619825487068, 92.5125543877042, 92.5127521960204, 92.4622008705992, 27.3507862958697, 27.3959248692371, 27.3961107974478, 27.3509718672803, 27.3507862958697)),26.5301207385499
"443",527,1343.18829000343,"1000-2000m",list(c(92.5127521960204, 92.5125543877042, 92.5631266886074, 92.5633039825439, 92.5127521960204, 27.3509718672803, 27.3961107974478, 27.3962783939764, 27.3511391421867, 27.3509718672803)),23.0633047341999
"444",528,1579.08379888268,"1000-2000m",list(c(92.5633039825439, 92.5631266886074, 92.613699403515, 92.6138561823518, 92.5633039825439, 27.3511391421867, 27.3962783939764, 27.3964276582261, 27.3512881199936, 27.3511391421867)),25.1814548896552
"445",529,1852.20604481828,"1000-2000m",list(c(92.6138561823518, 92.613699403515, 92.6642724845231, 92.6644087476233, 92.6138561823518, 27.3512881199936, 27.3964276582261, 27.3965585896656, 27.3514188001708, 27.3512881199936)),33.9378816304559
"446",530,2268.34430885428,"2000-2500m",list(c(92.6644087476233, 92.6642724845231, 92.7148458837258, 92.7149616305361, 92.6644087476233, 27.3514188001708, 27.3965585896656, 27.3966711878284, 27.3515311822531, 27.3514188001708)),35.556564933484
"447",531,1486.42932492744,"1000-2000m",list(c(92.7149616305361, 92.7148458837258, 92.7654195532155, 92.7655147832657, 92.7149616305361, 27.3515311822531, 27.3966711878284, 27.3967654523137, 27.3516252658407, 27.3515311822531)),33.256067052572
"448",532,898.476209905216,"0-1000m",list(c(92.7655147832657, 92.7654195532155, 92.815993445083, 92.8160681579862, 92.7655147832657, 27.3516252658407, 27.3967654523137, 27.3968413827859, 27.3517010505987, 27.3516252658407)),27.7832863215484
"449",533,892.275209887332,"0-1000m",list(c(92.8160681579862, 92.815993445083, 92.8665675114176, 92.8666217068705, 92.8160681579862, 27.3517010505987, 27.3968413827859, 27.3968989789744, 27.3517585362573, 27.3517010505987)),27.9058278081183
"450",534,1807.93311694392,"1000-2000m",list(c(92.8666217068705, 92.8665675114176, 92.9171417043081, 92.9171753820903, 92.8666217068705, 27.3517585362573, 27.3968989789744, 27.3969382406742, 27.3517977226119, 27.3517585362573)),36.2520475332594
"451",535,1421.76906659971,"1000-2000m",list(c(92.9171753820903, 92.9171417043081, 92.967715975842, 92.9677291358169, 92.9171753820903, 27.3517977226119, 27.3969382406742, 27.3969591677456, 27.3518186095231, 27.3517977226119)),32.2816855516747
"452",536,1130.44808214475,"1000-2000m",list(c(92.9677291358169, 92.967715975842, 93.0182902781068, 93.018282920221, 92.9677291358169, 27.3518186095231, 27.3969591677456, 27.3969617601139, 27.3518211969166, 27.3518186095231)),27.6591415439269
"453",537,633.499578664836,"0-1000m",list(c(93.018282920221, 93.0182902781068, 93.0688645631897, 93.0688366874729, 93.018282920221, 27.3518211969166, 27.3969617601139, 27.39694601777, 27.351805484783, 27.3518211969166)),21.324138711137
"454",538,1293.40982989141,"1000-2000m",list(c(93.0688366874729, 93.0688645631897, 93.1194387831779, 93.1193903897434, 93.0688366874729, 27.351805484783, 27.39694601777, 27.3969119407699, 27.3517714731784, 27.351805484783)),28.3731972609713
"455",539,1971.7476982616,"1000-2000m",list(c(93.1193903897434, 93.1194387831779, 93.1700128901589, 93.1699439792033, 93.1193903897434, 27.3517714731784, 27.3969119407699, 27.3968595292349, 27.3517191622238, 27.3517714731784)),32.684090705824
"456",540,2158.33279235979,"2000-2500m",list(c(93.1699439792033, 93.1700128901589, 93.2205868362212, 93.2204974080244, 93.1699439792033, 27.3517191622238, 27.3968595292349, 27.3967887833518, 27.3516485521054, 27.3517191622238)),34.0221324723075
"457",541,1955.28745841441,"1000-2000m",list(c(93.2204974080244, 93.2205868362212, 93.2711605734539, 93.2710506283792, 93.2204974080244, 27.3516485521054, 27.3967887833518, 27.3966997033723, 27.3515596430745, 27.3516485521054)),33.6431594400526
"458",542,2236.73530788677,"2000-2500m",list(c(93.2710506283792, 93.2711605734539, 93.3217340539474, 93.3216035924412, 93.2710506283792, 27.3515596430745, 27.3966997033723, 27.3965922896138, 27.3514524354475, 27.3515596430745)),35.0052308739216
"459",543,2344.17739770919,"2000-2500m",list(c(93.3721562523858, 93.3723072297935, 93.4228800530858, 93.4227085603899, 93.3721562523858, 27.351326929606, 27.3964665424587, 27.3963224623548, 27.3511831259966, 27.351326929606)),33.0035482891446
"460",544,1896.13829156393,"1000-2000m",list(c(93.4227085603899, 93.4228800530858, 93.4734524759198, 93.4732604686322, 93.4227085603899, 27.3511831259966, 27.3963224623548, 27.3961600498152, 27.3510210251312, 27.3511831259966)),31.0186912171883
"461",545,1919.63652626954,"1000-2000m",list(c(93.4732604686322, 93.4734524759198, 93.5240244503935, 93.5238119292941, 93.4732604686322, 27.3510210251312, 27.3961600498152, 27.3959793054181, 27.3508406275867, 27.3510210251312)),32.9726881727277
"462",546,1518.74944602228,"1000-2000m",list(c(93.5238119292941, 93.5240244503935, 93.5745959286073, 93.5743628945591, 93.5238119292941, 27.3508406275867, 27.3959793054181, 27.3957802298071, 27.350641934005, 27.3508406275867)),33.4398535819479
"463",547,1788.68752535813,"1000-2000m",list(c(93.5743628945591, 93.5745959286073, 93.6251668626644, 93.6249133166139, 93.5743628945591, 27.350641934005, 27.3957802298071, 27.3955628236911, 27.3504249450933, 27.350641934005)),38.3420176249912
"464",548,1731.25218128178,"1000-2000m",list(c(93.6249133166139, 93.6251668626644, 93.6757372046711, 93.675463147648, 93.6249133166139, 27.3504249450933, 27.3955628236911, 27.3953270878441, 27.3501896616237, 27.3504249450933)),36.0277880345765
"465",549,1388.47704503605,"1000-2000m",list(c(93.675463147648, 93.6757372046711, 93.7263069067371, 93.7260123398545, 93.675463147648, 27.3501896616237, 27.3953270878441, 27.3950730231056, 27.3499360844336, 27.3501896616237)),32.8227262616814
"466",550,919.106738241628,"0-1000m",list(c(93.7260123398545, 93.7263069067371, 93.7768759209758, 93.7765608454298, 93.7260123398545, 27.3499360844336, 27.3950730231056, 27.39480063038, 27.3496642144253, 27.3499360844336)),25.6673802564629
"467",551,1229.36507438328,"1000-2000m",list(c(93.7765608454298, 93.7768759209758, 93.8274441995045, 93.8271086165746, 93.7765608454298, 27.3496642144253, 27.39480063038, 27.3945099106371, 27.3493740525663, 27.3496642144253)),30.5868640886802
"468",552,852.86520395743,"0-1000m",list(c(93.8271086165746, 93.8274441995045, 93.8780116944445, 93.8776556054934, 93.8271086165746, 27.3493740525663, 27.3945099106371, 27.394200864912, 27.349065599889, 27.3493740525663)),29.0836715963174
"469",553,710.982803283293,"0-1000m",list(c(93.8776556054934, 93.8780116944445, 93.9285783579218, 93.9282017643955, 93.8776556054934, 27.349065599889, 27.394200864912, 27.3938734943049, 27.3487388574909, 27.349065599889)),31.5537671839407
"470",554,596.692329420626,"0-1000m",list(c(93.9282017643955, 93.9285783579218, 93.979144142067, 93.9787470454946, 93.9282017643955, 27.3487388574909, 27.3938734943049, 27.3935277999812, 27.3483938265347, 27.3487388574909)),28.0003941971572
"471",555,391.790822537849,"0-1000m",list(c(93.9787470454946, 93.979144142067, 94.0297089990158, 94.0292914010095, 93.9787470454946, 27.3483938265347, 27.3935277999812, 27.3931637831716, 27.3480305082479, 27.3483938265347)),28.289085617937
"472",556,252.838762948506,"0-1000m",list(c(94.0292914010095, 94.0297089990158, 94.0802728809091, 94.0798347831644, 94.0292914010095, 27.3480305082479, 27.3931637831716, 27.3927814451717, 27.3476489039232, 27.3480305082479)),25.3213700711024
"473",558,211.249638796407,"0-1000m",list(c(95.9992907814397, 96.0005057938281, 96.0509944050368, 96.0497590236095, 95.9992907814397, 27.3196173274645, 27.364695988546, 27.3636008277514, 27.3185242671266, 27.3196173274645)),22.0035588617821
"474",559,511.41428661101,"0-1000m",list(c(96.0497590236095, 96.0509944050368, 96.1014801342603, 96.1002243887912, 96.0497590236095, 27.3185242671266, 27.3636008277514, 27.3624874508359, 27.3174130255638, 27.3185242671266)),32.2954729220508
"475",560,376.120189756874,"0-1000m",list(c(96.1002243887912, 96.1014801342603, 96.1519629340886, 96.1506868296564, 96.1002243887912, 27.3174130255638, 27.3624874508359, 27.3613558617501, 27.3162836067171, 27.3174130255638)),32.6733405125733
"476",561,480.066196435817,"0-1000m",list(c(96.1506868296564, 96.1519629340886, 96.2024427571282, 96.2011462988932, 96.1506868296564, 27.3162836067171, 27.3613558617501, 27.3602060645089, 27.3151360145915, 27.3162836067171)),32.8021005928896
"477",562,489.35437197916,"0-1000m",list(c(96.2011462988932, 96.2024427571282, 96.2529195560022, 96.2516027492064, 96.2011462988932, 27.3151360145915, 27.3602060645089, 27.3590380631911, 27.313970253256, 27.3151360145915)),32.1459967596957
"478",563,516.915046346868,"0-1000m",list(c(96.2516027492064, 96.2529195560022, 96.3033932833512, 96.3020561333178, 96.2516027492064, 27.313970253256, 27.3590380631911, 27.3578518619398, 27.3127863268435, 27.313970253256)),30.6169436908965
"479",564,690.705377485097,"0-1000m",list(c(96.3020561333178, 96.3033932833512, 96.3538638918329, 96.3525064039667, 96.3020561333178, 27.3127863268435, 27.3578518619398, 27.3566474649618, 27.3115842395507, 27.3127863268435)),32.8211918306558
"480",565,840.626828196598,"0-1000m",list(c(96.3525064039667, 96.3538638918329, 96.4043313341227, 96.40295351391, 96.3525064039667, 27.3115842395507, 27.3566474649618, 27.3554248765284, 27.3103639956382, 27.3115842395507)),36.3115939375072
"481",566,714.89768747831,"0-1000m",list(c(96.40295351391, 96.4043313341227, 96.4547955629139, 96.4533974159221, 96.40295351391, 27.3103639956382, 27.3554248765284, 27.3541841009744, 27.3091255994305, 27.3103639956382)),39.0410938415706
"482",567,920.640338691539,"0-1000m",list(c(96.4533974159221, 96.4547955629139, 96.505256530918, 96.5038380627959, 96.4533974159221, 27.3091255994305, 27.3541841009744, 27.3529251426986, 27.3078690553157, 27.3091255994305)),39.4054567210833
"483",568,1414.8001497981,"1000-2000m",list(c(96.5038380627959, 96.505256530918, 96.5557141908649, 96.5542754073424, 96.5038380627959, 27.3078690553157, 27.3529251426986, 27.351648006164, 27.3065943677457, 27.3078690553157)),40.1446321612397
"484",570,1474.35011203168,"1000-2000m",list(c(96.8064109448729, 96.807951216611, 96.8583880366076, 96.8568274855502, 96.8064109448729, 27.2999489383386, 27.3449898102688, 27.3436037014701, 27.2985654870899, 27.2999489383386)),37.8621058340435
"485",571,1239.73764863768,"1000-2000m",list(c(96.8568274855502, 96.8583880366076, 96.9088212181943, 96.9072403941142, 96.8568274855502, 27.2985654870899, 27.3436037014701, 27.3421994474366, 27.2971639253299, 27.2985654870899)),36.4998729702016
"486",572,1806.92392191325,"1000-2000m",list(c(96.9072403941142, 96.9088212181943, 96.9592507142579, 96.9576496235321, 96.9072403941142, 27.2971639253299, 27.3421994474366, 27.3407770531406, 27.2957442580186, 27.2971639253299)),40.1405802686633
"487",573,2425.86250078463,"2000-2500m",list(c(92.1079966321876, 92.1076338997518, 92.158221717917, 92.1585638968592, 92.1079966321876, 27.3941101484964, 27.4392449428727, 27.4395597741354, 27.3944243762909, 27.3941101484964)),31.6655962495601
"488",574,2183.47809302618,"2000-2500m",list(c(92.1585638968592, 92.158221717917, 92.2088103345999, 92.2091319586579, 92.1585638968592, 27.3944243762909, 27.4395597741354, 27.4398562445295, 27.3947202784076, 27.3944243762909)),27.2041836271083
"489",575,2253.53332912511,"2000-2500m",list(c(92.2091319586579, 92.2088103345999, 92.2593997018399, 92.2597007697062, 92.2091319586579, 27.3947202784076, 27.4398562445295, 27.4401343529987, 27.3949978537931, 27.3947202784076)),31.2608737348655
"490",576,1928.93669575042,"1000-2000m",list(c(92.2597007697062, 92.2593997018399, 92.3099897716718, 92.3102702821227, 92.2597007697062, 27.3949978537931, 27.4401343529987, 27.4403940985525, 27.3952571014592, 27.3949978537931)),26.605398540785
"491",577,2337.03809493751,"2000-2500m",list(c(92.3102702821227, 92.3099897716718, 92.3605804961264, 92.3608404480217, 92.3102702821227, 27.3952571014592, 27.4403940985525, 27.4406354802656, 27.3954980204829, 27.3952571014592)),28.5683789341917
"492",578,2388.23975268345,"2000-2500m",list(c(92.411411219514, 92.411171827231, 92.4617637170093, 92.4619825487068, 92.411411219514, 27.3957206100064, 27.4408584972781, 27.4410631487955, 27.3959248692371, 27.3957206100064)),34.0473564266181
"493",579,1769.43561419013,"1000-2000m",list(c(92.4619825487068, 92.4617637170093, 92.5123561174818, 92.5125543877042, 92.4619825487068, 27.3959248692371, 27.4410631487955, 27.4412494340887, 27.3961107974478, 27.3959248692371)),29.2689351658946
"494",580,1717.64258364196,"1000-2000m",list(c(92.5125543877042, 92.5123561174818, 92.5629489806661, 92.5631266886074, 92.5125543877042, 27.3961107974478, 27.4412494340887, 27.4414173524942, 27.3962783939764, 27.3961107974478)),29.6560390592175
"495",581,2240.32797690038,"2000-2500m",list(c(92.5631266886074, 92.5629489806661, 92.6135422585773, 92.613699403515, 92.5631266886074, 27.3962783939764, 27.4414173524942, 27.4415669034137, 27.3964276582261, 27.3962783939764)),31.2516024171996
"496",582,1848.6741257417,"1000-2000m",list(c(92.613699403515, 92.6135422585773, 92.6641359032278, 92.6642724845231, 92.613699403515, 27.3964276582261, 27.4415669034137, 27.4416980863143, 27.3965585896656, 27.3964276582261)),32.1880927015301
"497",583,2325.0992718599,"2000-2500m",list(c(92.6642724845231, 92.6641359032278, 92.7147298666283, 92.7148458837258, 92.6642724845231, 27.3965585896656, 27.4416980863143, 27.4418109007287, 27.3966711878284, 27.3965585896656)),35.0540054995417
"498",584,1632.48214173624,"1000-2000m",list(c(92.7148458837258, 92.7147298666283, 92.7653241007874, 92.7654195532155, 92.7148458837258, 27.3966711878284, 27.4418109007287, 27.441905346255, 27.3967654523137, 27.3966711878284)),30.9216353259358
"499",585,1072.38085469006,"1000-2000m",list(c(92.7654195532155, 92.7653241007874, 92.8159185577123, 92.815993445083, 92.7654195532155, 27.3967654523137, 27.441905346255, 27.4419814225567, 27.3968413827859, 27.3967654523137)),32.4531317008483
"500",586,1105.79630908292,"1000-2000m",list(c(92.815993445083, 92.8159185577123, 92.8665131894089, 92.8665675114176, 92.815993445083, 27.3968413827859, 27.4419814225567, 27.4420391293627, 27.3968989789744, 27.3968413827859)),33.7283266006376
"501",587,1680.74389554956,"1000-2000m",list(c(92.8665675114176, 92.8665131894089, 92.9171079478822, 92.9171417043081, 92.8665675114176, 27.3968989789744, 27.4420391293627, 27.4420784664674, 27.3969382406742, 27.3968989789744)),35.5288823639871
"502",588,1569.66213230653,"1000-2000m",list(c(92.9171417043081, 92.9171079478822, 92.9677027851362, 92.967715975842, 92.9171417043081, 27.3969382406742, 27.4420784664674, 27.4420994337307, 27.3969591677456, 27.3969382406742)),34.2636023926523
"503",589,810.332182537192,"0-1000m",list(c(92.967715975842, 92.9677027851362, 93.0182976531747, 93.0182902781068, 92.967715975842, 27.3969591677456, 27.4420994337307, 27.4421020310778, 27.3969617601139, 27.3969591677456)),23.8783654515904
"504",590,968.403113426652,"0-1000m",list(c(93.0182902781068, 93.0182976531747, 93.0688925040013, 93.0688645631897, 93.0182902781068, 27.3969617601139, 27.4421020310778, 27.4420862584996, 27.39694601777, 27.3969617601139)),25.3455825981138
"505",591,941.820792829188,"0-1000m",list(c(93.0688645631897, 93.0688925040013, 93.1194872896195, 93.1194387831779, 93.0688645631897, 27.39694601777, 27.4420862584996, 27.4420521160522, 27.3969119407699, 27.39694601777)),26.0631293087981
"506",592,1602.59242985374,"1000-2000m",list(c(93.1194387831779, 93.1194872896195, 93.1700819620335, 93.1700128901589, 93.1194387831779, 27.3969119407699, 27.4420521160522, 27.4419996038572, 27.3968595292349, 27.3969119407699)),31.5282307004751
"507",593,2343.45433431674,"2000-2500m",list(c(93.1700128901589, 93.1700819620335, 93.2206764732478, 93.2205868362212, 93.1700128901589, 27.3968595292349, 27.4419996038572, 27.4419287221018, 27.3967887833518, 27.3968595292349)),33.6090349478047
"508",594,2435.12141775028,"2000-2500m",list(c(93.2205868362212, 93.2206764732478, 93.2712707752681, 93.2711605734539, 93.2205868362212, 27.3967887833518, 27.4419287221018, 27.4418394710385, 27.3966997033723, 27.3967887833518)),35.5385349784641
"509",595,2456.08740819785,"2000-2500m",list(c(93.4228800530858, 93.4230519462402, 93.4736449315682, 93.4734524759198, 93.4228800530858, 27.3963224623548, 27.4414615055082, 27.4412987810475, 27.3961600498152, 27.3963224623548)),33.7181404972694
"510",596,1902.68450953162,"1000-2000m",list(c(93.4734524759198, 93.4736449315682, 93.5242374677534, 93.5240244503935, 93.4734524759198, 27.3961600498152, 27.4412987810475, 27.4411176895232, 27.3959793054181, 27.3961600498152)),35.6238092051635
"511",597,1412.24982738058,"1000-2000m",list(c(93.5240244503935, 93.5242374677534, 93.5748295068127, 93.5745959286073, 93.5240244503935, 27.3959793054181, 27.4411176895232, 27.4409182315805, 27.3957802298071, 27.3959793054181)),29.5552645109081
"512",598,1572.28199736363,"1000-2000m",list(c(93.5745959286073, 93.5748295068127, 93.6254210007658, 93.6251668626644, 93.5745959286073, 27.3957802298071, 27.4409182315805, 27.4407004079299, 27.3955628236911, 27.3957802298071)),36.2320994638127
"513",599,1161.91689811892,"1000-2000m",list(c(93.6251668626644, 93.6254210007658, 93.6760119016354, 93.6757372046711, 93.6251668626644, 27.3955628236911, 27.4407004079299, 27.4404642193474, 27.3953270878441, 27.3955628236911)),29.6092263425554
"514",600,921.808361057059,"0-1000m",list(c(93.6757372046711, 93.6760119016354, 93.7266021614477, 93.7263069067371, 93.6757372046711, 27.3953270878441, 27.4404642193474, 27.4402096666744, 27.3950730231056, 27.3953270878441)),25.5584255018515
"515",601,881.944667629151,"0-1000m",list(c(93.7263069067371, 93.7266021614477, 93.7771917322326, 93.7768759209758, 93.7263069067371, 27.3950730231056, 27.4402096666744, 27.4399367508176, 27.39480063038, 27.3950730231056)),22.077863933278
"516",602,1458.32470647646,"1000-2000m",list(c(93.7768759209758, 93.7771917322326, 93.8277805660237, 93.8274441995045, 93.7768759209758, 27.39480063038, 27.4399367508176, 27.4396454727494, 27.3945099106371, 27.39480063038)),33.7264393557199
"517",603,1747.27794865357,"1000-2000m",list(c(93.8274441995045, 93.8277805660237, 93.878368614859, 93.8780116944445, 93.8274441995045, 27.3945099106371, 27.4396454727494, 27.439335833507, 27.394200864912, 27.3945099106371)),34.0477915136658
"518",604,1119.91990458854,"1000-2000m",list(c(93.8780116944445, 93.878368614859, 93.928955830781, 93.9285783579218, 93.8780116944445, 27.394200864912, 27.439335833507, 27.4390078341936, 27.3938734943049, 27.394200864912)),31.3140231788079
"519",605,952.461463199091,"0-1000m",list(c(93.9285783579218, 93.928955830781, 93.9795421658368, 93.979144142067, 93.9285783579218, 27.3938734943049, 27.4390078341936, 27.4386614759774, 27.3935277999812, 27.3938734943049)),34.16301599379
"520",606,1098.02416671898,"1000-2000m",list(c(93.979144142067, 93.9795421658368, 94.0301275720786, 94.0297089990158, 93.979144142067, 27.3935277999812, 27.4386614759774, 27.438296760092, 27.3931637831716, 27.3935277999812)),32.6426948330481
"521",607,514.692711113903,"0-1000m",list(c(94.0297089990158, 94.0301275720786, 94.0807120015638, 94.0802728809091, 94.0297089990158, 27.3931637831716, 27.438296760092, 27.4379136878363, 27.3927814451717, 27.3931637831716)),31.5152868054912
"522",611,299.788595321342,"0-1000m",list(c(96.0005057938281, 96.0017236407779, 96.0522326684519, 96.0509944050368, 96.0005057938281, 27.364695988546, 27.4097743084795, 27.4086770455721, 27.3636008277514, 27.364695988546)),22.6009420157023
"523",612,483.217396793334,"0-1000m",list(c(96.0509944050368, 96.0522326684519, 96.1027388091274, 96.1014801342603, 96.0509944050368, 27.3636008277514, 27.4086770455721, 27.4075615316204, 27.3624874508359, 27.3636008277514)),29.4135197921443
"524",613,238.358138221078,"0-1000m",list(c(96.1014801342603, 96.1027388091274, 96.1532420153124, 96.1519629340886, 96.1014801342603, 27.3624874508359, 27.4075615316204, 27.4064277705849, 27.3613558617501, 27.3624874508359)),23.5442924853446
"525",614,346.927405687025,"0-1000m",list(c(96.1519629340886, 96.1532420153124, 96.2037422395315, 96.2024427571282, 96.1519629340886, 27.3613558617501, 27.4064277705849, 27.4052757664901, 27.3602060645089, 27.3613558617501)),30.611241232083
"526",615,636.205687413205,"0-1000m",list(c(96.2024427571282, 96.2037422395315, 96.2542394343261, 96.2529195560022, 96.2024427571282, 27.3602060645089, 27.4052757664901, 27.4041055234249, 27.3590380631911, 27.3602060645089)),32.964824687683
"527",616,800.367020274936,"0-1000m",list(c(96.2529195560022, 96.2542394343261, 96.3047335522548, 96.3033932833512, 96.2529195560022, 27.3590380631911, 27.4041055234249, 27.4029170455424, 27.3578518619398, 27.3590380631911)),34.7391169078353
"528",617,1015.32342602473,"1000-2000m",list(c(96.3033932833512, 96.3047335522548, 96.3552245458939, 96.3538638918329, 96.3033932833512, 27.3578518619398, 27.4029170455424, 27.4017103370599, 27.3566474649618, 27.3578518619398)),38.8639279602464
"529",618,1341.23526069941,"1000-2000m",list(c(96.3538638918329, 96.3552245458939, 96.405712367837, 96.4043313341227, 96.3538638918329, 27.3566474649618, 27.4017103370599, 27.4004854022589, 27.3554248765284, 27.3566474649618)),38.9605894958076
"530",619,1045.09581947147,"1000-2000m",list(c(96.4043313341227, 96.405712367837, 96.4561969706958, 96.4547955629139, 96.4043313341227, 27.3554248765284, 27.4004854022589, 27.3992422454847, 27.3541841009744, 27.3554248765284)),38.6402975375049
"531",620,1243.64613018643,"1000-2000m",list(c(96.4547955629139, 96.4561969706958, 96.5066783071004, 96.505256530918, 96.4547955629139, 27.3541841009744, 27.3992422454847, 27.3979808711472, 27.3529251426986, 27.3541841009744)),39.1731624187205
"532",621,1272.57792576695,"1000-2000m",list(c(96.505256530918, 96.5066783071004, 96.5571563296992, 96.5557141908649, 96.505256530918, 27.3529251426986, 27.3979808711472, 27.3967012837199, 27.351648006164, 27.3529251426986)),40.4550043027422
"533",622,1510.41300407793,"1000-2000m",list(c(96.5557141908649, 96.5571563296992, 96.6076309911593, 96.6061684955032, 96.5557141908649, 27.351648006164, 27.3967012837199, 27.3954034877405, 27.3503526958969, 27.351648006164)),40.9478161080913
"534",623,1752.59330409194,"1000-2000m",list(c(96.6061684955032, 96.6076309911593, 96.6581022441671, 96.6566193976005, 96.6061684955032, 27.3503526958969, 27.3954034877405, 27.3940874878105, 27.3490392164879, 27.3503526958969)),39.2353330294859
"535",624,1867.4009365118,"1000-2000m",list(c(96.6566193976005, 96.6581022441671, 96.7085700414278, 96.7070668499434, 96.6566193976005, 27.3490392164879, 27.3940874878105, 27.3927532885954, 27.3477075725911, 27.3490392164879)),39.3668529618727
"536",626,1266.68707451489,"1000-2000m",list(c(96.7575108053383, 96.7590343356667, 96.8094950796286, 96.807951216611, 96.7575108053383, 27.3463577689242, 27.3914008948247, 27.3900303112914, 27.3449898102688, 27.3463577689242)),37.4662724648477
"537",627,1210.6752557906,"1000-2000m",list(c(96.807951216611, 96.8094950796286, 96.8599522260783, 96.8583880366076, 96.807951216611, 27.3449898102688, 27.3900303112914, 27.3886415428525, 27.3436037014701, 27.3449898102688)),38.0693353072342
"538",628,1720.24402109095,"1000-2000m",list(c(96.8583880366076, 96.8599522260783, 96.9104057278011, 96.9088212181943, 96.8583880366076, 27.3436037014701, 27.3886415428525, 27.3872345944286, 27.3421994474366, 27.3436037014701)),39.785662807494
"539",629,2356.60872995834,"2000-2500m",list(c(96.9088212181943, 96.9104057278011, 96.9608555376028, 96.9592507142579, 96.9088212181943, 27.3421994474366, 27.3872345944286, 27.3858094710041, 27.3407770531406, 27.3421994474366)),36.7149659261322
"540",631,2401.16828824305,"2000-2500m",list(c(92.2088103345999, 92.2084879599843, 92.259097931381, 92.2593997018399, 92.2088103345999, 27.4398562445295, 27.484991914681, 27.4852705566568, 27.4401343529987, 27.4398562445295)),34.3556047539623
"541",632,2270.88817400038,"2000-2500m",list(c(92.3099897716718, 92.3097086065974, 92.3603199375806, 92.3605804961264, 92.3099897716718, 27.4403940985525, 27.4855308004932, 27.4857726452627, 27.4406354802656, 27.4403940985525)),29.4268294888372
"542",633,2038.88084017353,"2000-2500m",list(c(92.411171827231, 92.4109318762738, 92.4615443746171, 92.4617637170093, 92.411171827231, 27.4408584972781, 27.4859960901033, 27.4862011342186, 27.4410631487955, 27.4408584972781)),37.2274299743332
"543",634,1923.27747787333,"1000-2000m",list(c(92.4617637170093, 92.4615443746171, 92.5121573845472, 92.5123561174818, 92.4617637170093, 27.4410631487955, 27.4862011342186, 27.4863877768777, 27.4412494340887, 27.4410631487955)),34.8591524160775
"544",635,1882.03498642364,"1000-2000m",list(c(92.5123561174818, 92.5121573845472, 92.5627708579977, 92.5629489806661, 92.5123561174818, 27.4412494340887, 27.4863877768777, 27.4865560174154, 27.4414173524942, 27.4412494340887)),33.783653650743
"545",636,2328.5712133576,"2000-2500m",list(c(92.6135422585773, 92.6133847468998, 92.6639990031823, 92.6641359032278, 92.6135422585773, 27.4415669034137, 27.486705855232, 27.4868372897933, 27.4416980863143, 27.4415669034137)),34.0900256285605
"546",637,1933.45544770762,"1000-2000m",list(c(92.7147298666283, 92.7146135787718, 92.7652284255932, 92.7653241007874, 92.7147298666283, 27.4418109007287, 27.4869503206308, 27.4870449473417, 27.441905346255, 27.4418109007287)),33.4587165284405
"547",638,1263.85346180403,"1000-2000m",list(c(92.7653241007874, 92.7652284255932, 92.8158434955698, 92.8159185577123, 92.7653241007874, 27.441905346255, 27.4870449473417, 27.4871211695887, 27.4419814225567, 27.441905346255)),33.0740771146321
"548",639,1757.02009924784,"1000-2000m",list(c(92.8159185577123, 92.8158434955698, 92.8664587406235, 92.8665131894089, 92.8159185577123, 27.4419814225567, 27.4871211695887, 27.4871789870999, 27.4420391293627, 27.4419814225567)),39.2403140867481
"549",640,1466.73561998689,"1000-2000m",list(c(92.8665131894089, 92.8664587406235, 92.9170741126755, 92.9171079478822, 92.8665131894089, 27.4420391293627, 27.4871789870999, 27.4872183996693, 27.4420784664674, 27.4420391293627)),36.1403896131659
"550",641,1657.01798380516,"1000-2000m",list(c(92.9171079478822, 92.9170741126755, 92.9676895636458, 92.9677027851362, 92.9171079478822, 27.4420784664674, 27.4872183996693, 27.4872394071564, 27.4420994337307, 27.4420784664674)),35.3400340519054
"551",642,1222.14422146625,"1000-2000m",list(c(92.9677027851362, 92.9676895636458, 93.0183050454545, 93.0182976531747, 92.9677027851362, 27.4420994337307, 27.4872394071564, 27.4872420094864, 27.4421020310778, 27.4420994337307)),27.664755086499
"552",643,857.864298867077,"0-1000m",list(c(93.0182976531747, 93.0183050454545, 93.0689205100212, 93.0688925040013, 93.0182976531747, 27.4421020310778, 27.4872420094864, 27.4872262066499, 27.4420862584996, 27.4421020310778)),22.9137524406931
"553",644,1206.78924737932,"1000-2000m",list(c(93.0688925040013, 93.0689205100212, 93.1195359092656, 93.1194872896195, 93.0688925040013, 27.4420862584996, 27.4872262066499, 27.4871919987032, 27.4420521160522, 27.4420862584996)),25.9629238320261
"554",645,1345.22068599607,"1000-2000m",list(c(93.1194872896195, 93.1195359092656, 93.1701511951078, 93.1700819620335, 93.1194872896195, 27.4420521160522, 27.4871919987032, 27.4871393857684, 27.4419996038572, 27.4420521160522)),26.4625510131134
"555",646,1825.31843575419,"1000-2000m",list(c(93.1700819620335, 93.1701511951078, 93.2207663194687, 93.2206764732478, 93.1700819620335, 27.4419996038572, 27.4871393857684, 27.4870683680329, 27.4419287221018, 27.4419996038572)),32.4428227133987
"556",647,2095.73212604356,"2000-2500m",list(c(93.2206764732478, 93.2207663194687, 93.2713812342699, 93.2712707752681, 93.2206764732478, 27.4419287221018, 27.4870683680329, 27.48697894575, 27.4418394710385, 27.4419287221018)),36.2007119072224
"557",648,2095.23223370057,"2000-2500m",list(c(93.4230519462402, 93.4232242405521, 93.4738378363598, 93.4736449315682, 93.4230519462402, 27.4414615055082, 27.486600255132, 27.4864372185028, 27.4412987810475, 27.4414615055082)),36.0021545703543
"558",649,1667.27459042119,"1000-2000m",list(c(93.4736449315682, 93.4738378363598, 93.5244509822397, 93.5242374677534, 93.4736449315682, 27.4412987810475, 27.4864372185028, 27.486255779576, 27.4411176895232, 27.4412987810475)),33.061147597544
"559",650,1452.0181954371,"1000-2000m",list(c(93.5242374677534, 93.5244509822397, 93.5750636301249, 93.5748295068127, 93.5242374677534, 27.4411176895232, 27.486255779576, 27.4860559389982, 27.4409182315805, 27.4411176895232)),30.2356349795089
"560",651,1105.28145188977,"1000-2000m",list(c(93.5748295068127, 93.5750636301249, 93.6256757319512, 93.6254210007658, 93.5748295068127, 27.4409182315805, 27.4860559389982, 27.4858376974818, 27.4407004079299, 27.4409182315805)),28.2413127295726
"561",652,949.856537568263,"0-1000m",list(c(93.6254210007658, 93.6256757319512, 93.6762872396576, 93.6760119016354, 93.6254210007658, 27.4407004079299, 27.4858376974818, 27.4856010558046, 27.4404642193474, 27.4407004079299)),24.6630426844853
"562",653,897.678942604788,"0-1000m",list(c(93.6760119016354, 93.6762872396576, 93.7268981051864, 93.7266021614477, 93.6760119016354, 27.4404642193474, 27.4856010558046, 27.4853460148101, 27.4402096666744, 27.4404642193474)),22.6293489084525
"563",654,1134.98970069598,"1000-2000m",list(c(93.7266021614477, 93.7268981051864, 93.7775082804837, 93.7771917322326, 93.7266021614477, 27.4402096666744, 27.4853460148101, 27.4850725754073, 27.4399367508176, 27.4402096666744)),20.6226044888912
"564",655,1334.87894670768,"1000-2000m",list(c(93.7771917322326, 93.7775082804837, 93.8281177174994, 93.8277805660237, 93.7771917322326, 27.4399367508176, 27.4850725754073, 27.4847807385707, 27.4396454727494, 27.4399367508176)),27.0169918417258
"565",656,1842.30151992759,"1000-2000m",list(c(93.8277805660237, 93.8281177174994, 93.8787263681877, 93.878368614859, 93.8277805660237, 27.4396454727494, 27.4847807385707, 27.4844705053404, 27.439335833507, 27.4396454727494)),37.941399012736
"566",657,2194.16091882276,"2000-2500m",list(c(93.878368614859, 93.8787263681877, 93.9293341845073, 93.928955830781, 93.878368614859, 27.439335833507, 27.4844705053404, 27.4841418768221, 27.4390078341936, 27.439335833507)),31.5515996168582
"567",658,1742.04092649551,"1000-2000m",list(c(93.928955830781, 93.9293341845073, 93.9799411184215, 93.9795421658368, 93.928955830781, 27.4390078341936, 27.4841418768221, 27.4837948541868, 27.4386614759774, 27.4390078341936)),32.8533414324246
"568",659,1446.75262944353,"1000-2000m",list(c(93.9795421658368, 93.9799411184215, 94.0305471218988, 94.0301275720786, 93.9795421658368, 27.4386614759774, 27.4837948541868, 27.4834294386712, 27.438296760092, 27.4386614759774)),36.2572322274882
"569",660,1022.88839299647,"1000-2000m",list(c(94.0301275720786, 94.0305471218988, 94.0811521469131, 94.0807120015638, 94.0301275720786, 27.438296760092, 27.4834294386712, 27.4830456315774, 27.4379136878363, 27.438296760092)),36.9297753480823
"570",661,563.969437691409,"0-1000m",list(c(94.0807120015638, 94.0811521469131, 94.1317561454435, 94.1312954063556, 94.0807120015638, 27.4379136878363, 27.4830456315774, 27.4826434342731, 27.4375122605747, 27.4379136878363)),35.2981663908937
"571",664,154.796876768134,"0-1000m",list(c(95.8501797109293, 95.8513389760946, 95.9018768582188, 95.9006971144841, 95.8501797109293, 27.4129565522994, 27.4580406321506, 27.4569961466284, 27.4119140656426, 27.4129565522994)),14.3734713710679
"572",666,167.917864260988,"0-1000m",list(c(95.9512117736138, 95.952411991135, 96.0029443272204, 96.0017236407779, 95.9512117736138, 27.4108533164469, 27.4559333635887, 27.4548522868078, 27.4097743084795, 27.4108533164469)),15.7386621175543
"573",667,178.569926032271,"0-1000m",list(c(96.0017236407779, 96.0029443272204, 96.0534738188682, 96.0522326684519, 96.0017236407779, 27.4097743084795, 27.4548522868078, 27.4537529201267, 27.4086770455721, 27.4097743084795)),16.2211764196435
"574",668,225.893258426966,"0-1000m",list(c(96.0522326684519, 96.0534738188682, 96.1040004184878, 96.1027388091274, 96.0522326684519, 27.4086770455721, 27.4537529201267, 27.4526352674509, 27.4075615316204, 27.4086770455721)),20.159206184307
"575",669,231.733404076028,"0-1000m",list(c(96.1027388091274, 96.1040004184878, 96.154524078505, 96.1532420153124, 96.1027388091274, 27.4075615316204, 27.4526352674509, 27.4514993327502, 27.4064277705849, 27.4075615316204)),21.1016819291819
"576",670,291.965325676477,"0-1000m",list(c(96.1532420153124, 96.154524078505, 96.2050447513621, 96.2037422395315, 96.1532420153124, 27.4064277705849, 27.4514993327502, 27.4503451200591, 27.4052757664901, 27.4064277705849)),28.6049050391732
"577",671,458.012303056933,"0-1000m",list(c(96.2037422395315, 96.2050447513621, 96.2555623895186, 96.2542394343261, 96.2037422395315, 27.4052757664901, 27.4503451200591, 27.4491726334765, 27.4041055234249, 27.4052757664901)),35.3470951928002
"578",672,891.803907493524,"0-1000m",list(c(96.2542394343261, 96.2555623895186, 96.3060769454512, 96.3047335522548, 96.2542394343261, 27.4041055234249, 27.4491726334765, 27.4479818771656, 27.4029170455424, 27.4041055234249)),37.2796068076907
"579",673,1209.5548828064,"1000-2000m",list(c(96.3047335522548, 96.3060769454512, 96.3565883716538, 96.3552245458939, 96.3047335522548, 27.4029170455424, 27.4479818771656, 27.446772855354, 27.4017103370599, 27.4029170455424)),39.6315591228269
"580",674,1146.36993911242,"1000-2000m",list(c(96.3552245458939, 96.3565883716538, 96.4070966206385, 96.405712367837, 96.3552245458939, 27.4017103370599, 27.446772855354, 27.4455455723335, 27.4004854022589, 27.4017103370599)),39.6943306990511
"581",675,1092.5430854218,"1000-2000m",list(c(96.405712367837, 96.4070966206385, 96.4576016449351, 96.4561969706958, 96.405712367837, 27.4004854022589, 27.4455455723335, 27.4443000324604, 27.3992422454847, 27.4004854022589)),39.9509064181235
"582",676,1448.52791735589,"1000-2000m",list(c(96.4561969706958, 96.4576016449351, 96.5081033970918, 96.5066783071004, 96.4561969706958, 27.3992422454847, 27.4443000324604, 27.4430362401549, 27.3979808711472, 27.3992422454847)),39.9234710995882
"583",677,1337.42454962024,"1000-2000m",list(c(96.5066783071004, 96.5081033970918, 96.5586018296753, 96.5571563296992, 96.5066783071004, 27.3979808711472, 27.4430362401549, 27.4417541999017, 27.3967012837199, 27.3979808711472)),39.1382470253881
"584",678,1313.12499609875,"1000-2000m",list(c(96.5571563296992, 96.5586018296753, 96.6090968952711, 96.6076309911593, 96.5571563296992, 27.3967012837199, 27.4417541999017, 27.4404539162494, 27.3954034877405, 27.3967012837199)),40.5188849332369
"585",679,1408.63552947786,"1000-2000m",list(c(96.6076309911593, 96.6090968952711, 96.6595885464838, 96.6581022441671, 96.6076309911593, 27.3954034877405, 27.4404539162494, 27.4391353938109, 27.3940874878105, 27.3954034877405)),40.0095712027923
"586",680,1350.1545100747,"1000-2000m",list(c(96.6581022441671, 96.6595885464838, 96.7100767359375, 96.7085700414278, 96.6581022441671, 27.3940874878105, 27.4391353938109, 27.437798637263, 27.3927532885954, 27.3940874878105)),41.1684210847677
"587",681,1150.46921132299,"1000-2000m",list(c(96.7085700414278, 96.7100767359375, 96.7605614162756, 96.7590343356667, 96.7085700414278, 27.3927532885954, 27.437798637263, 27.4364436513467, 27.3914008948247, 27.3927532885954)),38.3669193549868
"588",682,1130.12033142929,"1000-2000m",list(c(96.7590343356667, 96.7605614162756, 96.8110425401617, 96.8094950796286, 96.7590343356667, 27.3914008948247, 27.4364436513467, 27.4350704408667, 27.3900303112914, 27.3914008948247)),37.0044413162279
"589",683,1582.29040916326,"1000-2000m",list(c(96.8094950796286, 96.8110425401617, 96.8615200602793, 96.8599522260783, 96.8094950796286, 27.3900303112914, 27.4350704408667, 27.4336790106918, 27.3886415428525, 27.3900303112914)),38.1060695146226
"590",684,2457.6987297525,"2000-2500m",list(c(96.8599522260783, 96.8615200602793, 96.9119939293324, 96.9104057278011, 96.8599522260783, 27.3886415428525, 27.4336790106918, 27.4322693657548, 27.3872345944286, 27.3886415428525)),34.5855608848898
"591",686,1517.05982115325,"1000-2000m",list(c(91.6518384652761, 91.6512882698557, 91.7019079622018, 91.7024375245104, 91.6518384652761, 27.4807129066131, 27.5258400814098, 27.5263219444693, 27.4811938481664, 27.4807129066131)),24.6405553572573
"592",687,1683.20626434897,"1000-2000m",list(c(91.7024375245104, 91.7019079622018, 91.7525288887795, 91.7530378158207, 91.7024375245104, 27.4811938481664, 27.5263219444693, 27.5267853886994, 27.4816564061068, 27.4811938481664)),23.5507937088738
"593",688,2374.16929257423,"2000-2500m",list(c(91.7530378158207, 91.7525288887795, 91.8031510015112, 91.8036392912135, 91.7530378158207, 27.4816564061068, 27.5267853886994, 27.5272304124484, 27.4821005787864, 27.4816564061068)),32.3891347239297
"594",689,2370.0299102379,"2000-2500m",list(c(92.4615443746171, 92.4613245206378, 92.5119581880916, 92.5121573845472, 92.4615443746171, 27.4862011342186, 27.5313388251807, 27.5315258254898, 27.4863877768777, 27.4862011342186)),34.7133046449676
"595",690,2116.82291439094,"2000-2500m",list(c(92.5121573845472, 92.5119581880916, 92.5625923198772, 92.5627708579977, 92.5121573845472, 27.4863877768777, 27.5315258254898, 27.5316943884158, 27.4865560174154, 27.4863877768777)),37.1845576118646
"596",691,2485.55915857807,"2000-2500m",list(c(92.5627708579977, 92.5625923198772, 92.6132268678416, 92.6133847468998, 92.5627708579977, 27.4865560174154, 27.5316943884158, 27.5318445133575, 27.486705855232, 27.4865560174154)),35.3426113213038
"597",692,2472.90764957398,"2000-2500m",list(c(92.6639990031823, 92.6638617838295, 92.7144970196833, 92.7146135787718, 92.6639990031823, 27.4868372897933, 27.5319761997796, 27.5320894472123, 27.4869503206308, 27.4868372897933)),37.3492026546724
"598",693,1938.01875721732,"1000-2000m",list(c(92.7146135787718, 92.7144970196833, 92.7651325272437, 92.7652284255932, 92.7146135787718, 27.4869503206308, 27.5320894472123, 27.5321842552519, 27.4870449473417, 27.4869503206308)),32.5258900797544
"599",694,1278.63712259117,"1000-2000m",list(c(92.7652284255932, 92.7651325272437, 92.81576825835, 92.8158434955698, 92.7652284255932, 27.4870449473417, 27.5321842552519, 27.5322606235601, 27.4871211695887, 27.4870449473417)),33.3978726935228
"600",695,1239.7261633532,"1000-2000m",list(c(92.8158434955698, 92.81576825835, 92.8664041648398, 92.8664587406235, 92.8158434955698, 27.4871211695887, 27.5322606235601, 27.5323185518645, 27.4871789870999, 27.4871211695887)),33.6104617647334
"601",696,1135.3389719422,"1000-2000m",list(c(92.8664587406235, 92.8664041648398, 92.9170401985502, 92.9170741126755, 92.8664587406235, 27.4871789870999, 27.5323185518645, 27.5323580399586, 27.4872183996693, 27.4871789870999)),30.2199616111182
"602",697,878.178519866926,"0-1000m",list(c(92.9170741126755, 92.9170401985502, 92.9676763113172, 92.9676895636458, 92.9170741126755, 27.4872183996693, 27.5323580399586, 27.5323790877016, 27.4872394071564, 27.4872183996693)),27.3775870695336
"603",698,851.173995817858,"0-1000m",list(c(92.9676895636458, 92.9676763113172, 93.0183124549764, 93.0183050454545, 92.9676895636458, 27.4872394071564, 27.5323790877016, 27.5323816950183, 27.4872420094864, 27.4872394071564)),23.6879410683656
"604",699,1031.83377547517,"1000-2000m",list(c(93.0183050454545, 93.0183124549764, 93.0689485813635, 93.0689205100212, 93.0183050454545, 27.4872420094864, 27.5323816950183, 27.5323658618994, 27.4872262066499, 27.4872420094864)),22.3442717416491
"605",700,1129.98948590798,"1000-2000m",list(c(93.0689205100212, 93.0689485813635, 93.1195846423139, 93.1195359092656, 93.0689205100212, 27.4872262066499, 27.5323658618994, 27.5323315884015, 27.4871919987032, 27.4872262066499)),26.6574054941048
"606",701,1587.93161886333,"1000-2000m",list(c(93.1195359092656, 93.1195846423139, 93.1702205896636, 93.1701511951078, 93.1195359092656, 27.4871919987032, 27.5323315884015, 27.5322788746467, 27.4871393857684, 27.4871919987032)),33.9606979230535
"607",702,2281.21091726226,"2000-2500m",list(c(93.1701511951078, 93.1702205896636, 93.2208563752494, 93.2207663194687, 93.1701511951078, 27.4871393857684, 27.5322788746467, 27.5322077208231, 27.4870683680329, 27.4871393857684)),35.5716372357475
"608",703,2075.48444180893,"2000-2500m",list(c(93.3726102428864, 93.3727622798041, 93.4233969367226, 93.4232242405521, 93.3726102428864, 27.4867448888824, 27.5318836218059, 27.5317387109024, 27.486600255132, 27.4867448888824)),36.4343824634528
"609",704,1723.60082394432,"1000-2000m",list(c(93.4232242405521, 93.4233969367226, 93.4740311910794, 93.4738378363598, 93.4232242405521, 27.486600255132, 27.5317387109024, 27.5315753618566, 27.4864372185028, 27.486600255132)),32.1156930480258
"610",705,1410.45091331367,"1000-2000m",list(c(93.4738378363598, 93.4740311910794, 93.5246649947211, 93.5244509822397, 93.4738378363598, 27.4864372185028, 27.5315753618566, 27.531393575251, 27.486255779576, 27.4864372185028)),28.8148569170681
"611",706,1440.25030429762,"1000-2000m",list(c(93.5244509822397, 93.5246649947211, 93.5752982994964, 93.5750636301249, 93.5244509822397, 27.486255779576, 27.531393575251, 27.531193351734, 27.4860559389982, 27.486255779576)),27.6139102236939
"612",707,1521.93027683281,"1000-2000m",list(c(93.5750636301249, 93.5752982994964, 93.6259310572571, 93.6256757319512, 93.5750636301249, 27.4860559389982, 27.531193351734, 27.5309746920196, 27.4858376974818, 27.4860559389982)),31.3907550303242
"613",708,1118.84552131065,"1000-2000m",list(c(93.6256757319512, 93.6259310572571, 93.676563219858, 93.6762872396576, 93.6256757319512, 27.4858376974818, 27.5309746920196, 27.5307375968876, 27.4856010558046, 27.4858376974818)),25.1132317610924
"614",709,1347.76139945695,"1000-2000m",list(c(93.6762872396576, 93.676563219858, 93.7271947391573, 93.7268981051864, 93.6762872396576, 27.4856010558046, 27.5307375968876, 27.5304820671835, 27.4853460148101, 27.4856010558046)),25.2035706357629
"615",710,1226.04481757748,"1000-2000m",list(c(93.7268981051864, 93.7271947391573, 93.7778255670172, 93.7775082804837, 93.7268981051864, 27.4853460148101, 27.5304820671835, 27.5302081038185, 27.4850725754073, 27.4853460148101)),21.8251323042325
"616",711,1566.2119138786,"1000-2000m",list(c(93.7775082804837, 93.7778255670172, 93.8284556553033, 93.8281177174994, 93.7775082804837, 27.4850725754073, 27.5302081038185, 27.5299157077696, 27.4847807385707, 27.4850725754073)),26.3993516277796
"617",712,1735.84947411129,"1000-2000m",list(c(93.8281177174994, 93.8284556553033, 93.879084955886, 93.8787263681877, 93.8281177174994, 27.4847807385707, 27.5299157077696, 27.5296048800793, 27.4844705053404, 27.4847807385707)),32.4978051270764
"618",713,2297.40054929621,"2000-2500m",list(c(93.8787263681877, 93.879084955886, 93.9297134206397, 93.9293341845073, 93.8787263681877, 27.4844705053404, 27.5296048800793, 27.529275621856, 27.4841418768221, 27.4844705053404)),35.0922628959977
"619",714,2040.82687806248,"2000-2500m",list(c(93.9799411184215, 93.9803410014439, 94.0309676501831, 94.0305471218988, 93.9799411184215, 27.4837948541868, 27.5289279342737, 27.528561818572, 27.4834294386712, 27.4837948541868)),35.3464621993556
"620",715,1140.44202740239,"1000-2000m",list(c(94.0305471218988, 94.0309676501831, 94.081593318747, 94.0811521469131, 94.0305471218988, 27.4834294386712, 27.528561818572, 27.5281772760563, 27.4830456315774, 27.4834294386712)),35.2464742390421
"621",716,773.296466009667,"0-1000m",list(c(94.0811521469131, 94.081593318747, 94.132217959031, 94.1317561454435, 94.0811521469131, 27.4830456315774, 27.5281772760563, 27.5277743080975, 27.4826434342731, 27.4830456315774)),39.5448528200089
"622",717,563.986946011281,"0-1000m",list(c(94.1317561454435, 94.132217959031, 94.1828415229365, 94.1823590694755, 94.1317561454435, 27.4826434342731, 27.5277743080975, 27.5273529161321, 27.4822228481913, 27.4826434342731)),35.6385118073345
"623",718,365.525203159629,"0-1000m",list(c(94.1823590694755, 94.1828415229365, 94.2334639623708, 94.2329608710003, 94.1823590694755, 27.4822228481913, 27.5273529161321, 27.5269131016625, 27.4817838748306, 27.4822228481913)),25.1101379514922
"624",720,157.390112661846,"0-1000m",list(c(95.8513389760946, 95.8525009428323, 95.9030593511642, 95.9018768582188, 95.8513389760946, 27.4580406321506, 27.5031243747709, 27.5020778888004, 27.4569961466284, 27.4580406321506)),14.6847130352424
"625",721,163.084646287113,"0-1000m",list(c(95.9018768582188, 95.9030593511642, 95.9536150054896, 95.952411991135, 95.9018768582188, 27.4569961466284, 27.5020778888004, 27.5010130703062, 27.4559333635887, 27.4569961466284)),14.8792250467244
"626",722,168.2366655223,"0-1000m",list(c(95.952411991135, 95.9536150054896, 96.0041678581031, 96.0029443272204, 95.952411991135, 27.4559333635887, 27.5010130703062, 27.4999299230739, 27.4548522868078, 27.4559333635887)),13.2086044719524
"627",723,179.324958646734,"0-1000m",list(c(96.0029443272204, 96.0041678581031, 96.0547178613155, 96.0534738188682, 96.0029443272204, 27.4548522868078, 27.4999299230739, 27.4988284509539, 27.4537529201267, 27.4548522868078)),13.0336314146455
"628",724,193.187527462181,"0-1000m",list(c(96.0534738188682, 96.0547178613155, 96.1052649674535, 96.1040004184878, 96.0534738188682, 27.4537529201267, 27.4988284509539, 27.497708657861, 27.4526352674509, 27.4537529201267)),16.2963615346507
"629",725,213.423925595331,"0-1000m",list(c(96.1040004184878, 96.1052649674535, 96.1558091288603, 96.154524078505, 96.1040004184878, 27.4526352674509, 27.497708657861, 27.496570547775, 27.4514993327502, 27.4526352674509)),17.4874643359515
"630",726,252.939983146593,"0-1000m",list(c(96.154524078505, 96.1558091288603, 96.2063502978962, 96.2050447513621, 96.154524078505, 27.4514993327502, 27.496570547775, 27.4954141247401, 27.4503451200591, 27.4514993327502)),19.8710490229157
"631",727,585.149457033457,"0-1000m",list(c(96.2050447513621, 96.2063502978962, 96.2568884269381, 96.2555623895186, 96.2050447513621, 27.4503451200591, 27.4954141247401, 27.4942393928652, 27.4491726334765, 27.4503451200591)),33.3117464393972
"632",728,703.447270684436,"0-1000m",list(c(96.2555623895186, 96.2568884269381, 96.3074234683803, 96.3060769454512, 96.2555623895186, 27.4491726334765, 27.4942393928652, 27.4930463563237, 27.4479818771656, 27.4491726334765)),34.6018294151175
"633",729,896.100277769108,"0-1000m",list(c(96.3060769454512, 96.3074234683803, 96.3579553746348, 96.3565883716538, 96.3060769454512, 27.4479818771656, 27.4930463563237, 27.4918350193534, 27.446772855354, 27.4479818771656)),40.7423299793028
"634",730,874.126451572406,"0-1000m",list(c(96.3565883716538, 96.3579553746348, 96.4084840981313, 96.4070966206385, 96.3565883716538, 27.446772855354, 27.4918350193534, 27.4906053862566, 27.4455455723335, 27.446772855354)),38.8014935327158
"635",731,600.805311944072,"0-1000m",list(c(96.4070966206385, 96.4084840981313, 96.4590095913175, 96.4576016449351, 96.4070966206385, 27.4455455723335, 27.4906053862566, 27.4893574614003, 27.4443000324604, 27.4455455723335)),39.6650531294587
"636",732,921.118441996192,"0-1000m",list(c(96.4576016449351, 96.4590095913175, 96.5095318066595, 96.5081033970918, 96.4576016449351, 27.4443000324604, 27.4893574614003, 27.4880912492155, 27.4430362401549, 27.4443000324604)),38.8975648381401
"637",733,966.992655828259,"0-1000m",list(c(96.5081033970918, 96.5095318066595, 96.5600506966422, 96.5586018296753, 96.5081033970918, 27.4430362401549, 27.4880912492155, 27.4868067541977, 27.4417541999017, 27.4430362401549)),39.1262949220366
"638",734,755.466340001873,"0-1000m",list(c(96.5586018296753, 96.5600506966422, 96.610566213769, 96.6090968952711, 96.5586018296753, 27.4417541999017, 27.4868067541977, 27.4855039809068, 27.4404539162494, 27.4417541999017)),35.5109936346963
"639",735,782.352298617397,"0-1000m",list(c(96.6090968952711, 96.610566213769, 96.6610783105629, 96.6595885464838, 96.6090968952711, 27.4404539162494, 27.4855039809068, 27.4841829339667, 27.4391353938109, 27.4404539162494)),38.5014540820244
"640",736,958.217092461239,"0-1000m",list(c(96.6595885464838, 96.6610783105629, 96.7115869395659, 96.7100767359375, 96.6595885464838, 27.4391353938109, 27.4841829339667, 27.4828436180658, 27.437798637263, 27.4391353938109)),38.5562145577915
"641",737,1456.13610686308,"1000-2000m",list(c(96.7100767359375, 96.7115869395659, 96.76209205334, 96.7605614162756, 96.7100767359375, 27.437798637263, 27.4828436180658, 27.4814860379565, 27.4364436513467, 27.437798637263)),39.5365235521424
"642",738,1945.53402171866,"1000-2000m",list(c(96.7605614162756, 96.76209205334, 96.8125936044668, 96.8110425401617, 96.7605614162756, 27.4364436513467, 27.4814860379565, 27.4801101984554, 27.4350704408667, 27.4364436513467)),39.2540627777368
"643",739,2417.7248837427,"2000-2500m",list(c(96.8110425401617, 96.8125936044668, 96.8630915455483, 96.8615200602793, 96.8110425401617, 27.4350704408667, 27.4801101984554, 27.478716104443, 27.4336790106918, 27.4350704408667)),37.5961038708549
"644",740,1773.57764735422,"1000-2000m",list(c(91.6512882698557, 91.650736792132, 91.7013771656605, 91.7019079622018, 91.6512882698557, 27.5258400814098, 27.5709669530481, 27.5714497383472, 27.5263219444693, 27.5258400814098)),23.9708615199138
"645",741,2366.59654133451,"2000-2500m",list(c(91.7019079622018, 91.7013771656605, 91.7520187755831, 91.7525288887795, 91.7019079622018, 27.5263219444693, 27.5714497383472, 27.5719140695726, 27.5267853886994, 27.5263219444693)),27.0557002610807
"646",742,2334.28244539831,"2000-2500m",list(c(91.7525288887795, 91.7520187755831, 91.802661573738, 91.8031510015112, 91.7525288887795, 27.5267853886994, 27.5719140695726, 27.5723599450683, 27.5272304124484, 27.5267853886994)),26.3898416886544
"647",743,2147.45445985814,"2000-2500m",list(c(91.8031510015112, 91.802661573738, 91.853305511957, 91.8537742523127, 91.8031510015112, 27.5272304124484, 27.5723599450683, 27.572787363244, 27.5276570141297, 27.5272304124484)),30.6519568574535
"648",744,2154.71357730212,"2000-2500m",list(c(91.8537742523127, 91.853305511957, 91.9039505420649, 91.9043985930931, 91.8537742523127, 27.5276570141297, 27.572787363244, 27.5731963225755, 27.5280651922227, 27.5276570141297)),26.6595405555063
"649",745,2417.74343517233,"2000-2500m",list(c(91.9043985930931, 91.9039505420649, 91.9545966158806, 91.9550239757555, 91.9043985930931, 27.5280651922227, 27.5731963225755, 27.5735868216038, 27.5284549452721, 27.5280651922227)),30.6210531132737
"650",746,2432.37072339351,"2000-2500m",list(c(92.4613245206378, 92.4611041541757, 92.5117585273037, 92.5119581880916, 92.4613245206378, 27.5313388251807, 27.5764762213571, 27.5766635796009, 27.5315258254898, 27.5313388251807)),35.6139104366047
"651",747,2431.26743456155,"2000-2500m",list(c(92.6638617838295, 92.6637242446104, 92.7143801888878, 92.7144970196833, 92.6638617838295, 27.5319761997796, 27.577114815951, 27.5772282801515, 27.5320894472123, 27.5319761997796)),33.7208710099139
"652",748,1735.19870064654,"1000-2000m",list(c(92.7144970196833, 92.7143801888878, 92.7650364053482, 92.7651325272437, 92.7144970196833, 27.5320894472123, 27.5772282801515, 27.5773232696641, 27.5321842552519, 27.5320894472123)),34.132006315552
"653",749,1226.15578841055,"1000-2000m",list(c(92.7651325272437, 92.7650364053482, 92.8156928457463, 92.81576825835, 92.7651325272437, 27.5321842552519, 27.5773232696641, 27.5773997841499, 27.5322606235601, 27.5321842552519)),30.9996706825105
"654",750,1513.1797125102,"1000-2000m",list(c(92.81576825835, 92.8156928457463, 92.8663494618355, 92.8664041648398, 92.81576825835, 27.5322606235601, 27.5773997841499, 27.5774578233358, 27.5323185518645, 27.5322606235601)),32.5120159206535
"655",751,1070.60338334066,"1000-2000m",list(c(92.8664041648398, 92.8663494618355, 92.9170062053682, 92.9170401985502, 92.8664041648398, 27.5323185518645, 27.5774578233358, 27.5774973870148, 27.5323580399586, 27.5323185518645)),27.2063260147269
"656",752,1092.2210895089,"1000-2000m",list(c(92.9170401985502, 92.9170062053682, 92.9676630280962, 92.9676763113172, 92.9170401985502, 27.5323580399586, 27.5774973870148, 27.5775184750456, 27.5323790877016, 27.5323580399586)),26.9638146883578
"657",753,922.620645282782,"0-1000m",list(c(92.9676763113172, 92.9676630280962, 93.0183198817705, 93.0183124549764, 92.9676763113172, 27.5323790877016, 27.5775184750456, 27.577521087353, 27.5323816950183, 27.5323790877016)),27.3352218206121
"658",754,1585.01371539765,"1000-2000m",list(c(93.0183124549764, 93.0183198817705, 93.0689767181424, 93.0689485813635, 93.0183124549764, 27.5323816950183, 27.577521087353, 27.5775052239277, 27.5323658618994, 27.5323816950183)),30.3701661495742
"659",755,1216.93406766822,"1000-2000m",list(c(93.0689485813635, 93.0689767181424, 93.1196334889629, 93.1195846423139, 93.0689485813635, 27.5323658618994, 27.5775052239277, 27.5774708848262, 27.5323315884015, 27.5323658618994)),25.4495204288788
"660",756,1348.45408323395,"1000-2000m",list(c(93.1195846423139, 93.1196334889629, 93.1702901459837, 93.1702205896636, 93.1195846423139, 27.5323315884015, 27.5774708848262, 27.5774180701712, 27.5322788746467, 27.5323315884015)),27.186949604704
"661",757,1648.35091959073,"1000-2000m",list(c(93.1702205896636, 93.1702901459837, 93.2209466409568, 93.2208563752494, 93.1702205896636, 27.5322788746467, 27.5774180701712, 27.577346780151, 27.5322077208231, 27.5322788746467)),33.4725788305409
"662",758,2074.12987627825,"2000-2500m",list(c(93.2208563752494, 93.2209466409568, 93.2716029256353, 93.2714919509086, 93.2208563752494, 27.5322077208231, 27.577346780151, 27.5772570150201, 27.5321181271844, 27.5322077208231)),36.6669537710332
"663",759,2155.4700897621,"2000-2500m",list(c(93.3727622798041, 93.3729146711277, 93.4235700354549, 93.4233969367226, 93.3727622798041, 27.5318836218059, 27.5770220607735, 27.5768768724961, 27.5317387109024, 27.5318836218059)),34.7090760956127
"664",760,1818.49902705417,"1000-2000m",list(c(93.4233969367226, 93.4235700354549, 93.4742249965148, 93.4740311910794, 93.4233969367226, 27.5317387109024, 27.5768768724961, 27.5767132107848, 27.5315753618566, 27.5317387109024)),32.7320061860619
"665",761,1743.58439590961,"1000-2000m",list(c(93.4740311910794, 93.4742249965148, 93.5248795060694, 93.5246649947211, 93.4740311910794, 27.5315753618566, 27.5767132107848, 27.5765310762236, 27.531393575251, 27.5315753618566)),31.3350575412531
"666",762,2072.24678300169,"2000-2500m",list(c(93.5246649947211, 93.5248795060694, 93.5755335158831, 93.5752982994964, 93.5246649947211, 27.531393575251, 27.5765310762236, 27.5763304694624, 27.531193351734, 27.531393575251)),32.8424358097649
"667",763,1570.25513150461,"1000-2000m",list(c(93.5752982994964, 93.5755335158831, 93.6261869777233, 93.6259310572571, 93.5752982994964, 27.531193351734, 27.5763304694624, 27.576111391217, 27.5309746920196, 27.531193351734)),30.8037484505815
"668",764,1266.25912132307,"1000-2000m",list(c(93.6259310572571, 93.6261869777233, 93.6768398433605, 93.676563219858, 93.6259310572571, 27.5309746920196, 27.576111391217, 27.575873842269, 27.5307375968876, 27.5309746920196)),26.9124786574066
"669",765,1673.16401983554,"1000-2000m",list(c(93.676563219858, 93.6768398433605, 93.7274920645685, 93.7271947391573, 93.676563219858, 27.5307375968876, 27.575873842269, 27.5756178234661, 27.5304820671835, 27.5307375968876)),28.2089709629246
"670",766,1605.59374803842,"1000-2000m",list(c(93.7271947391573, 93.7274920645685, 93.778143593125, 93.7778255670172, 93.7271947391573, 27.5304820671835, 27.5756178234661, 27.5753433357217, 27.5302081038185, 27.5304820671835)),28.3387826645184
"671",767,1676.47317257922,"1000-2000m",list(c(93.7778255670172, 93.778143593125, 93.8287943808115, 93.8284556553033, 93.7778255670172, 27.5302081038185, 27.5753433357217, 27.5750503800151, 27.5299157077696, 27.5302081038185)),27.3569484243023
"672",768,1661.7812127299,"1000-2000m",list(c(93.8284556553033, 93.8287943808115, 93.8794443794139, 93.879084955886, 93.8284556553033, 27.5299157077696, 27.5750503800151, 27.5747389573914, 27.5296048800793, 27.5299157077696)),23.6043376662664
"673",769,2097.47360492122,"2000-2500m",list(c(93.879084955886, 93.8794443794139, 93.9300935407224, 93.9297134206397, 93.879084955886, 27.5296048800793, 27.5747389573914, 27.5744090689618, 27.529275621856, 27.5296048800793)),34.6582093777904
"674",770,2413.20309935614,"2000-2500m",list(c(93.9297134206397, 93.9300935407224, 93.9807418165322, 93.9803410014439, 93.9297134206397, 27.529275621856, 27.5744090689618, 27.574060715903, 27.5289279342737, 27.529275621856)),35.2369560429187
"675",771,2241.84661979788,"2000-2500m",list(c(93.9803410014439, 93.9807418165322, 94.0313891586435, 94.0309676501831, 93.9803410014439, 27.5289279342737, 27.574060715903, 27.5736938994578, 27.528561818572, 27.5289279342737)),35.3561964146532
"676",772,1786.15629903961,"1000-2000m",list(c(94.0309676501831, 94.0313891586435, 94.0820355188617, 94.081593318747, 94.0309676501831, 27.528561818572, 27.5736938994578, 27.5733086209346, 27.5281772760563, 27.528561818572)),33.1047613946762
"677",773,909.143005933594,"0-1000m",list(c(94.081593318747, 94.0820355188617, 94.1326808489981, 94.132217959031, 94.081593318747, 27.5281772760563, 27.5733086209346, 27.5729048817077, 27.5277743080975, 27.5281772760563)),36.881137690868
"678",774,649.678488481577,"0-1000m",list(c(94.132217959031, 94.1326808489981, 94.1833251008697, 94.1828415229365, 94.132217959031, 27.5277743080975, 27.5729048817077, 27.5724826832174, 27.5273529161321, 27.5277743080975)),38.8883862063923
"679",775,500.256250789241,"0-1000m",list(c(94.1828415229365, 94.1833251008697, 94.2339682262998, 94.2334639623708, 94.1828415229365, 27.5273529161321, 27.5724826832174, 27.5720420269693, 27.5269131016625, 27.5273529161321)),34.243185840708
"680",778,160.399065774523,"0-1000m",list(c(95.9030593511642, 95.9042445981187, 95.9548208215587, 95.9536150054896, 95.9030593511642, 27.5020778888004, 27.5471592917108, 27.5460924361473, 27.5010130703062, 27.5020778888004)),14.1536218250235
"681",779,166.615780553638,"0-1000m",list(c(95.9536150054896, 95.9548208215587, 96.0053942383898, 96.0041678581031, 95.9536150054896, 27.5010130703062, 27.5460924361473, 27.5450072168212, 27.4999299230739, 27.5010130703062)),13.4124656729853
"682",780,175.683007971879,"0-1000m",list(c(96.0041678581031, 96.0053942383898, 96.0559648008399, 96.0547178613155, 96.0041678581031, 27.4999299230739, 27.5450072168212, 27.5439036375923, 27.4988284509539, 27.4999299230739)),11.6442421612388
"683",781,192.338151748517,"0-1000m",list(c(96.0547178613155, 96.0559648008399, 96.106532461153, 96.1052649674535, 96.0547178613155, 27.4988284509539, 27.5439036375923, 27.542781702385, 27.497708657861, 27.4988284509539)),11.5964118295133
"684",782,218.104324901136,"0-1000m",list(c(96.1052649674535, 96.106532461153, 96.1570971715896, 96.1558091288603, 96.1052649674535, 27.497708657861, 27.542781702385, 27.5416414151888, 27.496570547775, 27.497708657861)),14.2231714268302
"685",783,282.170610758898,"0-1000m",list(c(96.1558091288603, 96.1570971715896, 96.2076588844271, 96.2063502978962, 96.1558091288603, 27.496570547775, 27.5416414151888, 27.5404827800577, 27.4954141247401, 27.496570547775)),20.7565071398783
"686",784,377.538126499179,"0-1000m",list(c(96.2063502978962, 96.2076588844271, 96.2582175519601, 96.2568884269381, 96.2063502978962, 27.4954141247401, 27.5404827800577, 27.5393058011107, 27.4942393928652, 27.4954141247401)),31.3684927202263
"687",785,351.950913313665,"0-1000m",list(c(96.2568884269381, 96.2582175519601, 96.3087731265001, 96.3074234683803, 96.2568884269381, 27.4942393928652, 27.5393058011107, 27.5381104825313, 27.4930463563237, 27.4942393928652)),20.7128352298101
"688",786,360.722019961082,"0-1000m",list(c(96.3074234683803, 96.3087731265001, 96.3593255603768, 96.3579553746348, 96.3074234683803, 27.4930463563237, 27.5381104825313, 27.5368968285676, 27.4918350193534, 27.4930463563237)),21.5102443190257
"689",787,443.876372932711,"0-1000m",list(c(96.3579553746348, 96.3593255603768, 96.4098748059373, 96.4084840981313, 96.3579553746348, 27.4918350193534, 27.5368968285676, 27.5356648435327, 27.4906053862566, 27.4918350193534)),27.9364141859361
"690",788,703.560322641391,"0-1000m",list(c(96.4084840981313, 96.4098748059373, 96.460420815547, 96.4590095913175, 96.4084840981313, 27.4906053862566, 27.5356648435327, 27.5344145318038, 27.4893574614003, 27.4906053862566)),40.2661586732407
"691",789,578.697947398154,"0-1000m",list(c(96.4590095913175, 96.460420815547, 96.5109635415897, 96.5095318066595, 96.4590095913175, 27.4893574614003, 27.5344145318038, 27.533145897823, 27.4880912492155, 27.4893574614003)),35.8446083781607
"692",790,621.015591465724,"0-1000m",list(c(96.5095318066595, 96.5109635415897, 96.561502936468, 96.5600506966422, 96.5095318066595, 27.4880912492155, 27.533145897823, 27.5318589460967, 27.4868067541977, 27.4880912492155)),34.8601404364739
"693",791,828.55159751428,"0-1000m",list(c(96.5600506966422, 96.561502936468, 96.6120389526033, 96.610566213769, 96.5600506966422, 27.4868067541977, 27.5318589460967, 27.5305536811958, 27.4855039809068, 27.4868067541977)),39.5648241573667
"694",792,1354.77948653569,"1000-2000m",list(c(96.610566213769, 96.6120389526033, 96.6625715424361, 96.6610783105629, 96.610566213769, 27.4855039809068, 27.5305536811958, 27.5292301077557, 27.4841829339667, 27.4855039809068)),39.2382621844333
"695",793,1718.41939149097,"1000-2000m",list(c(96.6610783105629, 96.6625715424361, 96.7131006584267, 96.7115869395659, 96.6610783105629, 27.4841829339667, 27.5292301077557, 27.527888230476, 27.4828436180658, 27.4841829339667)),40.3167667774492
"696",794,2070.05724687716,"2000-2500m",list(c(96.7115869395659, 96.7131006584267, 96.7636262530549, 96.76209205334, 96.7115869395659, 27.4828436180658, 27.527888230476, 27.5265280541207, 27.4814860379565, 27.4828436180658)),41.0192817891841
"697",795,2384.64158565838,"2000-2500m",list(c(96.76209205334, 96.7636262530549, 96.8141482788204, 96.8125936044668, 96.76209205334, 27.4814860379565, 27.5265280541207, 27.5251495835183, 27.4801101984554, 27.4814860379565)),36.5327124979922
"698",796,2392.22390308204,"2000-2500m",list(c(96.8125936044668, 96.8141482788204, 96.8646666882435, 96.8630915455483, 96.8125936044668, 27.4801101984554, 27.5251495835183, 27.5237528235611, 27.478716104443, 27.4801101984554)),34.2921857447058
"699",797,1970.16422708405,"1000-2000m",list(c(91.650736792132, 91.6501840298584, 91.7008451327239, 91.7013771656605, 91.650736792132, 27.5709669530481, 27.6160935211808, 27.6165772294549, 27.5714497383472, 27.5709669530481)),28.7024406552992
"700",798,2429.79643462432,"2000-2500m",list(c(92.6130686207596, 92.6129100050087, 92.6635863849643, 92.6637242446104, 92.6130686207596, 27.5769828774676, 27.6221209472401, 27.622253137986, 27.577114815951, 27.5769828774676)),35.5598697349718
"701",799,1972.04225835648,"1000-2000m",list(c(92.6637242446104, 92.6635863849643, 92.7142630859091, 92.7143801888878, 92.6637242446104, 27.577114815951, 27.622253137986, 27.6223668191272, 27.5772282801515, 27.577114815951)),37.196772589113
"702",800,1638.95586904279,"1000-2000m",list(c(92.7143801888878, 92.7142630859091, 92.7649400595148, 92.7650364053482, 92.7143801888878, 27.5772282801515, 27.6223668191272, 27.6224619902577, 27.5773232696641, 27.5772282801515)),36.0454295498288
"703",801,1570.98324022346,"1000-2000m",list(c(92.7650364053482, 92.7649400595148, 92.8156172574514, 92.8156928457463, 92.7650364053482, 27.5773232696641, 27.6224619902577, 27.6225386510378, 27.5773997841499, 27.5773232696641)),32.1103262613657
"704",802,1944.6048812459,"1000-2000m",list(c(92.8156928457463, 92.8156172574514, 92.8662946313876, 92.8663494618355, 92.8156928457463, 27.5773997841499, 27.6225386510378, 27.6225968011938, 27.5774578233358, 27.5773997841499)),34.2975520963642
"705",803,1365.31899753441,"1000-2000m",list(c(92.8663494618355, 92.8662946313876, 92.916972132991, 92.9170062053682, 92.8663494618355, 27.5774578233358, 27.6225968011938, 27.6226364405179, 27.5774973870148, 27.5774578233358)),34.1728640258928
"706",804,1234.98361684766,"1000-2000m",list(c(92.9170062053682, 92.916972132991, 92.9676497139287, 92.9676630280962, 92.9170062053682, 27.5774973870148, 27.6226364405179, 27.6226575688687, 27.5775184750456, 27.5774973870148)),31.9881386168102
"707",805,1151.81689085859,"1000-2000m",list(c(92.9676630280962, 92.9676497139287, 93.0183273258672, 93.0183198817705, 92.9676630280962, 27.5775184750456, 27.6226575688687, 27.6226601861708, 27.577521087353, 27.5775184750456)),28.1060731011859
"708",806,976.084360662901,"0-1000m",list(c(93.0183198817705, 93.0183273258672, 93.0690049204728, 93.0689767181424, 93.0183198817705, 27.577521087353, 27.6226601861708, 27.6226442924148, 27.5775052239277, 27.577521087353)),24.9045327799357
"709",807,1442.04434749859,"1000-2000m",list(c(93.0689767181424, 93.0690049204728, 93.1196824494119, 93.1196334889629, 93.0689767181424, 27.5775052239277, 27.6226442924148, 27.6226098876575, 27.5774708848262, 27.5775052239277)),30.1941998791262
"710",808,1617.65843762679,"1000-2000m",list(c(93.1196334889629, 93.1196824494119, 93.1703598643515, 93.1702901459837, 93.1196334889629, 27.5774708848262, 27.6226098876575, 27.6225569720217, 27.5774180701712, 27.5774708848262)),29.0453458517539
"711",809,2355.17146780687,"2000-2500m",list(c(93.1702901459837, 93.1703598643515, 93.2210371169589, 93.2209466409568, 93.1702901459837, 27.5774180701712, 27.6225569720217, 27.6224855456963, 27.577346780151, 27.5774180701712)),34.4609571508069
"712",810,2308.31425361256,"2000-2500m",list(c(93.3729146711277, 93.3730674174786, 93.4237435374549, 93.4235700354549, 93.3729146711277, 27.5770220607735, 27.6221602054632, 27.6220147395906, 27.5768768724961, 27.5770220607735)),34.9505923592315
"713",811,2444.3687150838,"2000-2500m",list(c(93.4235700354549, 93.4237435374549, 93.474419253456, 93.4742249965148, 93.4235700354549, 27.5768768724961, 27.6220147395906, 27.6218507649643, 27.5767132107848, 27.5768768724961)),36.0476464683652
"714",812,2371.87062959011,"2000-2500m",list(c(93.4742249965148, 93.474419253456, 93.525094517159, 93.5248795060694, 93.4742249965148, 27.5767132107848, 27.6218507649643, 27.6216682821698, 27.5765310762236, 27.5767132107848)),36.0193811048182
"715",813,2179.75197403327,"2000-2500m",list(c(93.5248795060694, 93.525094517159, 93.5757692802438, 93.5755335158831, 93.5248795060694, 27.5765310762236, 27.6216682821698, 27.6214672918586, 27.5763304694624, 27.5765310762236)),37.2009266425132
"716",814,1755.27670796792,"1000-2000m",list(c(93.5755335158831, 93.5757692802438, 93.6264434943931, 93.6261869777233, 93.5755335158831, 27.5763304694624, 27.6214672918586, 27.6212477947482, 27.576111391217, 27.5763304694624)),34.8134368713634
"717",815,1329.05062456845,"1000-2000m",list(c(93.6261869777233, 93.6264434943931, 93.6771171112927, 93.6768398433605, 93.6261869777233, 27.576111391217, 27.6212477947482, 27.6210097916222, 27.575873842269, 27.576111391217)),25.7734145929599
"718",816,1543.23622858213,"1000-2000m",list(c(93.6768398433605, 93.6771171112927, 93.7277900826318, 93.7274920645685, 93.6768398433605, 27.575873842269, 27.6210097916222, 27.6207532833302, 27.5756178234661, 27.575873842269)),31.8375781513176
"719",817,1954.54942105427,"1000-2000m",list(c(93.7274920645685, 93.7277900826318, 93.7784623601035, 93.778143593125, 93.7274920645685, 27.5756178234661, 27.6207532833302, 27.6204782707879, 27.5753433357217, 27.5756178234661)),36.051082353638
"720",818,1743.86008411274,"1000-2000m",list(c(93.778143593125, 93.7784623601035, 93.8291338954047, 93.8287943808115, 93.778143593125, 27.5753433357217, 27.6204782707879, 27.6201847549771, 27.5750503800151, 27.5753433357217)),27.2347635524067
"721",819,1687.83121625417,"1000-2000m",list(c(93.8287943808115, 93.8291338954047, 93.8798046402365, 93.8794443794139, 93.8287943808115, 27.5750503800151, 27.6201847549771, 27.6198727369454, 27.5747389573914, 27.5750503800151)),24.2306088679898
"722",820,2210.24543553572,"2000-2500m",list(c(93.8794443794139, 93.8798046402365, 93.9304745463048, 93.9300935407224, 93.8794443794139, 27.5747389573914, 27.6198727369454, 27.6195422178066, 27.5744090689618, 27.5747389573914)),36.2142373105466
"723",821,2367.45546418932,"2000-2500m",list(c(93.9300935407224, 93.9304745463048, 93.98114356532, 93.9807418165322, 93.9300935407224, 27.5744090689618, 27.6195422178066, 27.6191931987405, 27.574060715903, 27.5744090689618)),35.4233579718975
"724",822,2371.06107799382,"2000-2500m",list(c(93.9807418165322, 93.98114356532, 94.0318116489979, 94.0313891586435, 93.9807418165322, 27.574060715903, 27.6191931987405, 27.6188256809927, 27.5736938994578, 27.574060715903)),36.0853796160543
"725",823,1941.46824381262,"1000-2000m",list(c(94.0313891586435, 94.0318116489979, 94.0824787490593, 94.0820355188617, 94.0313891586435, 27.5736938994578, 27.6188256809927, 27.6184396658749, 27.5733086209346, 27.5736938994578)),36.0243119206975
"726",824,1456.16464754253,"1000-2000m",list(c(94.0820355188617, 94.0824787490593, 94.1331448172311, 94.1326808489981, 94.0820355188617, 27.5733086209346, 27.6184396658749, 27.6180351547648, 27.5729048817077, 27.5733086209346)),33.9541943243056
"727",825,813.748946662089,"0-1000m",list(c(94.1326808489981, 94.1331448172311, 94.1838098052456, 94.1833251008697, 94.1326808489981, 27.5729048817077, 27.6180351547648, 27.6176121491061, 27.5724826832174, 27.5729048817077)),32.518734624042
"728",826,439.540869565217,"0-1000m",list(c(94.1833251008697, 94.1838098052456, 94.2344736648418, 94.2339682262998, 94.1833251008697, 27.5724826832174, 27.6176121491061, 27.6171706504082, 27.5720420269693, 27.5724826832174)),34.1604820825764
"729",828,584.462183145663,"0-1000m",list(c(94.2846101771179, 94.2851363477647, 94.3357978057664, 94.3352509051605, 94.2846101771179, 27.5715829145352, 27.6167106602467, 27.6162321802629, 27.5711053475525, 27.5715829145352)),32.776263890528
"730",829,609.093419818056,"0-1000m",list(c(94.3352509051605, 94.3357978057664, 94.3864579906058, 94.385890362271, 94.3352509051605, 27.5711053475525, 27.6162321802629, 27.6157352121642, 27.5706093277243, 27.5711053475525)),33.1503567659917
"731",830,576.418085234818,"0-1000m",list(c(94.385890362271, 94.3864579906058, 94.4371168540493, 94.4365285003001, 94.385890362271, 27.5706093277243, 27.6157352121642, 27.6152197577236, 27.5700948568193, 27.5706093277243)),31.4661166926982
"732",831,417.725970719287,"0-1000m",list(c(94.4365285003001, 94.4371168540493, 94.4877743478707, 94.4871652711059, 94.4365285003001, 27.5700948568193, 27.6152197577236, 27.6146858187803, 27.5695619366723, 27.5700948568193)),27.5389871160173
"733",832,414.718919466829,"0-1000m",list(c(94.4871652711059, 94.4877743478707, 94.5384304238517, 94.5378006265545, 94.4871652711059, 27.5695619366723, 27.6146858187803, 27.6141333972389, 27.5690105691832, 27.5695619366723)),23.0488430704312
"734",835,153.629666935267,"0-1000m",list(c(95.853665615858, 95.8548329999031, 95.9054326038964, 95.9042445981187, 95.853665615858, 27.5482077797169, 27.593290846546, 27.5922403549126, 27.5471592917108, 27.5482077797169)),11.0460126190923
"735",836,158.419841817839,"0-1000m",list(c(95.9042445981187, 95.9054326038964, 95.9560294442393, 95.9548208215587, 95.9042445981187, 27.5471592917108, 27.5922403549126, 27.5911714606604, 27.5460924361473, 27.5471592917108)),15.2876344929811
"736",837,164.853749882962,"0-1000m",list(c(95.9548208215587, 95.9560294442393, 96.0066234730603, 96.0053942383898, 95.9548208215587, 27.5460924361473, 27.5911714606604, 27.5900841675935, 27.5450072168212, 27.5460924361473)),15.9143299050681
"737",838,178.991042726507,"0-1000m",list(c(96.0053942383898, 96.0066234730603, 96.0572146425041, 96.0559648008399, 96.0053942383898, 27.5450072168212, 27.5900841675935, 27.5889784795812, 27.5439036375923, 27.5450072168212)),15.8739264271129
"738",839,227.339526708932,"0-1000m",list(c(96.0559648008399, 96.0572146425041, 96.1078029047317, 96.106532461153, 96.0559648008399, 27.5439036375923, 27.5889784795812, 27.5878544005574, 27.542781702385, 27.5439036375923)),15.899683798801
"739",840,356.2425642146,"0-1000m",list(c(96.106532461153, 96.1078029047317, 96.1583882119207, 96.1570971715896, 96.106532461153, 27.542781702385, 27.5878544005574, 27.5867119345213, 27.5416414151888, 27.542781702385)),23.4174828815608
"740",841,480.523891264318,"0-1000m",list(c(96.1570971715896, 96.1583882119207, 96.2089705162656, 96.2076588844271, 96.1570971715896, 27.5416414151888, 27.5867119345213, 27.5855510855368, 27.5404827800577, 27.5416414151888)),30.7577026249364
"741",842,650.022691607558,"0-1000m",list(c(96.2076588844271, 96.2089705162656, 96.2595497699778, 96.2582175519601, 96.2076588844271, 27.5404827800577, 27.5855510855368, 27.584371857733, 27.5393058011107, 27.5404827800577)),34.4699104453979
"742",843,560.64448675135,"0-1000m",list(c(96.2582175519601, 96.2595497699778, 96.3101259252864, 96.3087731265001, 96.2582175519601, 27.5393058011107, 27.584371857733, 27.5831742553034, 27.5381104825313, 27.5393058011107)),26.1692694692475
"743",844,496.94956462033,"0-1000m",list(c(96.3087731265001, 96.3101259252864, 96.360698934438, 96.3593255603768, 96.3087731265001, 27.5381104825313, 27.5831742553034, 27.5819582825068, 27.5368968285676, 27.5381104825313)),23.3006037786429
"744",845,547.00323269098,"0-1000m",list(c(96.3593255603768, 96.360698934438, 96.4112687496972, 96.4098748059373, 96.3593255603768, 27.5368968285676, 27.5819582825068, 27.5807239436665, 27.5356648435327, 27.5368968285676)),30.3679383887008
"745",846,681.769295590025,"0-1000m",list(c(96.4098748059373, 96.4112687496972, 96.4618353233466, 96.460420815547, 96.4098748059373, 27.5356648435327, 27.5807239436665, 27.5794712431706, 27.5344145318038, 27.5356648435327)),36.0233010362821
"746",847,1010.81804562904,"1000-2000m",list(c(96.460420815547, 96.4618353233466, 96.5123986076876, 96.5109635415897, 96.460420815547, 27.5344145318038, 27.5794712431706, 27.5782001854718, 27.533145897823, 27.5344145318038)),39.6721291497963
"747",848,794.148735170422,"0-1000m",list(c(96.5109635415897, 96.5123986076876, 96.5629585550401, 96.561502936468, 96.5109635415897, 27.533145897823, 27.5782001854718, 27.5769107750876, 27.5318589460967, 27.533145897823)),35.7097213571649
"748",849,1078.05524172154,"1000-2000m",list(c(96.561502936468, 96.5629585550401, 96.6135151177432, 96.6120389526033, 96.561502936468, 27.5318589460967, 27.5769107750876, 27.5756030166, 27.5305536811958, 27.5318589460967)),37.16323629434
"749",850,1479.81124184638,"1000-2000m",list(c(96.6120389526033, 96.6135151177432, 96.6640682481549, 96.6625715424361, 96.6120389526033, 27.5305536811958, 27.5756030166, 27.5742769146557, 27.5292301077557, 27.5305536811958)),39.3785775984421
"750",851,1550.99830519114,"1000-2000m",list(c(96.6625715424361, 96.6640682481549, 96.7146178986533, 96.7131006584267, 96.6625715424361, 27.5292301077557, 27.5742769146557, 27.5729324739659, 27.527888230476, 27.5292301077557)),39.2311974818834
"751",852,1853.59988764396,"1000-2000m",list(c(96.7131006584267, 96.7146178986533, 96.7651640216357, 96.7636262530549, 96.7131006584267, 27.527888230476, 27.5729324739659, 27.571569699306, 27.5265280541207, 27.527888230476)),38.7540514716444
"752",853,2046.82935785575,"2000-2500m",list(c(96.7636262530549, 96.7651640216357, 96.81570656952, 96.8141482788204, 96.7636262530549, 27.5265280541207, 27.571569699306, 27.5701885955163, 27.5251495835183, 27.5265280541207)),38.4643877487368
"753",854,2220.35073811679,"2000-2500m",list(c(96.8141482788204, 96.81570656952, 96.866245494744, 96.8646666882435, 96.8141482788204, 27.5251495835183, 27.5701885955163, 27.5687891675012, 27.5237528235611, 27.5251495835183)),38.7154037041707
"754",855,2355.51547297721,"2000-2500m",list(c(91.7008451327239, 91.7003118612225, 91.7509949824043, 91.7515074741531, 91.7008451327239, 27.6165772294549, 27.6617044174477, 27.6621705247876, 27.6170424483828, 27.6165772294549)),34.7584572119764
"755",856,2441.96145879104,"2000-2500m",list(c(92.562233994369, 92.5620542055198, 92.6127510199416, 92.6129100050087, 92.562233994369, 27.6219702473613, 27.6671077346618, 27.6672587223538, 27.6221209472401, 27.6219702473613)),37.2971089061315
"756",857,1959.66532003535,"1000-2000m",list(c(92.6129100050087, 92.6127510199416, 92.6634482043286, 92.6635863849643, 92.6129100050087, 27.6221209472401, 27.6672587223538, 27.667391165564, 27.622253137986, 27.6221209472401)),39.4672748244983
"757",858,1532.79552444919,"1000-2000m",list(c(92.6635863849643, 92.6634482043286, 92.7141457102693, 92.7142630859091, 92.6635863849643, 27.622253137986, 27.667391165564, 27.6675050638193, 27.6223668191272, 27.622253137986)),39.4893889610867
"758",859,1601.99865042998,"1000-2000m",list(c(92.7142630859091, 92.7141457102693, 92.7648434893504, 92.7649400595148, 92.7142630859091, 27.6223668191272, 27.6675050638193, 27.667600416713, 27.6224619902577, 27.6223668191272)),35.2904412458855
"759",860,2040.14840297942,"2000-2500m",list(c(92.7649400595148, 92.7648434893504, 92.8155414931567, 92.8156172574514, 92.7649400595148, 27.6224619902577, 27.667600416713, 27.6676772239044, 27.6225386510378, 27.6224619902577)),29.8963969273185
"760",861,1920.41208963656,"1000-2000m",list(c(92.8156172574514, 92.8155414931567, 92.8662396732722, 92.8662946313876, 92.8156172574514, 27.6225386510378, 27.6676772239044, 27.667735485119, 27.6225968011938, 27.6225386510378)),33.9814221887201
"761",862,1780.70648421317,"1000-2000m",list(c(92.8662946313876, 92.8662396732722, 92.9169379812794, 92.916972132991, 92.8662946313876, 27.6225968011938, 27.667735485119, 27.6677752001488, 27.6226364405179, 27.6225968011938)),33.7754231955795
"762",863,1792.85184951395,"1000-2000m",list(c(92.916972132991, 92.9169379812794, 92.9676363687604, 92.9676497139287, 92.916972132991, 27.6226364405179, 27.6677752001488, 27.6677963688519, 27.6226575688687, 27.6226364405179)),35.9288231461234
"763",864,1230.05909861277,"1000-2000m",list(c(92.9676497139287, 92.9676363687604, 93.0183347872967, 93.0183273258672, 92.9676497139287, 27.6226575688687, 27.6677963688519, 27.6677989911527, 27.6226601861708, 27.6226575688687)),31.4589531713929
"764",865,846.392003012994,"0-1000m",list(c(93.0183273258672, 93.0183347872967, 93.0690331884696, 93.0690049204728, 93.0183273258672, 27.6226601861708, 27.6677989911527, 27.6677830670418, 27.6226442924148, 27.6226601861708)),23.2336755760881
"765",866,1016.07978790557,"1000-2000m",list(c(93.0690049204728, 93.0690331884696, 93.1197315238606, 93.1196824494119, 93.0690049204728, 27.6226442924148, 27.6677830670418, 27.6677485965761, 27.6226098876575, 27.6226442924148)),26.0833895277844
"766",867,1595.87044127801,"1000-2000m",list(c(93.1196824494119, 93.1197315238606, 93.1704297450516, 93.1703598643515, 93.1196824494119, 27.6226098876575, 27.6677485965761, 27.6676955798787, 27.6225569720217, 27.6226098876575)),29.6109332564597
"767",868,2082.68137593371,"2000-2500m",list(c(93.1703598643515, 93.1704297450516, 93.2211278036249, 93.2210371169589, 93.1703598643515, 27.6225569720217, 27.6676955798787, 27.6676240171391, 27.6224855456963, 27.6225569720217)),33.0881987324489
"768",869,2454.69637672011,"2000-2500m",list(c(93.2210371169589, 93.2211278036249, 93.2718256511641, 93.2717141589025, 93.2210371169589, 27.6224855456963, 27.6676240171391, 27.6675339086128, 27.6223956089363, 27.6224855456963)),34.9217213331687
"769",870,2349.17654258992,"2000-2500m",list(c(93.4237435374549, 93.4239174434305, 93.4746139626956, 93.474419253456, 93.4237435374549, 27.6220147395906, 27.6671523118642, 27.6669880240728, 27.6218507649643, 27.6220147395906)),36.4638457698873
"770",871,2120.52556495392,"2000-2500m",list(c(93.474419253456, 93.4746139626956, 93.5253100288673, 93.525094517159, 93.474419253456, 27.6218507649643, 27.6669880240728, 27.6668051927665, 27.6216682821698, 27.6218507649643)),37.4955035393765
"771",872,1956.08565061829,"1000-2000m",list(c(93.525094517159, 93.5253100288673, 93.5760055935406, 93.5757692802438, 93.525094517159, 27.6216682821698, 27.6668051927665, 27.6666038185986, 27.6214672918586, 27.6216682821698)),36.4480332091648
"772",873,1460.79197790471,"1000-2000m",list(c(93.5757692802438, 93.5760055935406, 93.6267006083132, 93.6264434943931, 93.5757692802438, 27.6214672918586, 27.6666038185986, 27.6663839022883, 27.6212477947482, 27.6214672918586)),34.1941442057737
"773",874,1616.59225476581,"1000-2000m",list(c(93.6264434943931, 93.6267006083132, 93.677395024786, 93.6771171112927, 93.6264434943931, 27.6212477947482, 27.6663839022883, 27.666145444621, 27.6210097916222, 27.6212477947482)),32.763554845842
"774",875,1513.9906471659,"1000-2000m",list(c(93.6771171112927, 93.677395024786, 93.7280887945633, 93.7277900826318, 93.6771171112927, 27.6210097916222, 27.666145444621, 27.6658884464486, 27.6207532833302, 27.6210097916222)),32.485570490208
"775",876,1758.20855564622,"1000-2000m",list(c(93.7277900826318, 93.7280887945633, 93.7787818692532, 93.7784623601035, 93.7277900826318, 27.6207532833302, 27.6658884464486, 27.665612908689, 27.6204782707879, 27.6207532833302)),37.4134329948698
"776",877,1637.54589067037,"1000-2000m",list(c(93.7784623601035, 93.7787818692532, 93.8294742004678, 93.8291338954047, 93.7784623601035, 27.6204782707879, 27.665612908689, 27.6653188323262, 27.6201847549771, 27.6204782707879)),34.6982070322224
"777",878,1749.58678049087,"1000-2000m",list(c(93.8291338954047, 93.8294742004678, 93.8801657398235, 93.8798046402365, 93.8291338954047, 27.6201847549771, 27.6653188323262, 27.6650062184105, 27.6198727369454, 27.6201847549771)),31.7195577094474
"778",879,1816.19251773272,"1000-2000m",list(c(93.8798046402365, 93.8801657398235, 93.930856438941, 93.9304745463048, 93.8798046402365, 27.6198727369454, 27.6650062184105, 27.6646750680584, 27.6195422178066, 27.6198727369454)),34.5689641743335
"779",880,1653.04140891302,"1000-2000m",list(c(93.9304745463048, 93.930856438941, 93.9815462494461, 93.98114356532, 93.9304745463048, 27.6195422178066, 27.6646750680584, 27.6643253824524, 27.6191931987405, 27.6195422178066)),36.663596452151
"780",881,1691.03775657523,"1000-2000m",list(c(93.98114356532, 93.9815462494461, 94.0322351229696, 94.0318116489979, 93.98114356532, 27.6191931987405, 27.6643253824524, 27.6639571628415, 27.6188256809927, 27.6191931987405)),38.6558170315593
"781",882,2122.3523633168,"2000-2500m",list(c(94.0318116489979, 94.0322351229696, 94.0829230111477, 94.0824787490593, 94.0318116489979, 27.6188256809927, 27.6639571628415, 27.6635704105404, 27.6184396658749, 27.6188256809927)),36.0413927381161
"782",883,1597.34301224593,"1000-2000m",list(c(94.0824787490593, 94.0829230111477, 94.1336098656222, 94.1331448172311, 94.0824787490593, 27.6184396658749, 27.6635704105404, 27.6631651269302, 27.6180351547648, 27.6184396658749)),37.5273825545366
"783",884,1400.43010482707,"1000-2000m",list(c(94.1331448172311, 94.1336098656222, 94.184295638041, 94.1838098052456, 94.1331448172311, 27.6180351547648, 27.6631651269302, 27.662741313458, 27.6176121491061, 27.6180351547648)),33.9925825290682
"784",885,648.506657506461,"0-1000m",list(c(94.1838098052456, 94.184295638041, 94.2349802800581, 94.2344736648418, 94.1838098052456, 27.6176121491061, 27.662741313458, 27.6622989716371, 27.6171706504082, 27.6176121491061)),32.5922924284671
"785",886,487.591505524862,"0-1000m",list(c(94.2344736648418, 94.2349802800581, 94.2856637433339, 94.2851363477647, 94.2344736648418, 27.6171706504082, 27.6622989716371, 27.6618381030468, 27.6167106602467, 27.6171706504082)),33.296001419283
"786",887,535.029000062771,"0-1000m",list(c(94.2851363477647, 94.2856637433339, 94.3363459795357, 94.3357978057664, 94.2851363477647, 27.6167106602467, 27.6618381030468, 27.6613587093324, 27.6162321802629, 27.6167106602467)),34.2894146298506
"787",888,403.054917308421,"0-1000m",list(c(94.3357978057664, 94.3363459795357, 94.3870269403378, 94.3864579906058, 94.3357978057664, 27.6162321802629, 27.6613587093324, 27.6608607922055, 27.6157352121642, 27.6162321802629)),32.5829886497731
"788",889,341.558439520432,"0-1000m",list(c(94.3864579906058, 94.3870269403378, 94.4377065774219, 94.4371168540493, 94.3864579906058, 27.6157352121642, 27.6608607922055, 27.6603443534435, 27.6152197577236, 27.6157352121642)),30.1568108070299
"789",890,279.548615906095,"0-1000m",list(c(94.4371168540493, 94.4377065774219, 94.4883848424772, 94.4877743478707, 94.4371168540493, 27.6152197577236, 27.6603443534435, 27.6598093948899, 27.6146858187803, 27.6152197577236)),30.8361510507189
"790",891,385.266475192526,"0-1000m",list(c(94.4877743478707, 94.4883848424772, 94.5390616872008, 94.5384304238517, 94.4877743478707, 27.6146858187803, 27.6598093948899, 27.6592559184542, 27.6141333972389, 27.6146858187803)),33.2263971570891
"791",892,443.779829635751,"0-1000m",list(c(94.5384304238517, 94.5390616872008, 94.589737063298, 94.5890850337822, 94.5384304238517, 27.6141333972389, 27.6592559184542, 27.658683926112, 27.6135624950703, 27.6141333972389)),32.3684704467385
"792",893,422.546210596915,"0-1000m",list(c(94.5890850337822, 94.589737063298, 94.6404109224824, 94.6397381294603, 94.5890850337822, 27.6135624950703, 27.658683926112, 27.6580934199046, 27.612973114311, 27.6135624950703)),23.7144507402
"793",896,147.717618106825,"0-1000m",list(c(95.8042306801464, 95.8053801055752, 95.856003099714, 95.8548329999031, 95.8042306801464, 27.5943229318218, 27.6394076302168, 27.6383735748158, 27.593290846546, 27.5943229318218)),12.3579453450787
"794",897,149.314795053669,"0-1000m",list(c(95.8548329999031, 95.856003099714, 95.9066233733273, 95.9054326038964, 95.8548329999031, 27.593290846546, 27.6383735748158, 27.6373210779589, 27.5922403549126, 27.593290846546)),10.301825766388
"795",898,154.951836889282,"0-1000m",list(c(95.9054326038964, 95.9066233733273, 95.9572408784444, 95.9560294442393, 95.9054326038964, 27.5922403549126, 27.6373210779589, 27.6362501433942, 27.5911714606604, 27.5922403549126)),14.922430748808
"796",899,168.849726947461,"0-1000m",list(c(95.9560294442393, 95.9572408784444, 96.0078555671107, 96.0066234730603, 95.9560294442393, 27.5911714606604, 27.6362501433942, 27.6351607749351, 27.5900841675935, 27.5911714606604)),21.8595592799503
"797",900,252.353524574729,"0-1000m",list(c(96.0066234730603, 96.0078555671107, 96.0584673913873, 96.0572146425041, 96.0066234730603, 27.5900841675935, 27.6351607749351, 27.6340529764602, 27.5889784795812, 27.5900841675935)),24.4000115626987
"798",901,378.215692463073,"0-1000m",list(c(96.0572146425041, 96.0584673913873, 96.1090763033519, 96.1078029047317, 96.0572146425041, 27.5889784795812, 27.6340529764602, 27.6329267519131, 27.5878544005574, 27.5889784795812)),25.9825058425435
"799",902,514.02947084301,"0-1000m",list(c(96.1078029047317, 96.1090763033519, 96.1596822550989, 96.1583882119207, 96.1078029047317, 27.5878544005574, 27.6329267519131, 27.6317821053026, 27.5867119345213, 27.5878544005574)),30.6485233788209
"800",903,581.612798945452,"0-1000m",list(c(96.1583882119207, 96.1596822550989, 96.2102851987395, 96.2089705162656, 96.1583882119207, 27.5867119345213, 27.6317821053026, 27.6306190407027, 27.5855510855368, 27.5867119345213)),30.135886486832
"801",904,501.49015275849,"0-1000m",list(c(96.2089705162656, 96.2102851987395, 96.2608850864022, 96.2595497699778, 96.2089705162656, 27.5855510855368, 27.6306190407027, 27.6294375622523, 27.584371857733, 27.5855510855368)),28.0156362717674
"802",905,428.357479128743,"0-1000m",list(c(96.2595497699778, 96.2608850864022, 96.3114818702327, 96.3101259252864, 96.2595497699778, 27.584371857733, 27.6294375622523, 27.6282376741555, 27.5831742553034, 27.584371857733)),27.7199154967307
"803",906,683.42304312347,"0-1000m",list(c(96.3101259252864, 96.3114818702327, 96.3620755023947, 96.360698934438, 96.3101259252864, 27.5831742553034, 27.6282376741555, 27.6270193806812, 27.5819582825068, 27.5831742553034)),32.9209877370094
"804",907,950.107183436435,"0-1000m",list(c(96.360698934438, 96.3620755023947, 96.4126659350698, 96.4112687496972, 96.360698934438, 27.5819582825068, 27.6270193806812, 27.6257826861632, 27.5807239436665, 27.5819582825068)),36.7379558133521
"805",908,1345.28582637625,"1000-2000m",list(c(96.4112687496972, 96.4126659350698, 96.4632531204578, 96.4618353233466, 96.4112687496972, 27.5807239436665, 27.6257826861632, 27.6245275950004, 27.5794712431706, 27.5807239436665)),38.4981652745084
"806",909,1687.63662042559,"1000-2000m",list(c(96.4618353233466, 96.4632531204578, 96.5138370107771, 96.5123986076876, 96.4618353233466, 27.5794712431706, 27.6245275950004, 27.6232541116563, 27.5782001854718, 27.5794712431706)),39.1784165935956
"807",910,1547.93548794344,"1000-2000m",list(c(96.5123986076876, 96.5138370107771, 96.564417558265, 96.5629585550401, 96.5123986076876, 27.5782001854718, 27.6232541116563, 27.6219622406595, 27.5769107750876, 27.5782001854718)),39.004533564229
"808",911,2003.65554579122,"2000-2500m",list(c(96.5629585550401, 96.564417558265, 96.6149947151776, 96.6135151177432, 96.5629585550401, 27.5769107750876, 27.6219622406595, 27.6206519866032, 27.5756030166, 27.5769107750876)),38.2591172343587
"809",912,2139.90389806039,"2000-2500m",list(c(96.6135151177432, 96.6149947151776, 96.6655684337905, 96.6640682481549, 96.6135151177432, 27.5756030166, 27.6206519866032, 27.6193233541452, 27.5742769146557, 27.5756030166)),36.6611738800119
"810",913,2208.81927786896,"2000-2500m",list(c(96.6640682481549, 96.6655684337905, 96.716138666399, 96.7146178986533, 96.6640682481549, 27.5742769146557, 27.6193233541452, 27.6179763480082, 27.5729324739659, 27.5742769146557)),36.6109082273234
"811",914,2323.51431171929,"2000-2500m",list(c(92.6127510199416, 92.6125916649088, 92.6633097021389, 92.6634482043286, 92.6127510199416, 27.6672587223538, 27.712396202488, 27.7125288983648, 27.667391165564, 27.6672587223538)),37.9326764946099
"812",915,1744.92088261914,"1000-2000m",list(c(92.6634482043286, 92.6633097021389, 92.714028061489, 92.7141457102693, 92.6634482043286, 27.667391165564, 27.7125288983648, 27.7126430139083, 27.6675050638193, 27.667391165564)),41.3438652938653
"813",916,2055.12852283012,"2000-2500m",list(c(92.7141457102693, 92.714028061489, 92.7647466944604, 92.7648434893504, 92.7141457102693, 27.6675050638193, 27.7126430139083, 27.7127385487107, 27.667600416713, 27.6675050638193)),39.6790144043142
"814",917,2473.90047705731,"2000-2500m",list(c(92.7648434893504, 92.7647466944604, 92.8154655525529, 92.8155414931567, 92.7648434893504, 27.667600416713, 27.7127385487107, 27.7128155024307, 27.6676772239044, 27.667600416713)),33.9007061501201
"815",919,2139.24464879794,"2000-2500m",list(c(92.9169379812794, 92.916903750094, 92.9676229925368, 92.9676363687604, 92.9169379812794, 27.6677752001488, 27.7129136655892, 27.7129348746769, 27.6677963688519, 27.6677752001488)),35.1783187843254
"816",920,1466.87565931151,"1000-2000m",list(c(92.9676363687604, 92.9676229925368, 93.0183422660896, 93.0183347872967, 92.9676363687604, 27.6677963688519, 27.7129348746769, 27.7129375019804, 27.6677989911527, 27.6677963688519)),33.732180210639
"817",921,1113.85864985487,"1000-2000m",list(c(93.0183347872967, 93.0183422660896, 93.0690615222484, 93.0690331884696, 93.0183347872967, 27.6677989911527, 27.7129375019804, 27.7129215474902, 27.6677830670418, 27.6677989911527)),27.9033922447258
"818",922,1229.69496578997,"1000-2000m",list(c(93.0690331884696, 93.0690615222484, 93.1197807125095, 93.1197315238606, 93.0690331884696, 27.6677830670418, 27.7129215474902, 27.7128870112635, 27.6677485965761, 27.6677830670418)),27.5880711746365
"819",923,1363.7951374801,"1000-2000m",list(c(93.1197315238606, 93.1197807125095, 93.1704997883694, 93.1704297450516, 93.1197315238606, 27.6677485965761, 27.7128870112635, 27.7128338934236, 27.6676955798787, 27.6677485965761)),27.7365894201028
"820",924,2017.4705221435,"2000-2500m",list(c(93.1704297450516, 93.1704997883694, 93.2212187013253, 93.2211278036249, 93.1704297450516, 27.6676955798787, 27.7128338934236, 27.7127621941604, 27.6676240171391, 27.6676955798787)),35.2114845002672
"821",925,2054.8570083485,"2000-2500m",list(c(93.2211278036249, 93.2212187013253, 93.2719374028754, 93.2718256511641, 93.2211278036249, 27.6676240171391, 27.7127621941604, 27.7126719137302, 27.6675339086128, 27.6676240171391)),36.9402140742428
"822",926,2057.90203177179,"2000-2500m",list(c(93.2718256511641, 93.2719374028754, 93.322655844519, 93.3225232392537, 93.2718256511641, 27.6675339086128, 27.7126719137302, 27.7125630524555, 27.6674252546217, 27.6675339086128)),36.7805411604791
"823",927,2120.15764860963,"2000-2500m",list(c(93.3225232392537, 93.322655844519, 93.3733739777571, 93.3732205194799, 93.3225232392537, 27.6674252546217, 27.7125630524555, 27.7124356107257, 27.6672980555541, 27.6674252546217)),36.8641555864013
"824",928,2010.43313254892,"2000-2500m",list(c(93.3732205194799, 93.3733739777571, 93.4240917540922, 93.4239174434305, 93.3732205194799, 27.6672980555541, 27.7124356107257, 27.712289588996, 27.6671523118642, 27.6672980555541)),35.5218549334287
"825",929,2173.53934022034,"2000-2500m",list(c(93.4239174434305, 93.4240917540922, 93.474809125029, 93.4746139626956, 93.4239174434305, 27.6671523118642, 27.712289588996, 27.7121249877884, 27.6669880240728, 27.6671523118642)),36.4315010143231
"826",930,1684.1177264453,"1000-2000m",list(c(93.4746139626956, 93.474809125029, 93.5255260420746, 93.5253100288673, 93.4746139626956, 27.6669880240728, 27.7121249877884, 27.7119418076912, 27.6668051927665, 27.6669880240728)),33.9257061842166
"827",931,1959.49314940233,"1000-2000m",list(c(93.5253100288673, 93.5255260420746, 93.5762424567387, 93.5760055935406, 93.5253100288673, 27.6668051927665, 27.7119418076912, 27.711740049359, 27.6666038185986, 27.6668051927665)),35.185461231268
"828",932,1288.36422084205,"1000-2000m",list(c(93.5760055935406, 93.5762424567387, 93.6269583205336, 93.6267006083132, 93.5760055935406, 27.6666038185986, 27.711740049359, 27.7115197135129, 27.6663839022883, 27.6666038185986)),28.7316486087921
"829",933,1279.49723808926,"1000-2000m",list(c(93.6267006083132, 93.6269583205336, 93.6776735849753, 93.677395024786, 93.6267006083132, 27.6663839022883, 27.7115197135129, 27.7112808009404, 27.666145444621, 27.6663839022883)),28.8845111329213
"830",934,1542.0312724322,"1000-2000m",list(c(93.677395024786, 93.6776735849753, 93.7283882015828, 93.7280887945633, 93.677395024786, 27.666145444621, 27.7112808009404, 27.7110233124951, 27.6658884464486, 27.666145444621)),34.2011414740645
"831",935,1787.5553821666,"1000-2000m",list(c(93.7280887945633, 93.7283882015828, 93.779102121879, 93.7787818692532, 93.7280887945633, 27.6658884464486, 27.7110233124951, 27.7107472490973, 27.665612908689, 27.6658884464486)),35.3642632145052
"832",936,1494.08630971063,"1000-2000m",list(c(93.7787818692532, 93.779102121879, 93.8298152973908, 93.8294742004678, 93.7787818692532, 27.665612908689, 27.7107472490973, 27.7104526117335, 27.6653188323262, 27.665612908689)),34.1768732164199
"833",937,1278.72993976468,"1000-2000m",list(c(93.8294742004678, 93.8298152973908, 93.8805276796494, 93.8801657398235, 93.8294742004678, 27.6653188323262, 27.7104526117335, 27.7101394014565, 27.6650062184105, 27.6653188323262)),30.9431286816056
"834",938,1151.96685496707,"1000-2000m",list(c(93.8801657398235, 93.8805276796494, 93.9312392201904, 93.930856438941, 93.8801657398235, 27.6650062184105, 27.7101394014565, 27.7098076193855, 27.6646750680584, 27.6650062184105)),25.3507228809249
"835",939,1116.60887577679,"1000-2000m",list(c(93.930856438941, 93.9312392201904, 93.9819498705546, 93.9815462494461, 93.930856438941, 27.6646750680584, 27.7098076193855, 27.709457266706, 27.6643253824524, 27.6646750680584)),31.0669145094231
"836",940,1639.06591554571,"1000-2000m",list(c(93.9815462494461, 93.9819498705546, 94.0326595822876, 94.0322351229696, 93.9815462494461, 27.6643253824524, 27.709457266706, 27.7090883446697, 27.6639571628415, 27.6643253824524)),36.7766792448177
"837",941,1889.37055647452,"1000-2000m",list(c(94.0322351229696, 94.0326595822876, 94.0833683069405, 94.0829230111477, 94.0322351229696, 27.6639571628415, 27.7090883446697, 27.708700854595, 27.6635704105404, 27.6639571628415)),37.8110672417713
"838",942,1772.04080095411,"1000-2000m",list(c(94.0829230111477, 94.0833683069405, 94.1340759960702, 94.1336098656222, 94.0829230111477, 27.6635704105404, 27.708700854595, 27.708294797866, 27.6631651269302, 27.6635704105404)),37.8431581458737
"839",943,1095.02346992915,"1000-2000m",list(c(94.1336098656222, 94.1340759960702, 94.1847826012393, 94.184295638041, 94.1336098656222, 27.6631651269302, 27.708294797866, 27.7078701759335, 27.662741313458, 27.6631651269302)),34.3615880295037
"840",944,1302.85305379449,"1000-2000m",list(c(94.184295638041, 94.1847826012393, 94.2354880740168, 94.2349802800581, 94.184295638041, 27.662741313458, 27.7078701759335, 27.7074269903144, 27.6622989716371, 27.662741313458)),29.8161419762193
"841",945,748.67582160357,"0-1000m",list(c(94.2349802800581, 94.2354880740168, 94.2861923659783, 94.2856637433339, 94.2349802800581, 27.6622989716371, 27.7074269903144, 27.7069652425919, 27.6618381030468, 27.6622989716371)),32.0410363883666
"842",946,495.146624637184,"0-1000m",list(c(94.2856637433339, 94.2861923659783, 94.3368954287059, 94.3363459795357, 94.2856637433339, 27.6618381030468, 27.7069652425919, 27.7064849344155, 27.6613587093324, 27.6618381030468)),35.9117152324581
"843",947,788.047831272362,"0-1000m",list(c(94.3363459795357, 94.3368954287059, 94.3875972137892, 94.3870269403378, 94.3363459795357, 27.6613587093324, 27.7064849344155, 27.7059860675006, 27.6608607922055, 27.6613587093324)),35.4208053754376
"844",948,690.838831497144,"0-1000m",list(c(94.3870269403378, 94.3875972137892, 94.4382976728247, 94.4377065774219, 94.3870269403378, 27.6608607922055, 27.7059860675006, 27.7054686436292, 27.6603443534435, 27.6608607922055)),35.2762755664807
"845",949,670.966293186854,"0-1000m",list(c(94.4377065774219, 94.4382976728247, 94.4889967574168, 94.4883848424772, 94.4377065774219, 27.6603443534435, 27.7054686436292, 27.7049326646492, 27.6598093948899, 27.6603443534435)),34.0985639814446
"846",950,659.650900759525,"0-1000m",list(c(94.4883848424772, 94.4889967574168, 94.5396944191778, 94.5390616872008, 94.4883848424772, 27.6598093948899, 27.7049326646492, 27.7043781324749, 27.6592559184542, 27.6598093948899)),37.2083873067127
"847",951,580.902343871914,"0-1000m",list(c(94.5390616872008, 94.5396944191778, 94.590390609728, 94.589737063298, 94.5390616872008, 27.6592559184542, 27.7043781324749, 27.7038050490865, 27.658683926112, 27.6592559184542)),37.289710292752
"848",952,420.886426765706,"0-1000m",list(c(94.589737063298, 94.590390609728, 94.6410852806963, 94.6404109224824, 94.589737063298, 27.658683926112, 27.7038050490865, 27.7032134165304, 27.6580934199046, 27.658683926112)),33.3756127823665
"849",953,392.00685914819,"0-1000m",list(c(94.6404109224824, 94.6410852806963, 94.6917783837204, 94.6910832164765, 94.6404109224824, 27.6580934199046, 27.7032134165304, 27.7026032369193, 27.6574844019395, 27.6580934199046)),31.2672870015002
"850",954,369.3391072079,"0-1000m",list(c(94.6910832164765, 94.6917783837204, 94.7424698704468, 94.7417538970116, 94.6910832164765, 27.6574844019395, 27.7026032369193, 27.7019745124317, 27.6568568743901, 27.6574844019395)),24.4555641004259
"851",958,144.924172996045,"0-1000m",list(c(95.8053801055752, 95.806532203546, 95.857175920053, 95.856003099714, 95.8053801055752, 27.6394076302168, 27.6844919911833, 27.6834559640842, 27.6383735748158, 27.6394076302168)),11.7740637141721
"852",959,150.429855497644,"0-1000m",list(c(95.856003099714, 95.857175920053, 95.9078169112569, 95.9066233733273, 95.856003099714, 27.6383735748158, 27.6834559640842, 27.6824014604034, 27.6373210779589, 27.6383735748158)),15.599671229095
"853",960,159.191795869688,"0-1000m",list(c(95.9066233733273, 95.9078169112569, 95.9584551291032, 95.9572408784444, 95.9066233733273, 27.6373210779589, 27.6824014604034, 27.6813284838979, 27.6362501433942, 27.6373210779589)),17.5267303538288
"854",961,249.67494772323,"0-1000m",list(c(95.9572408784444, 95.9584551291032, 96.0090905255534, 96.0078555671107, 95.9572408784444, 27.6362501433942, 27.6813284838979, 27.6802370383906, 27.6351607749351, 27.6362501433942)),28.18827969612
"855",962,304.773883461815,"0-1000m",list(c(96.0078555671107, 96.0090905255534, 96.0597230525851, 96.0584673913873, 96.0078555671107, 27.6351607749351, 27.6802370383906, 27.6791271277692, 27.6340529764602, 27.6351607749351)),28.7244158672417
"856",963,394.539922164334,"0-1000m",list(c(96.0584673913873, 96.0597230525851, 96.1103526621925, 96.1090763033519, 96.0584673913873, 27.6340529764602, 27.6791271277692, 27.6779987559872, 27.6329267519131, 27.6340529764602)),28.6358495616677
"857",964,418.030429761868,"0-1000m",list(c(96.1090763033519, 96.1103526621925, 96.1609793063864, 96.1596822550989, 96.1090763033519, 27.6329267519131, 27.6779987559872, 27.6768519270632, 27.6317821053026, 27.6329267519131)),30.717471191638
"858",965,373.431977778471,"0-1000m",list(c(96.1596822550989, 96.1609793063864, 96.2116029371944, 96.2102851987395, 96.1596822550989, 27.6317821053026, 27.6768519270632, 27.6756866450809, 27.6306190407027, 27.6317821053026)),32.216650035291
"859",966,315.792323143557,"0-1000m",list(c(96.2102851987395, 96.2116029371944, 96.2622235066616, 96.2608850864022, 96.2102851987395, 27.6306190407027, 27.6756866450809, 27.6745029141895, 27.6294375622523, 27.6306190407027)),25.8167070380018
"860",967,373.831060204113,"0-1000m",list(c(96.2608850864022, 96.2622235066616, 96.3128409668505, 96.3114818702327, 96.2608850864022, 27.6294375622523, 27.6745029141895, 27.6733007386031, 27.6282376741555, 27.6294375622523)),23.9793238802337
"861",968,896.34502668456,"0-1000m",list(c(96.3114818702327, 96.3128409668505, 96.3634552698414, 96.3620755023947, 96.3114818702327, 27.6282376741555, 27.6733007386031, 27.6720801226012, 27.6270193806812, 27.6282376741555)),34.5840728432482
"862",969,1818.36761659657,"1000-2000m",list(c(96.3620755023947, 96.3634552698414, 96.4140663677326, 96.4126659350698, 96.3620755023947, 27.6270193806812, 27.6720801226012, 27.6708410705281, 27.6257826861632, 27.6270193806812)),40.1549757473139
"863",970,2059.59227240099,"2000-2500m",list(c(96.4126659350698, 96.4140663677326, 96.4646742126408, 96.4632531204578, 96.4126659350698, 27.6257826861632, 27.6708410705281, 27.6695835867934, 27.6245275950004, 27.6257826861632)),39.3682955937117
"864",971,2314.3348834306,"2000-2500m",list(c(96.4632531204578, 96.4646742126408, 96.5152787567013, 96.5138370107771, 96.4632531204578, 27.6245275950004, 27.6695835867934, 27.6683076758715, 27.6232541116563, 27.6245275950004)),40.3822443683301
"865",972,2380.18087376812,"2000-2500m",list(c(92.6125916649088, 92.6124319392589, 92.6631708778289, 92.6633097021389, 92.6125916649088, 27.712396202488, 27.7575333873231, 27.7576663360692, 27.7125288983648, 27.712396202488)),37.7353724712734
"866",973,2308.21397584345,"2000-2500m",list(c(92.6633097021389, 92.6631708778289, 92.713910139087, 92.714028061489, 92.6633097021389, 27.7125288983648, 27.7576663360692, 27.7577806690753, 27.7126430139083, 27.7125288983648)),41.1817734694081
"867",974,2388.80237820293,"2000-2500m",list(c(92.8661845872649, 92.8661293731405, 92.9168694392948, 92.916903750094, 92.8661845872649, 27.712873874793, 27.758011969898, 27.7580518365213, 27.7129136655892, 27.712873874793)),37.5354559501604
"868",975,1596.12017450254,"1000-2000m",list(c(92.916903750094, 92.9168694392948, 92.9676095852032, 92.9676229925368, 92.916903750094, 27.7129136655892, 27.7580518365213, 27.7580730860261, 27.7129348746769, 27.7129136655892)),37.2310696297565
"869",976,1220.82272713086,"1000-2000m",list(c(92.9676229925368, 92.9676095852032, 93.0183497622764, 93.0183422660896, 92.9676229925368, 27.7129348746769, 27.7580730860261, 27.7580757183363, 27.7129375019804, 27.7129348746769)),34.7172832127762
"870",977,1396.56605599076,"1000-2000m",list(c(93.0183422660896, 93.0183497622764, 93.0690899219251, 93.0690615222484, 93.0183422660896, 27.7129375019804, 27.7580757183363, 27.7580597334425, 27.7129215474902, 27.7129375019804)),30.9374960195791
"871",978,1785.30136212416,"1000-2000m",list(c(93.0690615222484, 93.0690899219251, 93.1198300155597, 93.1197807125095, 93.0690615222484, 27.7129215474902, 27.7580597334425, 27.7580251314019, 27.7128870112635, 27.7129215474902)),31.9050435742734
"872",979,1370.14209918542,"1000-2000m",list(c(93.1197807125095, 93.1198300155597, 93.1705699945914, 93.1704997883694, 93.1197807125095, 27.7128870112635, 27.7580251314019, 27.7579719123383, 27.7128338934236, 27.7128870112635)),30.4321268823278
"873",980,1867.42261477482,"1000-2000m",list(c(93.1704997883694, 93.1705699945914, 93.2213098104318, 93.2212187013253, 93.1704997883694, 27.7128338934236, 27.7579719123383, 27.7579000764419, 27.7127621941604, 27.7128338934236)),34.6932995087136
"874",981,1919.6888770322,"1000-2000m",list(c(93.2212187013253, 93.2213098104318, 93.2720494144935, 93.2719374028754, 93.2212187013253, 27.7127621941604, 27.7579000764419, 27.7578096239697, 27.7126719137302, 27.7127621941604)),37.2469079262634
"875",982,1668.06382447489,"1000-2000m",list(c(93.2719374028754, 93.2720494144935, 93.3227887581903, 93.322655844519, 93.2719374028754, 27.7126719137302, 27.7578096239697, 27.7577005552452, 27.7125630524555, 27.7126719137302)),31.0294991871497
"876",983,1495.00106710188,"1000-2000m",list(c(93.322655844519, 93.3227887581903, 93.3735277929376, 93.3733739777571, 93.322655844519, 27.7125630524555, 27.7577005552452, 27.7575728706582, 27.7124356107257, 27.7125630524555)),30.3445810903025
"877",984,1333.57304703349,"1000-2000m",list(c(93.3733739777571, 93.3735277929376, 93.4242664701524, 93.4240917540922, 93.3733739777571, 27.7124356107257, 27.7575728706582, 27.7574265706655, 27.712289588996, 27.7124356107257)),27.0274658355896
"878",985,1443.6238569333,"1000-2000m",list(c(93.4240917540922, 93.4242664701524, 93.475004741254, 93.474809125029, 93.4240917540922, 27.712289588996, 27.7574265706655, 27.7572616557902, 27.7121249877884, 27.712289588996)),31.4851447901339
"879",986,1521.20108593309,"1000-2000m",list(c(93.474809125029, 93.475004741254, 93.5257425576639, 93.5255260420746, 93.474809125029, 27.7121249877884, 27.7572616557902, 27.7570781266221, 27.7119418076912, 27.7121249877884)),35.0037272468111
"880",987,1601.79573047033,"1000-2000m",list(c(93.5255260420746, 93.5257425576639, 93.5764798708063, 93.5762424567387, 93.5255260420746, 27.7119418076912, 27.7570781266221, 27.7568759838173, 27.711740049359, 27.7119418076912)),35.2037411634121
"881",988,1348.65912424706,"1000-2000m",list(c(93.5762424567387, 93.5764798708063, 93.627216632108, 93.6269583205336, 93.5762424567387, 27.711740049359, 27.7568759838173, 27.7566552280987, 27.7115197135129, 27.711740049359)),30.3072157311694
"882",989,989.281777666185,"0-1000m",list(c(93.6269583205336, 93.627216632108, 93.6779527929995, 93.6776735849753, 93.6269583205336, 27.7115197135129, 27.7566552280987, 27.7564158602556, 27.7112808009404, 27.7115197135129)),28.5163490355212
"883",990,1152.67029743142,"1000-2000m",list(c(93.6776735849753, 93.6779527929995, 93.7286883049143, 93.7283882015828, 93.6776735849753, 27.7112808009404, 27.7564158602556, 27.756157881144, 27.7110233124951, 27.7112808009404)),31.1718619030843
"884",991,1514.97656128086,"1000-2000m",list(c(93.7283882015828, 93.7286883049143, 93.7794231192899, 93.779102121879, 93.7283882015828, 27.7110233124951, 27.756157881144, 27.7558812916862, 27.7107472490973, 27.7110233124951)),34.1262123697334
"885",992,1636.20755131505,"1000-2000m",list(c(93.779102121879, 93.7794231192899, 93.8301571875677, 93.8298152973908, 93.779102121879, 27.7107472490973, 27.7558812916862, 27.7555860928711, 27.7104526117335, 27.7107472490973)),34.055112615814
"886",993,1532.56902094192,"1000-2000m",list(c(93.8298152973908, 93.8301571875677, 93.8808904611935, 93.8805276796494, 93.8298152973908, 27.7104526117335, 27.7555860928711, 27.7552722857542, 27.7101394014565, 27.7104526117335)),31.857824992597
"887",994,1320.58506288817,"1000-2000m",list(c(93.8805276796494, 93.8808904611935, 93.9316228916176, 93.9312392201904, 93.8805276796494, 27.7101394014565, 27.7552722857542, 27.7549398714573, 27.7098076193855, 27.7101394014565)),31.7605902560804
"888",995,926.109566254472,"0-1000m",list(c(93.9312392201904, 93.9316228916176, 93.9823544302953, 93.9819498705546, 93.9312392201904, 27.7098076193855, 27.7549398714573, 27.7545888511688, 27.709457266706, 27.7098076193855)),27.3853223535694
"889",996,865.344090384195,"0-1000m",list(c(93.9819498705546, 93.9823544302953, 94.0330850286867, 94.0326595822876, 93.9819498705546, 27.709457266706, 27.7545888511688, 27.7542192261437, 27.7090883446697, 27.709457266706)),27.4752051296984
"890",997,926.340782122905,"0-1000m",list(c(94.0326595822876, 94.0330850286867, 94.0838146382577, 94.0833683069405, 94.0326595822876, 27.7090883446697, 27.7542192261437, 27.7538309977032, 27.708700854595, 27.7090883446697)),33.0017808214898
"891",998,1202.62585525077,"1000-2000m",list(c(94.0833683069405, 94.0838146382577, 94.1345432104797, 94.1340759960702, 94.0833683069405, 27.708700854595, 27.7538309977032, 27.7534241672351, 27.708294797866, 27.708700854595)),36.6179138774795
"892",999,1239.90764957398,"1000-2000m",list(c(94.1340759960702, 94.1345432104797, 94.1852706968301, 94.1847826012393, 94.1340759960702, 27.708294797866, 27.7534241672351, 27.7529987361937, 27.7078701759335, 27.708294797866)),34.309577796006
"893",1000,992.60598832465,"0-1000m",list(c(94.1847826012393, 94.1852706968301, 94.2359970487927, 94.2354880740168, 94.1847826012393, 27.7078701759335, 27.7529987361937, 27.7525547060995, 27.7074269903144, 27.7078701759335)),35.2112460611252
"894",1001,1162.99441340782,"1000-2000m",list(c(94.2354880740168, 94.2359970487927, 94.2867222178576, 94.2861923659783, 94.2354880740168, 27.7074269903144, 27.7525547060995, 27.7520920785396, 27.7069652425919, 27.7074269903144)),35.5724703617687
"895",1002,583.115445835024,"0-1000m",list(c(94.2861923659783, 94.2867222178576, 94.3374461555218, 94.3368954287059, 94.2861923659783, 27.7069652425919, 27.7520920785396, 27.7516108551674, 27.7064849344155, 27.7069652425919)),31.4600968591756
"896",1003,349.511643964597,"0-1000m",list(c(94.3368954287059, 94.3374461555218, 94.3881688132895, 94.3875972137892, 94.3368954287059, 27.7064849344155, 27.7516108551674, 27.7511110377027, 27.7059860675006, 27.7064849344155)),28.5843217618563
"897",1004,447.971161948753,"0-1000m",list(c(94.3875972137892, 94.3881688132895, 94.4388901426722, 94.4382976728247, 94.3875972137892, 27.7059860675006, 27.7511110377027, 27.7505926279317, 27.7054686436292, 27.7059860675006)),33.6546869425479
"898",1005,537.082550482195,"0-1000m",list(c(94.4382976728247, 94.4388901426722, 94.489610095189, 94.4889967574168, 94.4382976728247, 27.7054686436292, 27.7505926279317, 27.750055627707, 27.7049326646492, 27.7054686436292)),35.6085917141297
"899",1006,685.101437448999,"0-1000m",list(c(94.4889967574168, 94.489610095189, 94.5403286223669, 94.5396944191778, 94.4889967574168, 27.7049326646492, 27.750055627707, 27.7495000389473, 27.7043781324749, 27.7049326646492)),34.7624582957366
"900",1007,849.33079491901,"0-1000m",list(c(94.5396944191778, 94.5403286223669, 94.5910456757414, 94.590390609728, 94.5396944191778, 27.7043781324749, 27.7495000389473, 27.7489258636377, 27.7038050490865, 27.7043781324749)),36.1289720855892
"901",1008,565.376923317,"0-1000m",list(c(94.590390609728, 94.5910456757414, 94.641761206856, 94.6410852806963, 94.590390609728, 27.7038050490865, 27.7489258636377, 27.7483331038298, 27.7032134165304, 27.7038050490865)),33.973848517641
"902",1009,369.561107275124,"0-1000m",list(c(94.6410852806963, 94.641761206856, 94.6924751672635, 94.6917783837204, 94.6410852806963, 27.7032134165304, 27.7483331038298, 27.7477217616412, 27.7026032369193, 27.7032134165304)),31.1355727205256
"903",1010,398.015261695952,"0-1000m",list(c(94.6917783837204, 94.6924751672635, 94.7431875085253, 94.7424698704468, 94.6917783837204, 27.7026032369193, 27.7477217616412, 27.7470918392559, 27.7019745124317, 27.7026032369193)),30.0176936689793
"904",1011,351.78330888549,"0-1000m",list(c(94.7424698704468, 94.7431875085253, 94.7938981822123, 94.7931596925314, 94.7424698704468, 27.7019745124317, 27.7470918392559, 27.7464433389241, 27.7013272453125, 27.7019745124317)),30.3980997451544
"905",1012,381.882694839601,"0-1000m",list(c(94.7931596925314, 94.7938981822123, 94.8446071399051, 94.8438478016397, 94.7931596925314, 27.7013272453125, 27.7464433389241, 27.7457762629621, 27.7006614378722, 27.7013272453125)),28.8586362159684
"906",1014,138.646525237747,"0-1000m",list(c(95.7558858098057, 95.7570198098646, 95.8076869787525, 95.806532203546, 95.7558858098057, 27.6855095380087, 27.7305954992216, 27.729576014284, 27.6844919911833, 27.6855095380087)),12.8247674036487
"907",1015,142.422164333689,"0-1000m",list(c(95.806532203546, 95.8076869787525, 95.8583514656979, 95.857175920053, 95.806532203546, 27.6844919911833, 27.729576014284, 27.7285380139099, 27.6834559640842, 27.6844919911833)),14.6670466982853
"908",1016,145.954058862083,"0-1000m",list(c(95.857175920053, 95.8583514656979, 95.9090132225468, 95.9078169112569, 95.857175920053, 27.6834559640842, 27.7285380139099, 27.7274815018001, 27.6824014604034, 27.6834559640842)),16.0378675518874
"909",1017,172.730180151905,"0-1000m",list(c(95.9078169112569, 95.9090132225468, 95.9596722011607, 95.9584551291032, 95.9078169112569, 27.6824014604034, 27.7274815018001, 27.7264064817211, 27.6813284838979, 27.6824014604034)),16.4733483711711
"910",1018,273.54576948285,"0-1000m",list(c(95.9584551291032, 95.9596722011607, 96.0103283534173, 96.0090905255534, 95.9584551291032, 27.6813284838979, 27.7264064817211, 27.7253129575048, 27.6802370383906, 27.6813284838979)),27.1857827310922
"911",1019,231.940357666739,"0-1000m",list(c(96.0090905255534, 96.0103283534173, 96.0609816312101, 96.0597230525851, 96.0090905255534, 27.6802370383906, 27.7253129575048, 27.7242009330486, 27.6791271277692, 27.6802370383906)),28.5269617828585
"912",1020,259.293735484276,"0-1000m",list(c(96.0597230525851, 96.0609816312101, 96.1116319864496, 96.1103526621925, 96.0597230525851, 27.6791271277692, 27.7242009330486, 27.7230704123155, 27.6779987559872, 27.6791271277692)),28.476751540066
"913",1021,271.042788926688,"0-1000m",list(c(96.1103526621925, 96.1116319864496, 96.1622793710625, 96.1609793063864, 96.1103526621925, 27.6779987559872, 27.7230704123155, 27.7219213993338, 27.6768519270632, 27.6779987559872)),28.8430535409654
"914",1022,254.353671857932,"0-1000m",list(c(96.1609793063864, 96.1622793710625, 96.212923736993, 96.2116029371944, 96.1609793063864, 27.6768519270632, 27.7219213993338, 27.7207538981974, 27.6756866450809, 27.6768519270632)),26.9394129239453
"915",1023,270.595474232628,"0-1000m",list(c(96.2116029371944, 96.212923736993, 96.2635650362023, 96.2622235066616, 96.2116029371944, 27.6756866450809, 27.7207538981974, 27.7195679130654, 27.6745029141895, 27.6756866450809)),22.880667060033
"916",1024,355.383321369495,"0-1000m",list(c(96.2622235066616, 96.2635650362023, 96.3142032206693, 96.3128409668505, 96.2622235066616, 27.6745029141895, 27.7195679130654, 27.7183634481623, 27.6733007386031, 27.6745029141895)),23.9346335647064
"917",1025,733.071720607971,"0-1000m",list(c(96.3128409668505, 96.3142032206693, 96.3648382423907, 96.3634552698414, 96.3128409668505, 27.6733007386031, 27.7183634481623, 27.7171405077778, 27.6720801226012, 27.6733007386031)),32.6362129182083
"918",1026,1636.09625886636,"1000-2000m",list(c(96.3634552698414, 96.3648382423907, 96.4154700533815, 96.4140663677326, 96.3634552698414, 27.6720801226012, 27.7171405077778, 27.715899096267, 27.6708410705281, 27.6720801226012)),40.0082777972641
"919",1027,1396.93776723573,"1000-2000m",list(c(96.4140663677326, 96.4154700533815, 96.4660986056747, 96.4646742126408, 96.4140663677326, 27.6708410705281, 27.715899096267, 27.7146392180501, 27.6695835867934, 27.6708410705281)),37.6512176950088
"920",1028,1393.57232920321,"1000-2000m",list(c(96.4646742126408, 96.4660986056747, 96.5167238513223, 96.5152787567013, 96.4646742126408, 27.6695835867934, 27.7146392180501, 27.7133608776125, 27.6683076758715, 27.6695835867934)),35.3184621428767
"921",1029,1994.33952670893,"1000-2000m",list(c(96.5152787567013, 96.5167238513223, 96.5673457423951, 96.5658799520683, 96.5152787567013, 27.6683076758715, 27.7133608776125, 27.7120640795047, 27.667013342302, 27.6683076758715)),40.1049234792837
"922",1030,2200.2843544209,"2000-2500m",list(c(96.5658799520683, 96.5673457423951, 96.6179642309831, 96.6164777509149, 96.5658799520683, 27.667013342302, 27.7120640795047, 27.7107488283423, 27.6657005906892, 27.667013342302)),38.2851551355493
"923",1031,2244.71617614931,"2000-2500m",list(c(96.6164777509149, 96.6179642309831, 96.6685792691958, 96.6670721054338, 96.6164777509149, 27.6657005906892, 27.7107488283423, 27.7094151288059, 27.6643694257023, 27.6657005906892)),41.0681825263775
"924",1032,2091.22136086875,"2000-2500m",list(c(92.8153894353292, 92.8153131411744, 92.866074030673, 92.8661293731405, 92.8153894353292, 27.7579534862987, 27.8030911751912, 27.8031497701169, 27.758011969898, 27.7579534862987)),39.8194932106303
"925",1033,2101.50649676731,"2000-2500m",list(c(92.8661293731405, 92.866074030673, 92.9168350487413, 92.9168694392948, 92.8661293731405, 27.758011969898, 27.8031497701169, 27.8031897126283, 27.7580518365213, 27.758011969898)),39.6932509741883
"926",1034,1775.48592349451,"1000-2000m",list(c(92.9168694392948, 92.9168350487413, 92.9675961467046, 92.9676095852032, 92.9168694392948, 27.7580518365213, 27.8031897126283, 27.8032110025826, 27.7580730860261, 27.7580518365213)),37.9367338145998
"927",1035,2383.29659155106,"2000-2500m",list(c(92.9676095852032, 92.9675961467046, 93.0183572758879, 93.0183497622764, 92.9676095852032, 27.7580730860261, 27.8032110025826, 27.8032136399036, 27.7580757183363, 27.7580730860261)),31.6275781141975
"928",1036,1954.87897809303,"1000-2000m",list(c(93.0183497622764, 93.0183572758879, 93.0691183876157, 93.0690899219251, 93.0183497622764, 27.7580757183363, 27.8032136399036, 27.8031976245817, 27.7580597334425, 27.7580757183363)),32.7689013472845
"929",1037,2435.95688675672,"2000-2500m",list(c(93.0690899219251, 93.0691183876157, 93.119879433213, 93.1198300155597, 93.0690899219251, 27.7580597334425, 27.8031976245817, 27.8031629566744, 27.7580251314019, 27.7580597334425)),32.69535241675
"930",1038,1994.55429665432,"1000-2000m",list(c(93.1198300155597, 93.119879433213, 93.1706403640049, 93.1705699945914, 93.1198300155597, 27.7580251314019, 27.8031629566744, 27.8031096363056, 27.7579719123383, 27.7580251314019)),33.8642147562873
"931",1039,1778.51013746783,"1000-2000m",list(c(93.1705699945914, 93.1706403640049, 93.2214011313171, 93.2213098104318, 93.1705699945914, 27.7579719123383, 27.8031096363056, 27.8030376636662, 27.7579000764419, 27.7579719123383)),32.785124894922
"932",1040,2327.92128519126,"2000-2500m",list(c(93.2213098104318, 93.2214011313171, 93.2721616864766, 93.2720494144935, 93.2213098104318, 27.7579000764419, 27.8030376636662, 27.8029470390136, 27.7578096239697, 27.7579000764419)),36.7082441405658
"933",1041,2059.63470591928,"2000-2500m",list(c(93.2720494144935, 93.2721616864766, 93.3229219808113, 93.3227887581903, 93.2720494144935, 27.7578096239697, 27.8029470390136, 27.8028377626722, 27.7577005552452, 27.7578096239697)),32.8335678477666
"934",1042,2060.96979548037,"2000-2500m",list(c(93.3227887581903, 93.3229219808113, 93.3736819656508, 93.3735277929376, 93.3227887581903, 27.7577005552452, 27.8028377626722, 27.8027098350328, 27.7575728706582, 27.7577005552452)),34.4663239283184
"935",1043,1583.13385851485,"1000-2000m",list(c(93.3735277929376, 93.3736819656508, 93.4244415923263, 93.4242664701524, 93.3735277929376, 27.7575728706582, 27.8027098350328, 27.8025632565533, 27.7574265706655, 27.7575728706582)),29.3726301359061
"936",1044,1297.74282844768,"1000-2000m",list(c(93.4242664701524, 93.4244415923263, 93.4752008121712, 93.475004741254, 93.4242664701524, 27.7574265706655, 27.8025632565533, 27.802398027758, 27.7572616557902, 27.7574265706655)),25.8259167265636
"937",1045,1231.53231915162,"1000-2000m",list(c(93.475004741254, 93.4752008121712, 93.5259595765213, 93.5257425576639, 93.475004741254, 27.7572616557902, 27.802398027758, 27.8022141492381, 27.7570781266221, 27.7572616557902)),27.6963818055467
"938",1046,1325.49513527086,"1000-2000m",list(c(93.5257425576639, 93.5259595765213, 93.5767178367149, 93.5764798708063, 93.5257425576639, 27.7570781266221, 27.8022141492381, 27.8020116216515, 27.7568759838173, 27.7570781266221)),31.2656911997511
"939",1047,1114.5136212416,"1000-2000m",list(c(93.5764798708063, 93.5767178367149, 93.6274755440933, 93.627216632108, 93.5764798708063, 27.7568759838173, 27.8020116216515, 27.8017904457227, 27.7566552280987, 27.7568759838173)),28.8202914784557
"940",1048,1491.64316374195,"1000-2000m",list(c(93.627216632108, 93.6274755440933, 93.6782326500009, 93.6779527929995, 93.627216632108, 27.7566552280987, 27.8017904457227, 27.801550622243, 27.7564158602556, 27.7566552280987)),31.7443977378342
"941",1049,1300.74339338397,"1000-2000m",list(c(93.6779527929995, 93.6782326500009, 93.7289891057856, 93.7286883049143, 93.6779527929995, 27.7564158602556, 27.801550622243, 27.8012921520704, 27.756157881144, 27.7564158602556)),30.3797872178968
"942",1050,1014.79357855753,"1000-2000m",list(c(93.7286883049143, 93.7289891057856, 93.7797448627992, 93.7794231192899, 93.7286883049143, 27.756157881144, 27.8012921520704, 27.8010150361295, 27.7558812916862, 27.756157881144)),29.366182995636
"943",1051,984.726202499684,"0-1000m",list(c(93.7794231192899, 93.7797448627992, 93.8304998723974, 93.8301571875677, 93.7794231192899, 27.7558812916862, 27.8010150361295, 27.8007192754117, 27.7555860928711, 27.7558812916862)),28.0518467461802
"944",1052,901.344736676919,"0-1000m",list(c(93.8301571875677, 93.8304998723974, 93.8812540859402, 93.8808904611935, 93.8301571875677, 27.7555860928711, 27.8007192754117, 27.8004048709748, 27.7552722857542, 27.7555860928711)),25.7789996711848
"945",1053,988.459136275187,"0-1000m",list(c(93.8808904611935, 93.8812540859402, 93.9320074547922, 93.9316228916176, 93.8808904611935, 27.7552722857542, 27.8004048709748, 27.8000718239437, 27.7549398714573, 27.7552722857542)),28.1172408347708
"946",1054,699.174946345158,"0-1000m",list(c(93.9316228916176, 93.9320074547922, 93.982759930323, 93.9823544302953, 93.9316228916176, 27.7549398714573, 27.8000718239437, 27.7997201355095, 27.7545888511688, 27.7549398714573)),24.1867861481443
"947",1055,759.586027242483,"0-1000m",list(c(93.9823544302953, 93.982759930323, 94.0335114639071, 94.0330850286867, 93.9823544302953, 27.7545888511688, 27.7997201355095, 27.7993498069302, 27.7542192261437, 27.7545888511688)),26.8941008275973
"948",1056,875.801895675099,"0-1000m",list(c(94.0330850286867, 94.0335114639071, 94.0842620069248, 94.0838146382577, 94.0330850286867, 27.7542192261437, 27.7993498069302, 27.7989608395304, 27.7538309977032, 27.7542192261437)),25.659128873362
"949",1057,771.035980305517,"0-1000m",list(c(94.0838146382577, 94.0842620069248, 94.1350115107618, 94.1345432104797, 94.0838146382577, 27.7538309977032, 27.7989608395304, 27.7985532347012, 27.7534241672351, 27.7538309977032)),28.604999938636
"950",1058,756.513527085556,"0-1000m",list(c(94.1345432104797, 94.1350115107618, 94.18575992681, 94.1852706968301, 94.1345432104797, 27.7534241672351, 27.7985532347012, 27.7981269939003, 27.7529987361937, 27.7534241672351)),31.6494133692906
"951",1059,753.153547531877,"0-1000m",list(c(94.1852706968301, 94.18575992681, 94.2365072064674, 94.2359970487927, 94.1852706968301, 27.7529987361937, 27.7981269939003, 27.7976821186521, 27.7525547060995, 27.7529987361937)),33.3205327475964
"952",1060,712.113395267089,"0-1000m",list(c(94.2359970487927, 94.2365072064674, 94.2872533011387, 94.2867222178576, 94.2359970487927, 27.7525547060995, 27.7976821186521, 27.7972186105475, 27.7520920785396, 27.7525547060995)),35.6630160407859
"953",1061,609.556650555521,"0-1000m",list(c(94.2867222178576, 94.2872533011387, 94.3379981622354, 94.3374461555218, 94.2867222178576, 27.7520920785396, 27.7972186105475, 27.796736471244, 27.7516108551674, 27.7520920785396)),35.7238701602243
"954",1062,982.486649412953,"0-1000m",list(c(94.3374461555218, 94.3379981622354, 94.3887417411761, 94.3881688132895, 94.3374461555218, 27.7516108551674, 27.796736471244, 27.7962357024656, 27.7511110377027, 27.7516108551674)),31.0033177297058
"955",1063,679.452200112987,"0-1000m",list(c(94.3881688132895, 94.3887417411761, 94.4394839893868, 94.4388901426722, 94.3881688132895, 27.7511110377027, 27.7962357024656, 27.7957163060027, 27.7505926279317, 27.7511110377027)),30.1404714548574
"956",1064,540.066976335447,"0-1000m",list(c(94.4388901426722, 94.4394839893868, 94.4902248583012, 94.489610095189, 94.4388901426722, 27.7505926279317, 27.7957163060027, 27.7951782837125, 27.750055627707, 27.7505926279317)),31.8193058719676
"957",1065,493.994539830829,"0-1000m",list(c(94.489610095189, 94.4902248583012, 94.540964299361, 94.5403286223669, 94.489610095189, 27.750055627707, 27.7951782837125, 27.7946216375184, 27.7495000389473, 27.750055627707)),33.9085666164024
"958",1066,672.315297219258,"0-1000m",list(c(94.5403286223669, 94.540964299361, 94.5917022640159, 94.5910456757414, 94.5403286223669, 27.7495000389473, 27.7946216375184, 27.7940463694104, 27.7489258636377, 27.7495000389473)),34.7996671084672
"959",1067,843.382807105643,"0-1000m",list(c(94.5910456757414, 94.5917022640159, 94.6424387037245, 94.641761206856, 94.5910456757414, 27.7489258636377, 27.7940463694104, 27.7934524814449, 27.7483331038298, 27.7489258636377)),36.5936055259198
"960",1068,901.536138113874,"0-1000m",list(c(94.641761206856, 94.6424387037245, 94.6931735699538, 94.6924751672635, 94.641761206856, 27.7483331038298, 27.7934524814449, 27.7928399757449, 27.7477217616412, 27.7483331038298)),35.7547330951356
"961",1069,713.723149833658,"0-1000m",list(c(94.6924751672635, 94.6931735699538, 94.7439068141801, 94.7431875085253, 94.6924751672635, 27.7477217616412, 27.7928399757449, 27.7922088544995, 27.7470918392559, 27.7477217616412)),33.38284958442
"962",1070,797.232031887515,"0-1000m",list(c(94.7431875085253, 94.7439068141801, 94.7946383878892, 94.7938981822123, 94.7431875085253, 27.7470918392559, 27.7922088544995, 27.7915591199646, 27.7464433389241, 27.7470918392559)),32.5532071480229
"963",1071,603.55280267643,"0-1000m",list(c(94.7938981822123, 94.7946383878892, 94.8453682425761, 94.8446071399051, 94.7938981822123, 27.7464433389241, 27.7915591199646, 27.790890774462, 27.7457762629621, 27.7464433389241)),32.65993001412
"964",1072,350.584774760634,"0-1000m",list(c(94.8446071399051, 94.8453682425761, 94.896096329746, 94.895314333194, 94.8446071399051, 27.7457762629621, 27.790890774462, 27.7902038203802, 27.7450906137526, 27.7457762629621)),29.0625757847425
"965",1073,237.389983579639,"0-1000m",list(c(94.895314333194, 94.896096329746, 94.9468226009144, 94.9460197136795, 94.895314333194, 27.7450906137526, 27.7902038203802, 27.7894982601739, 27.7443863937442, 27.7450906137526)),19.0943506844463
"966",1078,136.339508900391,"0-1000m",list(c(95.8076869787525, 95.808844435904, 95.8595297414418, 95.8583514656979, 95.8076869787525, 27.729576014284, 27.7746596990821, 27.7736197238516, 27.7285380139099, 27.729576014284)),17.4990246065174
"967",1079,140.330738811123,"0-1000m",list(c(95.8583514656979, 95.8595297414418, 95.9102123120742, 95.9090132225468, 95.8583514656979, 27.7285380139099, 27.7736197238516, 27.7725612017036, 27.7274815018001, 27.7285380139099)),16.088484057836
"968",1080,181.308073475571,"0-1000m",list(c(95.9090132225468, 95.9102123120742, 95.9608920995784, 95.9596722011607, 95.9090132225468, 27.7274815018001, 27.7725612017036, 27.7714841364137, 27.7264064817211, 27.7274815018001)),20.410270499251
"969",1081,205.545100746971,"0-1000m",list(c(95.9596722011607, 95.9608920995784, 96.0115690557476, 96.0103283534173, 95.9596722011607, 27.7264064817211, 27.7714841364137, 27.7703885318233, 27.7253129575048, 27.7264064817211)),27.3655484914055
"970",1082,186.194965789969,"0-1000m",list(c(96.0103283534173, 96.0115690557476, 96.0622431323914, 96.0609816312101, 96.0103283534173, 27.7253129575048, 27.7703885318233, 27.7692743918391, 27.7242009330486, 27.7253129575048)),26.454230766893
"971",1083,198.832375962631,"0-1000m",list(c(96.0609816312101, 96.0622431323914, 96.1129142813359, 96.1116319864496, 96.0609816312101, 27.7242009330486, 27.7692743918391, 27.7681417204339, 27.7230704123155, 27.7242009330486)),25.8526820313474
"972",1084,207.874678300169,"0-1000m",list(c(96.1116319864496, 96.1129142813359, 96.163582454424, 96.1622793710625, 96.1116319864496, 27.7230704123155, 27.7681417204339, 27.7669905216458, 27.7219213993338, 27.7230704123155)),20.6539607452087
"973",1085,225.560950348377,"0-1000m",list(c(96.1622793710625, 96.163582454424, 96.2142476035157, 96.212923736993, 96.1622793710625, 27.7219213993338, 27.7669905216458, 27.7658207995785, 27.7207538981974, 27.7219213993338)),19.3578111364832
"974",1086,266.616462567858,"0-1000m",list(c(96.212923736993, 96.2142476035157, 96.2649096804882, 96.2635650362023, 96.212923736993, 27.7207538981974, 27.7658207995785, 27.7646325584014, 27.7195679130654, 27.7207538981974)),22.0099381941003
"975",1087,320.366015943757,"0-1000m",list(c(96.2635650362023, 96.2649096804882, 96.3155686372367, 96.3142032206693, 96.2635650362023, 27.7195679130654, 27.7646325584014, 27.7634258023492, 27.7183634481623, 27.7195679130654)),25.6513395824821
"976",1088,596.292950850543,"0-1000m",list(c(96.3142032206693, 96.3155686372367, 96.3662244256739, 96.3648382423907, 96.3142032206693, 27.7183634481623, 27.7634258023492, 27.7622005357221, 27.7171405077778, 27.7183634481623)),31.397140376514
"977",1089,876.840897613938,"0-1000m",list(c(96.3648382423907, 96.3662244256739, 96.4168769977309, 96.4154700533815, 96.3648382423907, 27.7171405077778, 27.7622005357221, 27.7609567628857, 27.715899096267, 27.7171405077778)),35.4829580740614
"978",1090,1122.95791224656,"1000-2000m",list(c(96.4154700533815, 96.4168769977309, 96.4675263053573, 96.4660986056747, 96.4154700533815, 27.715899096267, 27.7609567628857, 27.7596944882711, 27.7146392180501, 27.715899096267)),35.3084775975932
"979",1091,1475.51512773837,"1000-2000m",list(c(96.4660986056747, 96.4675263053573, 96.5181723005213, 96.5167238513223, 96.4660986056747, 27.7146392180501, 27.7596944882711, 27.7584137163745, 27.7133608776125, 27.7146392180501)),37.9552375041075
"980",1092,1710.29308168161,"1000-2000m",list(c(96.5167238513223, 96.5181723005213, 96.56881493521, 96.5673457423951, 96.5167238513223, 27.7133608776125, 27.7584137163745, 27.7571144517575, 27.7120640795047, 27.7133608776125)),39.5178134530952
"981",1093,1755.62409767121,"1000-2000m",list(c(96.5673457423951, 96.56881493521, 96.6194541614299, 96.6179642309831, 96.5673457423951, 27.7120640795047, 27.7571144517575, 27.7557966990469, 27.7107488283423, 27.7120640795047)),40.9104817450702
"982",1094,2112.32116627958,"2000-2500m",list(c(93.2214011313171, 93.2214926643555, 93.2722742192848, 93.2721616864766, 93.2214011313171, 27.8030376636662, 27.8481749555163, 27.8480841585447, 27.8029470390136, 27.8030376636662)),35.5897535809473
"983",1095,1951.51855435224,"1000-2000m",list(c(93.3736819656508, 93.3738364965283, 93.4246171213312, 93.4244415923263, 93.3736819656508, 27.8027098350328, 27.8478465035314, 27.8476996463406, 27.8025632565533, 27.8027098350328)),35.8911826834361
"984",1096,1746.40232826691,"1000-2000m",list(c(93.4244415923263, 93.4246171213312, 93.4753973385837, 93.4752008121712, 93.4244415923263, 27.8025632565533, 27.8476996463406, 27.8475341033723, 27.802398027758, 27.8025632565533)),31.990198308359
"985",1097,1140.15953173059,"1000-2000m",list(c(93.4752008121712, 93.4753973385837, 93.5261770995357, 93.5259595765213, 93.4752008121712, 27.802398027758, 27.8475341033723, 27.8473498752191, 27.8022141492381, 27.802398027758)),25.1083001481194
"986",1098,1026.29078368341,"1000-2000m",list(c(93.5259595765213, 93.5261770995357, 93.5769563554393, 93.5767178367149, 93.5259595765213, 27.8022141492381, 27.8473498752191, 27.8471469625406, 27.8020116216515, 27.8022141492381)),23.6925922858168
"987",1099,1200.59495646203,"1000-2000m",list(c(93.5767178367149, 93.5769563554393, 93.6277350575499, 93.6274755440933, 93.5767178367149, 27.8020116216515, 27.8471469625406, 27.8469253660629, 27.8017904457227, 27.8020116216515)),27.6640193916952
"988",1100,1490.04258991903,"1000-2000m",list(c(93.6274755440933, 93.6277350575499, 93.6785131571258, 93.6782326500009, 93.6274755440933, 27.8017904457227, 27.8469253660629, 27.8466850865795, 27.801550622243, 27.8017904457227)),30.9551407189241
"989",1101,1737.3761430667,"1000-2000m",list(c(93.6782326500009, 93.6785131571258, 93.7292906054288, 93.7289891057856, 93.6782326500009, 27.801550622243, 27.8466850865795, 27.8464261249501, 27.8012921520704, 27.801550622243)),34.4677389896513
"990",1102,1435.10664461159,"1000-2000m",list(c(93.7289891057856, 93.7292906054288, 93.7800673537248, 93.7797448627992, 93.7289891057856, 27.8012921520704, 27.8464261249501, 27.8461484821019, 27.8010150361295, 27.8012921520704)),29.8148640419883
"991",1103,1624.54340593811,"1000-2000m",list(c(93.7797448627992, 93.7800673537248, 93.8308433532833, 93.8304998723974, 93.7797448627992, 27.8010150361295, 27.8461484821019, 27.8458521590286, 27.8007192754117, 27.8010150361295)),31.7057843425711
"992",1104,1235.75219250335,"1000-2000m",list(c(93.8304998723974, 93.8308433532833, 93.8816185553785, 93.8812540859402, 93.8304998723974, 27.8007192754117, 27.8458521590286, 27.8455371567906, 27.8004048709748, 27.8007192754117)),28.8940526811882
"993",1105,819.823850691302,"0-1000m",list(c(93.8812540859402, 93.8816185553785, 93.9323929112889, 93.9320074547922, 93.8812540859402, 27.8004048709748, 27.8455371567906, 27.8452034765154, 27.8000718239437, 27.8004048709748)),26.0587798074217
"994",1106,710.681438704413,"0-1000m",list(c(93.9320074547922, 93.9323929112889, 93.9831663722982, 93.982759930323, 93.9320074547922, 27.8000718239437, 27.8452034765154, 27.8448511193972, 27.7997201355095, 27.8000718239437)),24.7769990355027
"995",1107,1238.89688211978,"1000-2000m",list(c(93.982759930323, 93.9831663722982, 94.0339388896951, 94.0335114639071, 93.982759930323, 27.7997201355095, 27.8448511193972, 27.844480086697, 27.7993498069302, 27.7997201355095)),36.2786494646603
"996",1108,1612.16950157611,"1000-2000m",list(c(94.0335114639071, 94.0339388896951, 94.0847104147736, 94.0842620069248, 94.0335114639071, 27.7993498069302, 27.844480086697, 27.8440903797425, 27.7989608395304, 27.7993498069302)),34.6599929128278
"997",1109,1226.95709622748,"1000-2000m",list(c(94.0842620069248, 94.0847104147736, 94.1354808988339, 94.1350115107618, 94.0842620069248, 27.7989608395304, 27.8440903797425, 27.8436819999284, 27.7985532347012, 27.7989608395304)),29.356418653997
"998",1110,1314.91020879498,"1000-2000m",list(c(94.1350115107618, 94.1354808988339, 94.1862502931817, 94.18575992681, 94.1350115107618, 27.7985532347012, 27.8436819999284, 27.8432549487158, 27.7981269939003, 27.7985532347012)),33.4394602035658
"999",1111,1088.55263323081,"1000-2000m",list(c(94.18575992681, 94.1862502931817, 94.2370185491294, 94.2365072064674, 94.18575992681, 27.7981269939003, 27.8432549487158, 27.842809227633, 27.7976821186521, 27.7981269939003)),34.636492255529
"1000",1112,1092.6651165694,"1000-2000m",list(c(94.2365072064674, 94.2370185491294, 94.2877856179957, 94.2872533011387, 94.2365072064674, 27.7976821186521, 27.842809227633, 27.8423448382745, 27.7972186105475, 27.7976821186521)),36.2482842729989
"1001",1113,822.702287693892,"0-1000m",list(c(94.2872533011387, 94.2877856179957, 94.3385514511063, 94.3379981622354, 94.2872533011387, 27.7972186105475, 27.8423448382745, 27.8418617823021, 27.796736471244, 27.7972186105475)),37.2079149601951
"1002",1114,667.645910488984,"0-1000m",list(c(94.3379981622354, 94.3385514511063, 94.389315999794, 94.3887417411761, 94.3379981622354, 27.796736471244, 27.8418617823021, 27.8413600614437, 27.7962357024656, 27.796736471244)),36.2892480316216
"1003",1115,1027.56817827159,"1000-2000m",list(c(94.3887417411761, 94.389315999794, 94.4400792153992, 94.4394839893868, 94.3887417411761, 27.7962357024656, 27.8413600614437, 27.8408396774945, 27.7957163060027, 27.7962357024656)),33.7308877682477
"1004",1116,1093.89632033956,"1000-2000m",list(c(94.4394839893868, 94.4400792153992, 94.4908410492696, 94.4902248583012, 94.4394839893868, 27.7957163060027, 27.8408396774945, 27.8403006323158, 27.7951782837125, 27.7957163060027)),28.4866781950204
"1005",1117,841.742891218379,"0-1000m",list(c(94.4902248583012, 94.4908410492696, 94.5416014527613, 94.540964299361, 94.4902248583012, 27.7951782837125, 27.8403006323158, 27.8397429278359, 27.7946216375184, 27.7951782837125)),28.958556427178
"1006",1118,782.888673886583,"0-1000m",list(c(94.540964299361, 94.5416014527613, 94.5923603772384, 94.5917022640159, 94.540964299361, 27.7946216375184, 27.8397429278359, 27.8391665660497, 27.7940463694104, 27.7946216375184)),28.729581869278
"1007",1119,660.236447052214,"0-1000m",list(c(94.5917022640159, 94.5923603772384, 94.6431177740736, 94.6424387037245, 94.5917022640159, 27.7940463694104, 27.8391665660497, 27.8385715490185, 27.7934524814449, 27.7940463694104)),30.4410222845373
"1008",1120,787.998587659281,"0-1000m",list(c(94.6424387037245, 94.6431177740736, 94.6938735946486, 94.6931735699538, 94.6424387037245, 27.7934524814449, 27.8385715490185, 27.8379578788704, 27.7928399757449, 27.7934524814449)),32.7896336620355
"1009",1121,878.621016822197,"0-1000m",list(c(94.6931735699538, 94.6938735946486, 94.744627790354, 94.7439068141801, 94.6931735699538, 27.7928399757449, 27.8379578788704, 27.8373255578001, 27.7922088544995, 27.7928399757449)),30.7795901050441
"1010",1122,663.442932492744,"0-1000m",list(c(94.7439068141801, 94.744627790354, 94.7953803125898, 94.7946383878892, 94.7439068141801, 27.7922088544995, 27.8373255578001, 27.8366745880687, 27.7915591199646, 27.7922088544995)),33.3514406419063
"1011",1123,569.255037348566,"0-1000m",list(c(94.7946383878892, 94.7953803125898, 94.8461311127657, 94.8453682425761, 94.7946383878892, 27.7915591199646, 27.8366745880687, 27.8360049720039, 27.790890774462, 27.7915591199646)),33.8714889839449
"1012",1124,455.971037108704,"0-1000m",list(c(94.8453682425761, 94.8461311127657, 94.8968801423014, 94.896096329746, 94.8453682425761, 27.790890774462, 27.8360049720039, 27.8353167119998, 27.7902038203802, 27.790890774462)),32.2468742764529
"1013",1125,444.260447551575,"0-1000m",list(c(94.896096329746, 94.8968801423014, 94.9476273526268, 94.9468226009144, 94.896096329746, 27.7902038203802, 27.8353167119998, 27.8346098105173, 27.7894982601739, 27.7902038203802)),31.1036085400394
"1014",1126,431.296622936413,"0-1000m",list(c(94.9468226009144, 94.9476273526268, 94.9983726951823, 94.9975470076069, 94.9468226009144, 27.7894982601739, 27.8346098105173, 27.8338842700834, 27.7887740963642, 27.7894982601739)),28.9868985166014
"1015",1127,313.143909366125,"0-1000m",list(c(94.9975470076069, 94.9983726951823, 95.0491161214189, 95.0482695013602, 94.9975470076069, 27.7887740963642, 27.8338842700834, 27.8331400932918, 27.7880313315383, 27.7887740963642)),28.5919281819752
"1016",1128,227.816442605998,"0-1000m",list(c(95.0482695013602, 95.0491161214189, 95.099857582799, 95.0989900337218, 95.0482695013602, 27.7880313315383, 27.8331400932918, 27.8323772828025, 27.7872699683497, 27.7880313315383)),18.7905034641471
"1017",1132,136.897445295605,"0-1000m",list(c(95.808844435904, 95.8100045797251, 95.860710752094, 95.8595297414418, 95.808844435904, 27.7746596990821, 27.8197430451415, 27.8187010934687, 27.7736197238516, 27.7746596990821)),10.8763482231029
"1018",1133,142.40235947692,"0-1000m",list(c(95.8595297414418, 95.860710752094, 95.9114141847325, 95.9102123120742, 95.8595297414418, 27.7736197238516, 27.8187010934687, 27.8176405596687, 27.7725612017036, 27.7736197238516)),15.4587915824654
"1019",1134,147.986127675601,"0-1000m",list(c(95.9102123120742, 95.9114141847325, 95.9621148293337, 95.9608920995784, 95.9102123120742, 27.7725612017036, 27.8176405596687, 27.8165614475261, 27.7714841364137, 27.7725612017036)),17.5135444193181
"1020",1135,156.191504634687,"0-1000m",list(c(95.9608920995784, 95.9621148293337, 96.012812637606, 96.0115690557476, 95.9608920995784, 27.7714841364137, 27.8165614475261, 27.8154637608917, 27.7703885318233, 27.7714841364137)),19.2857808900428
"1021",1136,168.012452794857,"0-1000m",list(c(96.0115690557476, 96.012812637606, 96.0635075612748, 96.0622431323914, 96.0115690557476, 27.7703885318233, 27.8154637608917, 27.8143475036818, 27.7692743918391, 27.7703885318233)),17.6336259584398
"1022",1137,179.607180967924,"0-1000m",list(c(96.0622431323914, 96.0635075612748, 96.1141995520815, 96.1129142813359, 96.0622431323914, 27.7692743918391, 27.8143475036818, 27.8132126798787, 27.7681417204339, 27.7692743918391)),17.2031736923551
"1023",1138,192.701881963734,"0-1000m",list(c(96.1129142813359, 96.1141995520815, 96.1648885617848, 96.163582454424, 96.1129142813359, 27.7681417204339, 27.8132126798787, 27.8120592935305, 27.7669905216458, 27.7681417204339)),19.5476454723194
"1024",1139,215.194313535782,"0-1000m",list(c(96.163582454424, 96.1648885617848, 96.2155745421604, 96.2142476035157, 96.163582454424, 27.7669905216458, 27.8120592935305, 27.8108873487508, 27.7658207995785, 27.7669905216458)),18.4484513112272
"1025",1140,253.291632665872,"0-1000m",list(c(96.2142476035157, 96.2155745421604, 96.2662574450013, 96.2649096804882, 96.2142476035157, 27.7658207995785, 27.8108873487508, 27.8096968497191, 27.7646325584014, 27.7658207995785)),19.627490191192
"1026",1141,293.861146655847,"0-1000m",list(c(96.2649096804882, 96.2662574450013, 96.3169372221183, 96.3155686372367, 96.2649096804882, 27.7646325584014, 27.8096968497191, 27.8084878006805, 27.7634258023492, 27.7646325584014)),22.1474798033017
"1027",1142,456.875908991604,"0-1000m",list(c(96.3155686372367, 96.3169372221183, 96.3676138253403, 96.3662244256739, 96.3155686372367, 27.7634258023492, 27.8084878006805, 27.8072602059455, 27.7622005357221, 27.7634258023492)),26.62804059171
"1028",1143,1477.9932521499,"1000-2000m",list(c(96.3662244256739, 96.3676138253403, 96.4182872065142, 96.4168769977309, 96.3662244256739, 27.7622005357221, 27.8072602059455, 27.8060140698906, 27.7609567628857, 27.7622005357221)),40.2132326566841
"1029",1144,2040.01407571549,"2000-2500m",list(c(96.4168769977309, 96.4182872065142, 96.4689573175056, 96.4675263053573, 96.4168769977309, 27.7609567628857, 27.8060140698906, 27.8047493969574, 27.7596944882711, 27.7609567628857)),39.9957302497268
"1030",1145,2091.97134920883,"2000-2500m",list(c(96.4675263053573, 96.4689573175056, 96.5196241101986, 96.5181723005213, 96.4675263053573, 27.7596944882711, 27.8047493969574, 27.8034661916531, 27.7584137163745, 27.7596944882711)),42.2395611708216
"1031",1146,2343.98414531382,"2000-2500m",list(c(96.7207221965875, 96.7222571363471, 96.7729066164898, 96.7713509096369, 96.7207221965875, 27.7531057481784, 27.7981481391603, 27.7967723418984, 27.7517325595999, 27.7531057481784)),37.1463583016914
"1032",1147,2309.19976774842,"2000-2500m",list(c(96.7713509096369, 96.7729066164898, 96.8235524900498, 96.8219760224414, 96.7713509096369, 27.7517325595999, 27.7967723418984, 27.7953780406818, 27.7503409020867, 27.7517325595999)),41.767016457016
"1033",1148,2387.50285571611,"2000-2500m",list(c(92.9675826769862, 92.9675691759926, 93.018372355508, 93.0183648069548, 92.9675826769862, 27.8483486240305, 27.8934859500544, 27.893488597409, 27.8483512663662, 27.8483486240305)),36.6470403426865
"1034",1149,1969.2136013233,"1000-2000m",list(c(93.0183648069548, 93.018372355508, 93.0691755175061, 93.0691469194371, 93.0183648069548, 27.8483512663662, 27.893488597409, 27.8934725211573, 27.8483352205918, 27.8483512663662)),35.9909760834448
"1035",1150,2309.43045006591,"2000-2500m",list(c(93.0691469194371, 93.0691755175061, 93.1199786131393, 93.1199289656718, 93.0691469194371, 27.8483352205918, 27.8934725211573, 27.893437721357, 27.8483004867646, 27.8483352205918)),35.6041105315322
"1036",1151,2346.04531693767,"2000-2500m",list(c(93.1199289656718, 93.1199786131393, 93.1707815935602, 93.1707108968981, 93.1199289656718, 27.8483004867646, 27.893437721357, 27.8933841981328, 27.848247065009, 27.8483004867646)),35.8839585793442
"1037",1152,1896.20689222271,"1000-2000m",list(c(93.2214926643555, 93.2215844099221, 93.2723870133794, 93.2722742192848, 93.2214926643555, 27.8481749555163, 27.8933119516763, 27.8932209822464, 27.8480841585447, 27.8481749555163)),33.917869589916
"1038",1153,1718.36759152336,"1000-2000m",list(c(93.2722742192848, 93.2723870133794, 93.3231893550876, 93.323055512928, 93.2722742192848, 27.8480841585447, 27.8932209822464, 27.8931112901688, 27.847974674419, 27.8480841585447)),34.7962567932103
"1039",1154,1979.89146946206,"1000-2000m",list(c(93.323055512928, 93.3231893550876, 93.3739913862038, 93.3738364965283, 93.323055512928, 27.847974674419, 27.8931112901688, 27.8929828758364, 27.8478465035314, 27.847974674419)),36.412730875509
"1040",1155,1694.42448737555,"1000-2000m",list(c(93.3738364965283, 93.3739913862038, 93.4247930578867, 93.4246171213312, 93.3738364965283, 27.8478465035314, 27.8929828758364, 27.8928357397092, 27.8476996463406, 27.8478465035314)),34.9792536400046
"1041",1156,1222.86295683655,"1000-2000m",list(c(93.4246171213312, 93.4247930578867, 93.4755943212973, 93.4753973385837, 93.4246171213312, 27.8476996463406, 27.8928357397092, 27.8926698823142, 27.8475341033723, 27.8476996463406)),29.8673166969312
"1042",1157,1145.3663611826,"1000-2000m",list(c(93.4753973385837, 93.4755943212973, 93.5263951275989, 93.5261770995357, 93.4753973385837, 27.8475341033723, 27.8926698823142, 27.8924853042455, 27.8473498752191, 27.8475341033723)),25.8032852539791
"1043",1158,1428.66043506757,"1000-2000m",list(c(93.5261770995357, 93.5263951275989, 93.5771954279574, 93.5769563554393, 93.5261770995357, 27.8473498752191, 27.8924853042455, 27.8922820061641, 27.8471469625406, 27.8473498752191)),30.016453287931
"1044",1159,1860.60400736556,"1000-2000m",list(c(93.5769563554393, 93.5771954279574, 93.6279951735418, 93.6277350575499, 93.5769563554393, 27.8471469625406, 27.8922820061641, 27.892059988798, 27.8469253660629, 27.8471469625406)),34.3866884254393
"1045",1160,1777.81429288808,"1000-2000m",list(c(93.6277350575499, 93.6279951735418, 93.6787943155241, 93.6785131571258, 93.6277350575499, 27.8469253660629, 27.892059988798, 27.8918192529426, 27.8466850865795, 27.8469253660629)),32.0386029239235
"1046",1161,1911.85927405512,"1000-2000m",list(c(93.6785131571258, 93.6787943155241, 93.7295928050798, 93.7292906054288, 93.6785131571258, 27.8466850865795, 27.8918192529426, 27.8915597994598, 27.8464261249501, 27.8466850865795)),33.851972168241
"1047",1162,2008.98480072407,"2000-2500m",list(c(93.7292906054288, 93.7295928050798, 93.7803905933884, 93.7800673537248, 93.7292906054288, 27.8464261249501, 27.8915597994598, 27.8912816292788, 27.8461484821019, 27.8464261249501)),34.7782147436586
"1048",1163,1750.15837047266,"1000-2000m",list(c(93.7800673537248, 93.7803905933884, 93.8311876316333, 93.8308433532833, 93.7800673537248, 27.8461484821019, 27.8912816292788, 27.8909847433959, 27.8458521590286, 27.8461484821019)),34.1435106661368
"1049",1164,1450.83883149714,"1000-2000m",list(c(93.8308433532833, 93.8311876316333, 93.8819838710022, 93.8816185553785, 93.8308433532833, 27.8458521590286, 27.8909847433959, 27.8906691428742, 27.8455371567906, 27.8458521590286)),28.4223641753886
"1050",1165,853.055491401642,"0-1000m",list(c(93.8816185553785, 93.8819838710022, 93.9327792626876, 93.9323929112889, 93.8816185553785, 27.8455371567906, 27.8906691428742, 27.8903348288438, 27.8452034765154, 27.8455371567906)),28.6208949969042
"1051",1166,759.200238528655,"0-1000m",list(c(93.9323929112889, 93.9327792626876, 93.9835737578868, 93.9831663722982, 93.9323929112889, 27.8452034765154, 27.8903348288438, 27.8899818025018, 27.8448511193972, 27.8452034765154)),27.7946772676236
"1052",1167,1244.74713648138,"1000-2000m",list(c(93.9831663722982, 93.9835737578868, 94.0343673078022, 94.0339388896951, 93.9831663722982, 27.8448511193972, 27.8899818025018, 27.8896100651123, 27.844480086697, 27.8448511193972)),35.1233660378273
"1053",1168,1799.01223432477,"1000-2000m",list(c(94.0339388896951, 94.0343673078022, 94.0851598636418, 94.0847104147736, 94.0339388896951, 27.844480086697, 27.8896100651123, 27.8892196180063, 27.8440903797425, 27.844480086697)),40.1174706252697
"1054",1169,1775.75221266713,"1000-2000m",list(c(94.0847104147736, 94.0851598636418, 94.1359513766194, 94.1354808988339, 94.0847104147736, 27.8440903797425, 27.8892196180063, 27.8888104625817, 27.8436819999284, 27.8440903797425)),35.2487099552894
"1055",1170,1810.79532474018,"1000-2000m",list(c(94.1354808988339, 94.1359513766194, 94.1867417979547, 94.1862502931817, 94.1354808988339, 27.8436819999284, 27.8888104625817, 27.8883826003034, 27.8432549487158, 27.8436819999284)),34.7798913393605
"1056",1171,1037.49067855125,"1000-2000m",list(c(94.1862502931817, 94.1867417979547, 94.2375310788738, 94.2370185491294, 94.1862502931817, 27.8432549487158, 27.8883826003034, 27.8879360327033, 27.842809227633, 27.8432549487158)),31.1827032743393
"1057",1172,694.544115352205,"0-1000m",list(c(94.2370185491294, 94.2375310788738, 94.2883191706095, 94.2877856179957, 94.2370185491294, 27.842809227633, 27.8879360327033, 27.8874707613798, 27.8423448382745, 27.842809227633)),33.3848272643805
"1058",1173,627.400705346275,"0-1000m",list(c(94.2877856179957, 94.2883191706095, 94.3391060244013, 94.3385514511063, 94.2877856179957, 27.8423448382745, 27.8874707613798, 27.8869867879987, 27.8418617823021, 27.8423448382745)),34.8250508924803
"1059",1174,968.156989517293,"0-1000m",list(c(94.3385514511063, 94.3391060244013, 94.3898915914959, 94.389315999794, 94.3385514511063, 27.8418617823021, 27.8869867879987, 27.8864841142923, 27.8413600614437, 27.8418617823021)),33.9524429229337
"1060",1175,676.569613932149,"0-1000m",list(c(94.389315999794, 94.3898915914959, 94.4406758231475, 94.4400792153992, 94.389315999794, 27.8413600614437, 27.8864841142923, 27.8859627420599, 27.8408396774945, 27.8413600614437)),34.5136400484575
"1061",1176,907.163321993696,"0-1000m",list(c(94.4400792153992, 94.4406758231475, 94.4914586706181, 94.4908410492696, 94.4400792153992, 27.8408396774945, 27.8859627420599, 27.8854226731676, 27.8403006323158, 27.8408396774945)),36.2275941419155
"1062",1177,1222.87618479694,"1000-2000m",list(c(94.4908410492696, 94.4914586706181, 94.5422400851775, 94.5416014527613, 94.4908410492696, 27.8403006323158, 27.8854226731676, 27.8848639095482, 27.8397429278359, 27.8403006323158)),36.0227537578112
"1063",1178,1415.77781592335,"1000-2000m",list(c(94.5416014527613, 94.5422400851775, 94.5930200181041, 94.5923603772384, 94.5416014527613, 27.8397429278359, 27.8848639095482, 27.8842864532015, 27.8391665660497, 27.8397429278359)),32.958384018496
"1064",1179,1203.14144377516,"1000-2000m",list(c(94.5923603772384, 94.5930200181041, 94.6437984206846, 94.6431177740736, 94.5923603772384, 27.8391665660497, 27.8842864532015, 27.8836903061939, 27.8385715490185, 27.8391665660497)),30.9783935011966
"1065",1180,1181.74232628209,"1000-2000m",list(c(94.6431177740736, 94.6437984206846, 94.6945752442146, 94.6938735946486, 94.6431177740736, 27.8385715490185, 27.8836903061939, 27.8830754706587, 27.8379578788704, 27.8385715490185)),35.7556099987106
"1066",1181,969.883524234574,"0-1000m",list(c(94.6938735946486, 94.6945752442146, 94.745350439999, 94.744627790354, 94.6938735946486, 27.8379578788704, 27.8830754706587, 27.8824419487958, 27.8373255578001, 27.8379578788704)),38.7406429799175
"1067",1182,643.989919166068,"0-1000m",list(c(94.744627790354, 94.745350439999, 94.7961239593519, 94.7953803125898, 94.744627790354, 27.8373255578001, 27.8824419487958, 27.8817897428718, 27.8366745880687, 27.8373255578001)),31.0657677751364
"1068",1183,455.535057435189,"0-1000m",list(c(94.7953803125898, 94.7961239593519, 94.8468957535972, 94.8461311127657, 94.7953803125898, 27.8366745880687, 27.8817897428718, 27.8811188552203, 27.8360049720039, 27.8366745880687)),28.0538975297347
"1069",1184,399.37246028526,"0-1000m",list(c(94.8461311127657, 94.8468957535972, 94.8976657740689, 94.8968801423014, 94.8461311127657, 27.8360049720039, 27.8811188552203, 27.8804292882411, 27.8353167119998, 27.8360049720039)),30.6619674214031
"1070",1185,434.426172716207,"0-1000m",list(c(94.8968801423014, 94.8976657740689, 94.948433972111, 94.9476273526268, 94.8968801423014, 27.8353167119998, 27.8804292882411, 27.879721044401, 27.8346098105173, 27.8353167119998)),32.8337664785145
"1071",1186,457.251710501538,"0-1000m",list(c(94.9476273526268, 94.948433972111, 94.9992002990782, 94.9983726951823, 94.9476273526268, 27.8346098105173, 27.879721044401, 27.8789941262333, 27.8338842700834, 27.8346098105173)),31.4669963794264
"1072",1187,379.104709590837,"0-1000m",list(c(94.9983726951823, 94.9992002990782, 95.0499647063361, 95.0491161214189, 94.9983726951823, 27.8338842700834, 27.8789941262333, 27.8782485363379, 27.8331400932918, 27.8338842700834)),31.9815641338604
"1073",1188,413.290440022597,"0-1000m",list(c(95.0491161214189, 95.0499647063361, 95.1007271452611, 95.099857582799, 95.0491161214189, 27.8331400932918, 27.8782485363379, 27.8774842773814, 27.8323772828025, 27.8331400932918)),31.8260278874555
"1074",1189,282.744951780531,"0-1000m",list(c(95.099857582799, 95.1007271452611, 95.1514875672413, 95.150597030796, 95.099857582799, 27.8323772828025, 27.8774842773814, 27.8767013520966, 27.8315958413418, 27.8323772828025)),25.5676501808162
"1075",1190,186.336342027496,"0-1000m",list(c(95.150597030796, 95.1514875672413, 95.2022459236762, 95.2013344168952, 95.150597030796, 27.8315958413418, 27.8767013520966, 27.8758997632833, 27.8307957717026, 27.8315958413418)),16.0493430603394
"1076",1191,142.800037463707,"0-1000m",list(c(95.2013344168952, 95.2022459236762, 95.2530021659775, 95.2520696925935, 95.2013344168952, 27.8307957717026, 27.8758997632833, 27.8750795138075, 27.8299770767439, 27.8307957717026)),12.9307010147049
"1077",1194,125.615565908468,"0-1000m",list(c(95.3535337188373, 95.3545081138865, 95.4052577223795, 95.4042623724388, 95.3535337188373, 27.8282838226362, 27.8733830446649, 27.8725068310625, 27.8274092695368, 27.8282838226362)),9.18202018819144
"1078",1198,145.439066808059,"0-1000m",list(c(95.860710752094, 95.8618945024789, 95.9126188454311, 95.9114141847325, 95.860710752094, 27.8187010934687, 27.863782122321, 27.8627195752507, 27.8176405596687, 27.8187010934687)),12.175820536508
"1079",1199,149.196880296278,"0-1000m",list(c(95.9114141847325, 95.9126188454311, 95.9633403954204, 95.9621148293337, 95.9114141847325, 27.8176405596687, 27.8627195752507, 27.8616384146091, 27.8165614475261, 27.8176405596687)),15.6533395724738
"1080",1200,155.581536156799,"0-1000m",list(c(95.9621148293337, 95.9633403954204, 96.0140591040709, 96.012812637606, 95.9621148293337, 27.8165614475261, 27.8616384146091, 27.8605386442563, 27.8154637608917, 27.8165614475261)),16.989402071724
"1081",1201,163.274804157174,"0-1000m",list(c(96.012812637606, 96.0140591040709, 96.0647749230229, 96.0635075612748, 96.012812637606, 27.8154637608917, 27.8605386442563, 27.8594202681182, 27.8143475036818, 27.8154637608917)),16.2232309393724
"1082",1202,175.518548741447,"0-1000m",list(c(96.0635075612748, 96.0647749230229, 96.1154878039334, 96.1141995520815, 96.0635075612748, 27.8143475036818, 27.8594202681182, 27.8582832901868, 27.8132126798787, 27.8143475036818)),14.5739575740585
"1083",1203,190.968321837646,"0-1000m",list(c(96.1141995520815, 96.1154878039334, 96.1661976984763, 96.1648885617848, 96.1141995520815, 27.8132126798787, 27.8582832901868, 27.8571277145199, 27.8120592935305, 27.8132126798787)),17.4072425944882
"1084",1204,210.609656377766,"0-1000m",list(c(96.1648885617848, 96.1661976984763, 96.2169045583427, 96.2155745421604, 96.1648885617848, 27.8120592935305, 27.8571277145199, 27.8559535452413, 27.8108873487508, 27.8120592935305)),17.8706566882687
"1085",1205,234.297438955496,"0-1000m",list(c(96.2155745421604, 96.2169045583427, 96.2676083352411, 96.2662574450013, 96.2155745421604, 27.8108873487508, 27.8559535452413, 27.8547607865405, 27.8096968497191, 27.8108873487508)),21.776458448287
"1086",1206,265.424393745514,"0-1000m",list(c(96.2662574450013, 96.2676083352411, 96.3183089808981, 96.3169372221183, 96.2662574450013, 27.8096968497191, 27.8547607865405, 27.853549442673, 27.8084878006805, 27.8096968497191)),22.741406985111
"1087",1207,491.845104709591,"0-1000m",list(c(96.3169372221183, 96.3183089808981, 96.3690064470579, 96.3676138253403, 96.3169372221183, 27.8084878006805, 27.853549442673, 27.8523195179599, 27.8072602059455, 27.8084878006805)),29.7814816953985
"1088",1208,1254.31143682129,"1000-2000m",list(c(96.3676138253403, 96.3690064470579, 96.4197006854832, 96.4182872065142, 96.3676138253403, 27.8072602059455, 27.8523195179599, 27.8510710167882, 27.8060140698906, 27.8072602059455)),38.9325684282172
"1089",1209,1646.22361973721,"1000-2000m",list(c(96.4182872065142, 96.4197006854832, 96.4703916479553, 96.4689573175056, 96.4182872065142, 27.8060140698906, 27.8510710167882, 27.8498039436102, 27.8047493969574, 27.8060140698906)),39.0880560680062
"1090",1210,1662.70921631659,"1000-2000m",list(c(96.4689573175056, 96.4703916479553, 96.5210792862742, 96.5196241101986, 96.4689573175056, 27.8047493969574, 27.8498039436102, 27.8485183029443, 27.8034661916531, 27.8047493969574)),42.0174429393208
"1091",1212,2461.59867045348,"2000-2500m",list(c(96.5702875364968, 96.5717635522592, 96.6224443977489, 96.6209475483228, 96.5702875364968, 27.8021644585505, 27.8472140993743, 27.8458913375495, 27.8008442022877, 27.8021644585505)),39.7476135203826
"1092",1213,1898.90016320382,"1000-2000m",list(c(96.7729066164898, 96.774465929929, 96.825132612221, 96.8235524900498, 96.7729066164898, 27.7967723418984, 27.8418117500225, 27.8404148029818, 27.7953780406818, 27.7967723418984)),34.8667832672972
"1093",1214,1880.86108423582,"1000-2000m",list(c(96.9754679915721, 96.9771105009504, 97.0277622510849, 97.0260989592458, 96.9754679915721, 27.7910841632726, 27.8361127779347, 27.8346417253006, 27.7896158965318, 27.7910841632726)),37.4666768185902
"1094",1215,2209.38600543054,"2000-2500m",list(c(97.0260989592458, 97.0277622510849, 97.0784101481891, 97.0767260806659, 97.0260989592458, 27.7896158965318, 27.8346417253006, 27.8331521591986, 27.788129151309, 27.7896158965318)),39.3862226246772
"1095",1216,2316.82207645471,"2000-2500m",list(c(93.018372355508, 93.0183799215784, 93.0692041819401, 93.0691755175061, 93.018372355508, 27.893488597409, 27.9386256327172, 27.9386095259636, 27.8934725211573, 27.893488597409)),35.6570604400604
"1096",1217,1770.0856268148,"1000-2000m",list(c(93.0691755175061, 93.0692041819401, 93.1200283758191, 93.1199786131393, 93.0691755175061, 27.8934725211573, 27.9386095259636, 27.9385746601369, 27.893437721357, 27.8934725211573)),35.2668545447941
"1097",1218,1773.08988764045,"1000-2000m",list(c(93.1199786131393, 93.1200283758191, 93.1708524542814, 93.1707815935602, 93.1199786131393, 27.893437721357, 27.9385746601369, 27.9385210353619, 27.8933841981328, 27.893437721357)),35.2220129765931
"1098",1219,1998.77546921097,"1000-2000m",list(c(93.1707815935602, 93.1708524542814, 93.2216763683936, 93.2215844099221, 93.1707815935602, 27.8933841981328, 27.9385210353619, 27.9384486518308, 27.8933119516763, 27.8933841981328)),37.0781967428461
"1099",1220,1930.18084837773,"1000-2000m",list(c(93.2215844099221, 93.2216763683936, 93.2725000692234, 93.2723870133794, 93.2215844099221, 27.8933119516763, 27.9384486518308, 27.938357509803, 27.8932209822464, 27.8933119516763)),36.2387689185042
"1100",1221,1289.77330362187,"1000-2000m",list(c(93.2723870133794, 93.2725000692234, 93.3233235078397, 93.3231893550876, 93.2723870133794, 27.8932209822464, 27.938357509803, 27.9382476096051, 27.8931112901688, 27.8932209822464)),30.6667122459336
"1101",1222,1317.41513066532,"1000-2000m",list(c(93.3231893550876, 93.3233235078397, 93.3741466353128, 93.3739913862038, 93.3231893550876, 27.8931112901688, 27.9382476096051, 27.9381189516311, 27.8929828758364, 27.8931112901688)),28.1249182068472
"1102",1223,1310.13056305317,"1000-2000m",list(c(93.3739913862038, 93.3741466353128, 93.4249694027149, 93.4247930578867, 93.3739913862038, 27.8929828758364, 27.9381189516311, 27.9379715363419, 27.8928357397092, 27.8929828758364)),28.9567202953375
"1103",1224,1427.08596447178,"1000-2000m",list(c(93.4247930578867, 93.4249694027149, 93.4757917611202, 93.4755943212973, 93.4247930578867, 27.8928357397092, 27.9379715363419, 27.9378053642658, 27.8926698823142, 27.8928357397092)),29.255226176857
"1104",1225,1720.7319467239,"1000-2000m",list(c(93.4755943212973, 93.4757917611202, 93.5266136616056, 93.5263951275989, 93.4755943212973, 27.8926698823142, 27.9378053642658, 27.9376204359984, 27.8924853042455, 27.8926698823142)),32.0590579942718
"1105",1226,1793.4172054485,"1000-2000m",list(c(93.5263951275989, 93.5266136616056, 93.5774350552502, 93.5771954279574, 93.5263951275989, 27.8924853042455, 27.9376204359984, 27.9374167522023, 27.8922820061641, 27.8924853042455)),32.9195459572451
"1106",1227,1872.51067101877,"1000-2000m",list(c(93.5771954279574, 93.5774350552502, 93.6282558931364, 93.6279951735418, 93.5771954279574, 27.8922820061641, 27.9374167522023, 27.9371943136074, 27.892059988798, 27.8922820061641)),34.2474168878738
"1107",1228,1455.74463451584,"1000-2000m",list(c(93.6279951735418, 93.6282558931364, 93.6790761263495, 93.6787943155241, 93.6279951735418, 27.892059988798, 27.9371943136074, 27.9369531210107, 27.8918192529426, 27.892059988798)),31.7550652709099
"1108",1229,1679.83048772833,"1000-2000m",list(c(93.6787943155241, 93.6790761263495, 93.7298957059786, 93.7295928050798, 93.6787943155241, 27.8918192529426, 27.9369531210107, 27.9366931752765, 27.8915597994598, 27.8918192529426)),33.7772050541916
"1109",1230,2146.1818780993,"2000-2500m",list(c(93.7295928050798, 93.7298957059786, 93.7807145831165, 93.7803905933884, 93.7295928050798, 27.8915597994598, 27.9366931752765, 27.9364144773363, 27.8912816292788, 27.8915597994598)),36.5079438920225
"1110",1231,2150.77682742078,"2000-2500m",list(c(93.7803905933884, 93.7807145831165, 93.83153270886, 93.8311876316333, 93.7803905933884, 27.8912816292788, 27.9364144773363, 27.9361170281886, 27.8909847433959, 27.8912816292788)),36.5870541765758
"1111",1232,1359.32571715523,"1000-2000m",list(c(93.8311876316333, 93.83153270886, 93.8823500343104, 93.8819838710022, 93.8311876316333, 27.8909847433959, 27.9361170281886, 27.9358008288992, 27.8906691428742, 27.8909847433959)),31.9411389753957
"1112",1233,1023.62139853117,"1000-2000m",list(c(93.8819838710022, 93.8823500343104, 93.9331665105734, 93.9327792626876, 93.8819838710022, 27.8906691428742, 27.9358008288992, 27.935465880601, 27.8903348288438, 27.8906691428742)),31.7029607206369
"1113",1234,1428.18990657745,"1000-2000m",list(c(93.9327792626876, 93.9331665105734, 93.98398208876, 93.9835737578868, 93.9327792626876, 27.8903348288438, 27.935465880601, 27.9351121844939, 27.8899818025018, 27.8903348288438)),33.3539693829062
"1114",1235,1563.92131692926,"1000-2000m",list(c(93.9835737578868, 93.98398208876, 94.034796719986, 94.0343673078022, 93.9835737578868, 27.8899818025018, 27.9351121844939, 27.9347397418452, 27.8896100651123, 27.8899818025018)),36.7316904623428
"1115",1236,1840.55376310338,"1000-2000m",list(c(94.0343673078022, 94.034796719986, 94.085610355373, 94.0851598636418, 94.0343673078022, 27.8896100651123, 27.9347397418452, 27.934348553989, 27.8892196180063, 27.8896100651123)),35.7821214041951
"1116",1237,1037.37384799899,"1000-2000m",list(c(94.0851598636418, 94.085610355373, 94.1364229460482, 94.1359513766194, 94.0851598636418, 27.8892196180063, 27.934348553989, 27.9339386223268, 27.8888104625817, 27.8892196180063)),33.0730091062889
"1117",1238,1204.25685769883,"1000-2000m",list(c(94.1359513766194, 94.1364229460482, 94.187234443145, 94.1867417979547, 94.1359513766194, 27.8888104625817, 27.9339386223268, 27.9335099483269, 27.8883826003034, 27.8888104625817)),34.7424400276471
"1118",1239,1288.92491478349,"1000-2000m",list(c(94.1867417979547, 94.187234443145, 94.2380447978029, 94.2375310788738, 94.1867417979547, 27.8883826003034, 27.9335099483269, 27.933062533525, 27.8879360327033, 27.8883826003034)),34.0248336648931
"1119",1240,833.245653129119,"0-1000m",list(c(94.2375310788738, 94.2380447978029, 94.2888539611684, 94.2883191706095, 94.2375310788738, 27.8879360327033, 27.933062533525, 27.9325963795234, 27.8874707613798, 27.8879360327033)),31.2020518874383
"1120",1241,534.227889021405,"0-1000m",list(c(94.2883191706095, 94.2888539611684, 94.3396618843946, 94.3391060244013, 94.2883191706095, 27.8874707613798, 27.9325963795234, 27.9321114879919, 27.8869867879987, 27.8874707613798)),31.3706023408684
"1121",1242,923.606741573034,"0-1000m",list(c(94.3391060244013, 94.3396618843946, 94.3904685186419, 94.3898915914959, 94.3391060244013, 27.8869867879987, 27.9321114879919, 27.9316078606671, 27.8864841142923, 27.8869867879987)),32.1981963323597
"1122",1243,824.766587157115,"0-1000m",list(c(94.3898915914959, 94.3904685186419, 94.4412738150782, 94.4406758231475, 94.3898915914959, 27.8864841142923, 27.9316078606671, 27.9310854993527, 27.8859627420599, 27.8864841142923)),30.9325728801553
"1123",1244,893.136934279079,"0-1000m",list(c(94.4406758231475, 94.4412738150782, 94.492077724879, 94.4914586706181, 94.4406758231475, 27.8859627420599, 27.9310854993527, 27.9305444059192, 27.8854226731676, 27.8859627420599)),34.7302286192845
"1124",1245,1132.29273450322,"1000-2000m",list(c(94.4914586706181, 94.492077724879, 94.5428801992281, 94.5422400851775, 94.4914586706181, 27.8854226731676, 27.9305444059192, 27.9299845823042, 27.8848639095482, 27.8854226731676)),32.9066853533029
"1125",1246,1189.41212102191,"1000-2000m",list(c(94.5422400851775, 94.5428801992281, 94.5936811893174, 94.5930200181041, 94.5422400851775, 27.8848639095482, 27.9299845823042, 27.9294060305124, 27.8842864532015, 27.8848639095482)),36.3457975207565
"1126",1247,1115.39611449375,"1000-2000m",list(c(94.5930200181041, 94.5936811893174, 94.6444806463475, 94.6437984206846, 94.5930200181041, 27.8842864532015, 27.9294060305124, 27.9288087526152, 27.8836903061939, 27.8842864532015)),37.0552416575136
"1127",1248,992.454898371418,"0-1000m",list(c(94.6437984206846, 94.6444806463475, 94.6952785215278, 94.6945752442146, 94.6437984206846, 27.8836903061939, 27.9288087526152, 27.928192750751, 27.8830754706587, 27.8836903061939)),37.7002565219496
"1128",1249,724.640449438202,"0-1000m",list(c(94.6945752442146, 94.6952785215278, 94.746074766077, 94.745350439999, 94.6945752442146, 27.8830754706587, 27.928192750751, 27.9275580271252, 27.8824419487958, 27.8830754706587)),34.8733937281379
"1129",1250,877.847278890214,"0-1000m",list(c(94.745350439999, 94.746074766077, 94.7968693312232, 94.7961239593519, 94.745350439999, 27.8824419487958, 27.9275580271252, 27.92690458401, 27.8817897428718, 27.8824419487958)),30.0889143689144
"1130",1251,894.642059083449,"0-1000m",list(c(94.7961239593519, 94.7968693312232, 94.8476621682041, 94.8468957535972, 94.7961239593519, 27.8817897428718, 27.92690458401, 27.9262324237444, 27.8811188552203, 27.8817897428718)),31.126420221169
"1131",1252,649.780271169418,"0-1000m",list(c(94.8468957535972, 94.8476621682041, 94.8984532282677, 94.8976657740689, 94.8468957535972, 27.8811188552203, 27.9262324237444, 27.9255415487342, 27.8804292882411, 27.8811188552203)),30.6953335576961
"1132",1253,343.373862281087,"0-1000m",list(c(94.8976657740689, 94.8984532282677, 94.9492424626719, 94.948433972111, 94.8976657740689, 27.8804292882411, 27.9255415487342, 27.9248319614523, 27.879721044401, 27.8804292882411)),26.8264549414067
"1133",1254,475.112801413963,"0-1000m",list(c(94.948433972111, 94.9492424626719, 95.0000298226855, 94.9992002990782, 94.948433972111, 27.879721044401, 27.9248319614523, 27.924103664438, 27.8789941262333, 27.879721044401)),32.9040883890721
"1134",1255,379.769474609252,"0-1000m",list(c(94.9992002990782, 95.0000298226855, 95.050815259588, 95.0499647063361, 94.9992002990782, 27.8789941262333, 27.924103664438, 27.9233566602976, 27.8782485363379, 27.8789941262333)),31.5903520137395
"1135",1256,361.761015023356,"0-1000m",list(c(95.0499647063361, 95.050815259588, 95.1015987246701, 95.1007271452611, 95.0499647063361, 27.8782485363379, 27.9233566602976, 27.9225909517041, 27.8774842773814, 27.8782485363379)),32.1649147934165
"1136",1257,409.320538572594,"0-1000m",list(c(95.1007271452611, 95.1015987246701, 95.1523801692338, 95.1514875672413, 95.1007271452611, 27.8774842773814, 27.9225909517041, 27.9218065413972, 27.8767013520966, 27.8774842773814)),31.4312214464793
"1137",1258,284.139319565627,"0-1000m",list(c(95.1514875672413, 95.1523801692338, 95.203159544593, 95.2022459236762, 95.1514875672413, 27.8767013520966, 27.9218065413972, 27.9210034321832, 27.8758997632833, 27.8767013520966)),27.3639801587422
"1138",1259,201.523071581871,"0-1000m",list(c(95.2022459236762, 95.203159544593, 95.2539368020734, 95.2530021659775, 95.2022459236762, 27.8758997632833, 27.9210034321832, 27.9201816269353, 27.8750795138075, 27.8758997632833)),20.499854779586
"1139",1260,150.504205636809,"0-1000m",list(c(95.2530021659775, 95.2539368020734, 95.304711893013, 95.3037562455688, 95.2530021659775, 27.8750795138075, 27.9201816269353, 27.9193411285931, 27.8742406066017, 27.8750795138075)),17.4222247640481
"1140",1261,141.166624819534,"0-1000m",list(c(95.3037562455688, 95.304711893013, 95.3554847687624, 95.3545081138865, 95.3037562455688, 27.8742406066017, 27.9193411285931, 27.9184819401629, 27.8733830446649, 27.8742406066017)),14.966541072382
"1141",1262,129.376688549426,"0-1000m",list(c(95.3545081138865, 95.3554847687624, 95.406255380685, 95.4052577223795, 95.3545081138865, 27.8733830446649, 27.9184819401629, 27.9176040647175, 27.8725068310625, 27.8733830446649)),11.8614693854205
"1142",1263,130.819251773272,"0-1000m",list(c(95.4052577223795, 95.406255380685, 95.4570236801571, 95.45600502251, 95.4052577223795, 27.8725068310625, 27.9176040647175, 27.9167075053963, 27.8716119689264, 27.8725068310625)),12.2974996373861
"1143",1264,130.918014427353,"0-1000m",list(c(95.45600502251, 95.4570236801571, 95.5077896185687, 95.5067499657533, 95.45600502251, 27.8716119689264, 27.9167075053963, 27.9157922654054, 27.8706984614546, 27.8716119689264)),9.44026334739224
"1144",1267,157.599010666254,"0-1000m",list(c(95.9126188454311, 95.9138262990951, 95.9645688028488, 95.9633403954204, 95.9126188454311, 27.8627195752507, 27.9077982480052, 27.9067150372137, 27.8616384146091, 27.8627195752507)),13.4346618335489
"1145",1268,166.588192831586,"0-1000m",list(c(95.9633403954204, 95.9645688028488, 96.0153084602371, 96.0140591040709, 95.9633403954204, 27.8616384146091, 27.9067150372137, 27.9056131814635, 27.8605386442563, 27.8616384146091)),22.6427808233316
"1146",1269,170.239219132509,"0-1000m",list(c(96.0140591040709, 96.0153084602371, 96.0660452228154, 96.0647749230229, 96.0140591040709, 27.8605386442563, 27.9056131814635, 27.90449268469, 27.8594202681182, 27.8605386442563)),19.8288020238744
"1147",1270,180.160049236208,"0-1000m",list(c(96.0647749230229, 96.0660452228154, 96.1167790421558, 96.1154878039334, 96.0647749230229, 27.8594202681182, 27.90449268469, 27.903353550895, 27.8582832901868, 27.8594202681182)),17.7584860021374
"1148",1271,194.227763480008,"0-1000m",list(c(96.1154878039334, 96.1167790421558, 96.1675098698472, 96.1661976984763, 96.1154878039334, 27.8582832901868, 27.903353550895, 27.9021957841461, 27.8571277145199, 27.8582832901868)),21.414660125234
"1149",1272,215.189818592681,"0-1000m",list(c(96.1661976984763, 96.1675098698472, 96.2182376574958, 96.2169045583427, 96.1661976984763, 27.8571277145199, 27.9021957841461, 27.9010193885771, 27.8559535452413, 27.8571277145199)),22.1255691038389
"1150",1273,234.810093422548,"0-1000m",list(c(96.2169045583427, 96.2182376574958, 96.2689623567256, 96.2676083352411, 96.2169045583427, 27.8559535452413, 27.9010193885771, 27.8998243683878, 27.8547607865405, 27.8559535452413)),20.7880330822256
"1151",1274,263.565658150775,"0-1000m",list(c(96.2676083352411, 96.2689623567256, 96.3196839191781, 96.3183089808981, 96.2676083352411, 27.8547607865405, 27.8998243683878, 27.898610727844, 27.853549442673, 27.8547607865405)),24.062956418063
"1152",1275,421.708712572971,"0-1000m",list(c(96.3183089808981, 96.3196839191781, 96.370402296513, 96.3690064470579, 96.3183089808981, 27.853549442673, 27.898610727844, 27.8973784712773, 27.8523195179599, 27.853549442673)),26.8344292681552
"1153",1276,1063.94009594748,"1000-2000m",list(c(96.3690064470579, 96.370402296513, 96.4211174404085, 96.4197006854832, 96.3690064470579, 27.8523195179599, 27.8973784712773, 27.8961276030852, 27.8510710167882, 27.8523195179599)),39.3630730447232
"1154",1277,1277.73397777917,"1000-2000m",list(c(96.4197006854832, 96.4211174404085, 96.4718293025613, 96.4703916479553, 96.4197006854832, 27.8510710167882, 27.8961276030852, 27.8948581277311, 27.8498039436102, 27.8510710167882)),36.3259097982053
"1155",1278,1418.86695750424,"1000-2000m",list(c(96.4703916479553, 96.4718293025613, 96.5225378346869, 96.5210792862742, 96.4703916479553, 27.8498039436102, 27.8948581277311, 27.8935700497442, 27.8485183029443, 27.8498039436102)),41.6983622593591
"1156",1279,1544.57798889029,"1000-2000m",list(c(96.5210792862742, 96.5225378346869, 96.5732429885201, 96.5717635522592, 96.5210792862742, 27.8485183029443, 27.8935700497442, 27.8922633737195, 27.8472140993743, 27.8485183029443)),40.6015796441996
"1157",1280,2092.09993095223,"2000-2500m",list(c(96.5717635522592, 96.5732429885201, 96.6239447158154, 96.6224443977489, 96.5717635522592, 27.8472140993743, 27.8922633737195, 27.8909381043176, 27.8458913375495, 27.8472140993743)),40.5754727605319
"1158",1281,2436.8040612642,"2000-2500m",list(c(96.7237956346955, 96.7253376979077, 96.7760288563131, 96.774465929929, 96.7237956346955, 27.8431901580606, 27.8882318043532, 27.8868507834401, 27.8418117500225, 27.8431901580606)),38.5661282205951
"1159",1282,1642.65351597021,"1000-2000m",list(c(96.774465929929, 96.7760288563131, 96.8267163953976, 96.825132612221, 96.774465929929, 27.8418117500225, 27.8868507834401, 27.8854511884488, 27.8404148029818, 27.8418117500225)),31.8028352674858
"1160",1283,1629.79232314356,"1000-2000m",list(c(96.825132612221, 96.8267163953976, 96.8774002670168, 96.8757956335113, 96.825132612221, 27.8404148029818, 27.8854511884488, 27.8840330243677, 27.8389993219149, 27.8404148029818)),34.6729689817122
"1161",1284,1783.74468018329,"1000-2000m",list(c(96.8757956335113, 96.8774002670168, 96.9280804230476, 96.9264549457604, 96.8757956335113, 27.8389993219149, 27.8840330243677, 27.8825962962509, 27.8375653118635, 27.8389993219149)),33.3891050464167
"1162",1285,1884.85648907966,"1000-2000m",list(c(96.9264549457604, 96.9280804230476, 96.978756815388, 96.9771105009504, 96.9264549457604, 27.8375653118635, 27.8825962962509, 27.8811410092178, 27.8361127779347, 27.8375653118635)),34.5672470844167
"1163",1286,2022.37376812504,"2000-2500m",list(c(96.9771105009504, 96.978756815388, 97.0294293959578, 97.0277622510849, 96.9771105009504, 27.8361127779347, 27.8811410092178, 27.8796671684531, 27.8346417253006, 27.8361127779347)),37.6987761811982
"1164",1287,2470.28710090197,"2000-2500m",list(c(92.9675556436684, 92.967542079958, 93.0183875051972, 93.0183799215784, 92.9675556436684, 27.9386229803397, 27.9837597145726, 27.983762371977, 27.9386256327172, 27.9386229803397)),37.6429226355688
"1165",1288,1931.91810492806,"1000-2000m",list(c(93.0183799215784, 93.0183875051972, 93.0692329128569, 93.0692041819401, 93.0183799215784, 27.9386256327172, 27.983762371977, 27.9837462346969, 27.9386095259636, 27.9386256327172)),39.8371311644126
"1166",1289,1715.34410896993,"1000-2000m",list(c(93.0692041819401, 93.0692329128569, 93.1200782539158, 93.1200283758191, 93.0692041819401, 27.9386095259636, 27.9837462346969, 27.9837113027901, 27.9385746601369, 27.9386095259636)),38.0168361373393
"1167",1290,1530.85100340189,"1000-2000m",list(c(93.1200283758191, 93.1200782539158, 93.1709234793528, 93.1708524542814, 93.1200283758191, 27.9385746601369, 27.9837113027901, 27.983657576382, 27.9385210353619, 27.9385746601369)),33.258897456135
"1168",1291,1452.06685184607,"1000-2000m",list(c(93.1708524542814, 93.1709234793528, 93.2217685401478, 93.2216763683936, 93.1708524542814, 27.9385210353619, 27.983657576382, 27.9835850556652, 27.9384486518308, 27.9385210353619)),34.2130201582671
"1169",1292,1542.88823677108,"1000-2000m",list(c(93.2216763683936, 93.2217685401478, 93.2726133872813, 93.2725000692234, 93.2216763683936, 27.9384486518308, 27.9835850556652, 27.9834937408996, 27.938357509803, 27.9384486518308)),35.6158417160345
"1170",1293,1962.87843700259,"1000-2000m",list(c(93.2725000692234, 93.2726133872813, 93.3234579717352, 93.3233235078397, 93.2725000692234, 27.938357509803, 27.9834937408996, 27.9833836324128, 27.9382476096051, 27.938357509803)),37.9074396760343
"1171",1294,2401.14007053463,"2000-2500m",list(c(93.3741466353128, 93.3743022444931, 93.4251461565401, 93.4249694027149, 93.3741466353128, 27.9381189516311, 27.9832547305996, 27.983107035922, 27.9379715363419, 27.9381189516311)),35.7026211506326
"1172",1295,1885.0176960769,"1000-2000m",list(c(93.4249694027149, 93.4251461565401, 93.4759896588637, 93.4757917611202, 93.4249694027149, 27.9379715363419, 27.983107035922, 27.9829405489098, 27.9378053642658, 27.9379715363419)),35.5373443074419
"1173",1296,1261.42787646727,"1000-2000m",list(c(93.4757917611202, 93.4759896588637, 93.5268327024535, 93.5266136616056, 93.4757917611202, 27.9378053642658, 27.9829405489098, 27.9827552701598, 27.9376204359984, 27.9378053642658)),33.3016288636701
"1174",1297,1153.14238007553,"1000-2000m",list(c(93.5266136616056, 93.5268327024535, 93.577675238302, 93.5774350552502, 93.5266136616056, 27.9376204359984, 27.9827552701598, 27.9825512003363, 27.9374167522023, 27.9376204359984)),30.2728657152026
"1175",1298,1624.71143222746,"1000-2000m",list(c(93.5774350552502, 93.577675238302, 93.6285172174045, 93.6282558931364, 93.5774350552502, 27.9374167522023, 27.9825512003363, 27.982328340171, 27.9371943136074, 27.9374167522023)),34.3208214997245
"1176",1299,1998.87609064089,"1000-2000m",list(c(93.6282558931364, 93.6285172174045, 93.6793585907596, 93.6790761263495, 93.6282558931364, 27.9371943136074, 27.982328340171, 27.9820866904629, 27.9369531210107, 27.9371943136074)),35.5984990793322
"1177",1300,1369.84357541899,"1000-2000m",list(c(93.6790761263495, 93.6793585907596, 93.7301993093693, 93.7298957059786, 93.6790761263495, 27.9369531210107, 27.9820866904629, 27.9818262520784, 27.9366931752765, 27.9369531210107)),32.1745011744194
"1178",1301,1168.68290627633,"1000-2000m",list(c(93.7298957059786, 93.7301993093693, 93.7810393242397, 93.7807145831165, 93.7298957059786, 27.9366931752765, 27.9818262520784, 27.9815470259512, 27.9364144773363, 27.9366931752765)),32.3514309496784
"1179",1302,1441.00232251585,"1000-2000m",list(c(93.7807145831165, 93.7810393242397, 93.8318785863807, 93.83153270886, 93.7807145831165, 27.9364144773363, 27.9815470259512, 27.9812490130822, 27.9361170281886, 27.9364144773363)),37.2504336025219
"1180",1303,937.148185137792,"0-1000m",list(c(93.83153270886, 93.8318785863807, 93.8827170468067, 93.8823500343104, 93.83153270886, 27.9361170281886, 27.9812490130822, 27.9809322145398, 27.9358008288992, 27.9361170281886)),32.5395965070762
"1181",1304,1431.33919041228,"1000-2000m",list(c(93.8823500343104, 93.8827170468067, 93.9335546565367, 93.9331665105734, 93.8823500343104, 27.9358008288992, 27.9809322145398, 27.9805966314597, 27.935465880601, 27.9358008288992)),37.8357094447771
"1182",1305,2306.68840625196,"2000-2500m",list(c(93.9331665105734, 93.9335546565367, 93.9843913665946, 93.98398208876, 93.9331665105734, 27.935465880601, 27.9805966314597, 27.9802422650448, 27.9351121844939, 27.935465880601)),35.1972829702758
"1183",1306,1921.04300739677,"1000-2000m",list(c(93.98398208876, 93.9843913665946, 94.0352271280098, 94.034796719986, 93.98398208876, 27.9351121844939, 27.9802422650448, 27.9798691165653, 27.9347397418452, 27.9351121844939)),37.0270042853237
"1184",1307,1959.3207765051,"1000-2000m",list(c(94.034796719986, 94.0352271280098, 94.086061891817, 94.085610355373, 94.034796719986, 27.9347397418452, 27.9798691165653, 27.9794771873588, 27.934348553989, 27.9347397418452)),35.2986833017912
"1185",1308,1395.06255100119,"1000-2000m",list(c(94.085610355373, 94.086061891817, 94.1368956090565, 94.1364229460482, 94.085610355373, 27.934348553989, 27.9794771873588, 27.97906647883, 27.9339386223268, 27.934348553989)),34.0614129231189
"1186",1309,686.431259948191,"0-1000m",list(c(94.1364229460482, 94.1368956090565, 94.1877282307751, 94.187234443145, 94.1364229460482, 27.9339386223268, 27.97906647883, 27.9786369924508, 27.9335099483269, 27.9339386223268)),28.9601190854768
"1187",1310,686.162858577616,"0-1000m",list(c(94.187234443145, 94.1877282307751, 94.2385597080257, 94.2380447978029, 94.187234443145, 27.9335099483269, 27.9786369924508, 27.9781887297607, 27.933062533525, 27.9335099483269)),30.0718176242452
"1188",1311,640.107705752005,"0-1000m",list(c(94.2380447978029, 94.2385597080257, 94.2893899918679, 94.2888539611684, 94.2380447978029, 27.933062533525, 27.9781887297607, 27.977721692366, 27.9325963795234, 27.933062533525)),28.4295558817568
"1189",1312,426.274960207234,"0-1000m",list(c(94.2888539611684, 94.2893899918679, 94.3402190333682, 94.3396618843946, 94.2888539611684, 27.9325963795234, 27.977721692366, 27.9772358819403, 27.9321114879919, 27.9325963795234)),26.7454465207067
"1190",1313,804.195813194401,"0-1000m",list(c(94.3396618843946, 94.3402190333682, 94.3910467836003, 94.3904685186419, 94.3396618843946, 27.9321114879919, 27.9772358819403, 27.9767313002247, 27.9316078606671, 27.9321114879919)),31.1497479546894
"1191",1314,690.077432040198,"0-1000m",list(c(94.3904685186419, 94.3910467836003, 94.4418731936457, 94.4412738150782, 94.3904685186419, 27.9316078606671, 27.9767313002247, 27.976207949027, 27.9310854993527, 27.9316078606671)),31.0099179962861
"1192",1315,631.343747074061,"0-1000m",list(c(94.4412738150782, 94.4418731936457, 94.4926982145932, 94.492077724879, 94.4412738150782, 27.9310854993527, 27.976207949027, 27.9756658302225, 27.9305444059192, 27.9310854993527)),28.2304120949377
"1193",1316,815.91199548051,"0-1000m",list(c(94.492077724879, 94.4926982145932, 94.5435217975399, 94.5428801992281, 94.492077724879, 27.9305444059192, 27.9756658302225, 27.9751049457535, 27.9299845823042, 27.9305444059192)),33.0640185665665
"1194",1317,767.156518211042,"0-1000m",list(c(94.5428801992281, 94.5435217975399, 94.5943438935914, 94.5936811893174, 94.5428801992281, 27.9299845823042, 27.9751049457535, 27.9745252976295, 27.9294060305124, 27.9299845823042)),35.8349456324811
"1195",1318,838.348584625948,"0-1000m",list(c(94.5936811893174, 94.5943438935914, 94.6451644538617, 94.6444806463475, 94.5936811893174, 27.9294060305124, 27.9745252976295, 27.973926887927, 27.9288087526152, 27.9294060305124)),34.457248360024
"1196",1319,857.09079781558,"0-1000m",list(c(94.6444806463475, 94.6451644538617, 94.6959834294737, 94.6952785215278, 94.6444806463475, 27.9288087526152, 27.973926887927, 27.9733097187895, 27.928192750751, 27.9288087526152)),30.396466121942
"1197",1320,907.925376860897,"0-1000m",list(c(94.6952785215278, 94.6959834294737, 94.7468007715598, 94.746074766077, 94.6952785215278, 27.928192750751, 27.9733097187895, 27.9726737924279, 27.9275580271252, 27.928192750751)),25.7113772601376
"1198",1321,1192.92946537249,"1000-2000m",list(c(94.746074766077, 94.7468007715598, 94.7976164312614, 94.7968693312232, 94.746074766077, 27.9275580271252, 27.9726737924279, 27.9720191111198, 27.92690458401, 27.9275580271252)),28.8972075651689
"1199",1322,1339.94749231059,"1000-2000m",list(c(94.7968693312232, 94.7976164312614, 94.8484303597302, 94.8476621682041, 94.7968693312232, 27.92690458401, 27.9720191111198, 27.97134567721, 27.9262324237444, 27.92690458401)),33.38567850547
"1200",1323,1125.80618582441,"1000-2000m",list(c(94.8476621682041, 94.8484303597302, 94.8992425081275, 94.8984532282677, 94.8476621682041, 27.9262324237444, 27.97134567721, 27.9706534931101, 27.9255415487342, 27.9262324237444)),34.0010467583203
"1201",1324,607.11151337349,"0-1000m",list(c(94.8984532282677, 94.8992425081275, 94.9500528276252, 94.9492424626719, 94.8984532282677, 27.9255415487342, 27.9706534931101, 27.969942561299, 27.9248319614523, 27.9255415487342)),27.9600709984229
"1202",1325,519.831209591363,"0-1000m",list(c(94.9492424626719, 94.9500528276252, 95.0008612694056, 95.0000298226855, 94.9492424626719, 27.9248319614523, 27.969942561299, 27.9692128843223, 27.924103664438, 27.9248319614523)),31.7435096854064
"1203",1326,570.540151680659,"0-1000m",list(c(95.0000298226855, 95.0008612694056, 95.0516677846622, 95.050815259588, 95.0000298226855, 27.924103664438, 27.9692128843223, 27.9684644647925, 27.9233566602976, 27.924103664438)),32.3945150108476
"1204",1327,480.802994162325,"0-1000m",list(c(95.050815259588, 95.0516677846622, 95.1024723245993, 95.1015987246701, 95.050815259588, 27.9233566602976, 27.9684644647925, 27.9676973053892, 27.9225909517041, 27.9233566602976)),29.8237590985294
"1205",1328,403.259511251209,"0-1000m",list(c(95.1015987246701, 95.1024723245993, 95.1532748404329, 95.1523801692338, 95.1015987246701, 27.9225909517041, 27.9676973053892, 27.9669114088587, 27.9218065413972, 27.9225909517041)),25.6323332655767
"1206",1329,297.59807746325,"0-1000m",list(c(95.1523801692338, 95.1532748404329, 95.2040752833906, 95.203159544593, 95.1523801692338, 27.9218065413972, 27.9669114088587, 27.9661067780142, 27.9210034321832, 27.9218065413972)),20.8961159034667
"1207",1330,205.346839495324,"0-1000m",list(c(95.203159544593, 95.2040752833906, 95.2548736047122, 95.2539368020734, 95.203159544593, 27.9210034321832, 27.9661067780142, 27.9652834157357, 27.9201816269353, 27.9210034321832)),15.0525619117202
"1208",1331,156.495802253363,"0-1000m",list(c(95.2539368020734, 95.2548736047122, 95.3056697556497, 95.304711893013, 95.2539368020734, 27.9201816269353, 27.9652834157357, 27.9644413249702, 27.9193411285931, 27.9201816269353)),11.1933524548676
"1209",1332,143.669610811148,"0-1000m",list(c(95.304711893013, 95.3056697556497, 95.3564636874675, 95.3554847687624, 95.304711893013, 27.9193411285931, 27.9644413249702, 27.9635805087312, 27.9184819401629, 27.9193411285931)),12.8149415636959
"1210",1333,135.483679618354,"0-1000m",list(c(95.3554847687624, 95.3564636874675, 95.4072553514431, 95.406255380685, 95.3554847687624, 27.9184819401629, 27.9635805087312, 27.962700970099, 27.9176040647175, 27.9184819401629)),15.8433530176532
"1211",1334,133.703598514403,"0-1000m",list(c(95.406255380685, 95.4072553514431, 95.4580446988671, 95.4570236801571, 95.406255380685, 27.9176040647175, 27.962700970099, 27.9618027122208, 27.9167075053963, 27.9176040647175)),11.9844738180411
"1212",1335,132.864267657064,"0-1000m",list(c(95.4570236801571, 95.4580446988671, 95.5088316810434, 95.5077896185687, 95.4570236801571, 27.9167075053963, 27.9618027122208, 27.9608857383101, 27.9157922654054, 27.9167075053963)),14.9244288313789
"1213",1336,132.703710763757,"0-1000m",list(c(95.5077896185687, 95.5088316810434, 95.5596162492897, 95.5585531473231, 95.5077896185687, 27.9157922654054, 27.9608857383101, 27.9599500516475, 27.9148583480172, 27.9157922654054)),12.3391106101583
"1214",1340,180.542336381511,"0-1000m",list(c(95.9645688028488, 95.9658000566452, 96.0165607112161, 96.0153084602371, 95.9645688028488, 27.9067150372137, 27.9517913148916, 27.9506873720603, 27.9056131814635, 27.9067150372137)),17.1936783963825
"1215",1341,190.002278330889,"0-1000m",list(c(96.0153084602371, 96.0165607112161, 96.0673184658488, 96.0660452228154, 96.0153084602371, 27.9056131814635, 27.9506873720603, 27.9495647529396, 27.90449268469, 27.9056131814635)),17.6263427349331
"1216",1342,205.240600087879,"0-1000m",list(c(96.0660452228154, 96.0673184658488, 96.11807327203, 96.1167790421558, 96.0660452228154, 27.90449268469, 27.9495647529396, 27.9484234615409, 27.903353550895, 27.90449268469)),14.6177878860426
"1217",1343,214.906401173496,"0-1000m",list(c(96.1167790421558, 96.11807327203, 96.1688250812636, 96.1675098698472, 96.1167790421558, 27.903353550895, 27.9484234615409, 27.9472635019417, 27.9021957841461, 27.903353550895)),13.3731131497638
"1218",1344,235.926438001311,"0-1000m",list(c(96.1675098698472, 96.1688250812636, 96.2195738450708, 96.2182376574958, 96.1675098698472, 27.9021957841461, 27.9472635019417, 27.946084878286, 27.9010193885771, 27.9021957841461)),15.1753381571404
"1219",1345,360.572374615529,"0-1000m",list(c(96.2182376574958, 96.2195738450708, 96.2703195149903, 96.2689623567256, 96.2182376574958, 27.9010193885771, 27.946084878286, 27.9448875947838, 27.8998243683878, 27.9010193885771)),21.3039874350476
"1220",1346,669.364345682095,"0-1000m",list(c(96.2689623567256, 96.2703195149903, 96.3210620425787, 96.3196839191781, 96.2689623567256, 27.8998243683878, 27.9448875947838, 27.943671655711, 27.898610727844, 27.8998243683878)),28.9818445431375
"1221",1347,1115.55647451702,"1000-2000m",list(c(96.3196839191781, 96.3210620425787, 96.3718013794108, 96.370402296513, 96.3196839191781, 27.898610727844, 27.943671655711, 27.9424370654099, 27.8973784712773, 27.898610727844)),31.8042331577109
"1222",1348,857.734071935221,"0-1000m",list(c(96.370402296513, 96.3718013794108, 96.4225374770798, 96.4211174404085, 96.370402296513, 27.8973784712773, 27.9424370654099, 27.9411838282888, 27.8961276030852, 27.8973784712773)),29.9290496040416
"1223",1349,914.512093879717,"0-1000m",list(c(96.4211174404085, 96.4225374770798, 96.4732702871976, 96.4718293025613, 96.4211174404085, 27.8961276030852, 27.9411838282888, 27.9399119488218, 27.8948581277311, 27.8961276030852)),31.1172049364271
"1224",1350,1166.03673418433,"1000-2000m",list(c(96.4718293025613, 96.4732702871976, 96.5239997613951, 96.5225378346869, 96.4718293025613, 27.8948581277311, 27.9399119488218, 27.9386214315491, 27.8935700497442, 27.8948581277311)),33.0433455340735
"1225",1351,1674.68991274873,"1000-2000m",list(c(96.5225378346869, 96.5239997613951, 96.5747258513224, 96.5732429885201, 96.5225378346869, 27.8935700497442, 27.9386214315491, 27.9373122810769, 27.8922633737195, 27.8935700497442)),36.7230013727086
"1226",1352,2238.82647233232,"2000-2500m",list(c(96.5732429885201, 96.5747258513224, 96.6254485086492, 96.6239447158154, 96.5732429885201, 27.8922633737195, 27.9373122810769, 27.9359845020772, 27.8909381043176, 27.8922633737195)),37.7275353250635
"1227",1353,2035.47788770638,"2000-2500m",list(c(96.6239447158154, 96.6254485086492, 96.6761676850649, 96.6746429683465, 96.6239447158154, 27.8909381043176, 27.9359845020772, 27.9346380992877, 27.8895942462649, 27.8909381043176)),37.7357826311473
"1228",1354,2332.85710250455,"2000-2500m",list(c(96.6746429683465, 96.6761676850649, 96.7268833322791, 96.7253376979077, 96.6746429683465, 27.8895942462649, 27.9346380992877, 27.933273077512, 27.8882318043532, 27.8895942462649)),37.5744381891489
"1229",1355,2154.44945538529,"2000-2500m",list(c(96.7253376979077, 96.7268833322791, 96.7775954020216, 96.7760288563131, 96.7253376979077, 27.8882318043532, 27.933273077512, 27.9318894416196, 27.8868507834401, 27.8882318043532)),34.2721775178275
"1230",1356,1403.04403364509,"1000-2000m",list(c(96.7760288563131, 96.7775954020216, 96.8283038460429, 96.8267163953976, 96.7760288563131, 27.8868507834401, 27.9318894416196, 27.9304871965453, 27.8854511884488, 27.8868507834401)),28.5641791137898
"1231",1357,2138.35242345745,"2000-2500m",list(c(96.8267163953976, 96.8283038460429, 96.8790086161144, 96.8774002670168, 96.8267163953976, 27.8854511884488, 27.9304871965453, 27.9290663472898, 27.8840330243677, 27.8854511884488)),33.4424846038067
"1232",1358,1843.89388595862,"1000-2000m",list(c(96.8774002670168, 96.8790086161144, 96.9297096640287, 96.9280804230476, 96.8774002670168, 27.8840330243677, 27.9290663472898, 27.9276268989196, 27.8825962962509, 27.8840330243677)),30.2634190544636
"1233",1359,1717.42825309146,"1000-2000m",list(c(96.9280804230476, 96.9297096640287, 96.9804069415998, 96.978756815388, 96.9280804230476, 27.8825962962509, 27.9276268989196, 27.9261688565663, 27.8811410092178, 27.8825962962509)),33.1545593320664
"1234",1360,2241.63727723854,"2000-2500m",list(c(93.1200782539158, 93.1201282476344, 93.1709946690665, 93.1709234793528, 93.1200782539158, 27.9837113027901, 28.0288476490034, 28.0287938208797, 27.983657576382, 27.9837113027901)),38.5342236550177
"1235",1361,1937.46771324241,"1000-2000m",list(c(93.1709234793528, 93.1709946690665, 93.2218609255635, 93.2217685401478, 93.1709234793528, 27.983657576382, 28.0287938208797, 28.0287211628656, 27.9835850556652, 27.983657576382)),37.6987548261656
"1236",1362,2287.32465005336,"2000-2500m",list(c(93.2217685401478, 93.2218609255635, 93.2727269680188, 93.2726133872813, 93.2217685401478, 27.9835850556652, 28.0287211628656, 28.028629675222, 27.9834937408996, 27.9835850556652)),38.2240441352548
"1237",1363,1989.13567886511,"1000-2000m",list(c(93.3234579717352, 93.3235927473271, 93.3744582143846, 93.3743022444931, 93.3234579717352, 27.9833836324128, 28.0285193582771, 28.0283902124265, 27.9832547305996, 27.9833836324128)),38.9919153381478
"1238",1364,1870.38634874068,"1000-2000m",list(c(93.3743022444931, 93.3744582143846, 93.4253233200893, 93.4251461565401, 93.3743022444931, 27.9832547305996, 28.0283902124265, 28.0282422381337, 27.983107035922, 27.9832547305996)),36.7628580808326
"1239",1365,1502.92600106114,"1000-2000m",list(c(93.4251461565401, 93.4253233200893, 93.4761880153414, 93.4759896588637, 93.4251461565401, 27.983107035922, 28.0282422381337, 28.0280754359295, 27.9829405489098, 27.983107035922)),32.7871411209543
"1240",1366,927.491996735924,"0-1000m",list(c(93.4759896588637, 93.4761880153414, 93.5270522510433, 93.5268327024535, 93.4759896588637, 27.9829405489098, 28.0280754359295, 28.0278898064123, 27.9827552701598, 27.9829405489098)),27.1381387079104
"1241",1367,859.60828313723,"0-1000m",list(c(93.5268327024535, 93.5270522510433, 93.5779159781004, 93.577675238302, 93.5268327024535, 27.9827552701598, 28.0278898064123, 28.0276853502479, 27.9825512003363, 27.9827552701598)),28.5759209261606
"1242",1368,1015.32161917543,"1000-2000m",list(c(93.577675238302, 93.5779159781004, 93.6287791474207, 93.6285172174045, 93.577675238302, 27.9825512003363, 28.0276853502479, 28.0274620681699, 27.982328340171, 27.9825512003363)),31.8323861203215
"1243",1369,1216.0390747599,"1000-2000m",list(c(93.6285172174045, 93.6287791474207, 93.6796417099156, 93.6793585907596, 93.6285172174045, 27.982328340171, 28.0274620681699, 28.0272199609792, 27.9820866904629, 27.982328340171)),33.1077334437792
"1244",1370,1135.11082675322,"1000-2000m",list(c(93.6793585907596, 93.6796417099156, 93.7305036165001, 93.7301993093693, 93.6793585907596, 27.9820866904629, 28.0272199609792, 28.0269590295442, 27.9818262520784, 27.9820866904629)),31.4635268253242
"1245",1371,846.348803096033,"0-1000m",list(c(93.7301993093693, 93.7305036165001, 93.781364818093, 93.7810393242397, 93.7301993093693, 27.9818262520784, 28.0269590295442, 28.0266792748009, 27.9815470259512, 27.9818262520784)),25.7418419518593
"1246",1372,965.528843136024,"0-1000m",list(c(93.7810393242397, 93.781364818093, 93.8322252656172, 93.8318785863807, 93.7810393242397, 27.9815470259512, 28.0266792748009, 28.0263806977529, 27.9812490130822, 27.9815470259512)),30.318875317033
"1247",1373,1138.29209450392,"1000-2000m",list(c(93.8318785863807, 93.8322252656172, 93.8830849099997, 93.8827170468067, 93.8318785863807, 27.9812490130822, 28.0263806977529, 28.0260632994709, 27.9809322145398, 27.9812490130822)),33.5976386369624
"1248",1374,2069.02908773134,"2000-2500m",list(c(93.8827170468067, 93.8830849099997, 93.9339437021727, 93.9335546565367, 93.8827170468067, 27.9809322145398, 28.0260632994709, 28.0257270810935, 27.9805966314597, 27.9809322145398)),34.349992177644
"1249",1375,1799.84015441592,"1000-2000m",list(c(93.9335546565367, 93.9339437021727, 93.984801593073, 93.9843913665946, 93.9335546565367, 27.9805966314597, 28.0257270810935, 28.0253720438265, 27.9802422650448, 27.9805966314597)),33.0166115716783
"1250",1376,1478.24378140507,"1000-2000m",list(c(93.9843913665946, 93.984801593073, 94.0356585336427, 94.0352271280098, 93.9843913665946, 27.9802422650448, 28.0253720438265, 28.0249981889432, 27.9798691165653, 27.9802422650448)),34.3556345389923
"1251",1377,1359.98723510502,"1000-2000m",list(c(94.0352271280098, 94.0356585336427, 94.0865144748295, 94.086061891817, 94.0352271280098, 27.9798691165653, 28.0249981889432, 28.0246055177844, 27.9794771873588, 27.9798691165653)),35.2211180726396
"1252",1378,1334.80198983115,"1000-2000m",list(c(94.086061891817, 94.0865144748295, 94.1373693675869, 94.1368956090565, 94.086061891817, 27.9794771873588, 28.0246055177844, 28.0241940317582, 27.97906647883, 27.9794771873588)),35.2046908853518
"1253",1379,983.176586248869,"0-1000m",list(c(94.1368956090565, 94.1373693675869, 94.1882231628744, 94.1877282307751, 94.1368956090565, 27.97906647883, 28.0241940317582, 28.0237637323404, 27.9786369924508, 27.97906647883)),31.6652085173977
"1254",1380,454.735452890591,"0-1000m",list(c(94.1877282307751, 94.1882231628744, 94.239075811658, 94.2385597080257, 94.1877282307751, 27.9786369924508, 28.0237637323404, 28.0233146210738, 27.9781887297607, 27.9786369924508)),22.4691341982688
"1255",1381,544.29587091539,"0-1000m",list(c(94.2385597080257, 94.239075811658, 94.2899272649103, 94.2893899918679, 94.2385597080257, 27.9781887297607, 28.0233146210738, 28.0228466995688, 27.977721692366, 27.9781887297607)),24.8884562949811
"1256",1382,660.988733185606,"0-1000m",list(c(94.2893899918679, 94.2899272649103, 94.340777473611, 94.3402190333682, 94.2893899918679, 27.977721692366, 28.0228466995688, 28.0223599695032, 27.9772358819403, 27.977721692366)),26.0606856163492
"1257",1383,1305.20742577365,"1000-2000m",list(c(94.3402190333682, 94.340777473611, 94.3916263887469, 94.3910467836003, 94.3402190333682, 27.9772358819403, 28.0223599695032, 28.0218544326221, 27.9767313002247, 27.9772358819403)),34.5322566371681
"1258",1384,943.713866608408,"0-1000m",list(c(94.3910467836003, 94.3916263887469, 94.4424739613123, 94.4418731936457, 94.3910467836003, 27.9767313002247, 28.0218544326221, 28.0213300907379, 27.976207949027, 27.9767313002247)),27.8114137964561
"1259",1385,701.857932024594,"0-1000m",list(c(94.4418731936457, 94.4424739613123, 94.4933201423094, 94.4926982145932, 94.4418731936457, 27.976207949027, 28.0213300907379, 28.0207869457303, 27.9756658302225, 27.976207949027)),24.6594561036916
"1260",1386,660.302805850229,"0-1000m",list(c(94.4926982145932, 94.4933201423094, 94.5441648827485, 94.5435217975399, 94.4926982145932, 27.9756658302225, 28.0207869457303, 28.0202249995465, 27.9751049457535, 27.9756658302225)),21.8321485111881
"1261",1387,788.813832277395,"0-1000m",list(c(94.5435217975399, 94.5441648827485, 94.5950081336481, 94.5943438935914, 94.5435217975399, 27.9751049457535, 28.0202249995465, 28.0196442542007, 27.9745252976295, 27.9751049457535)),22.2117322278687
"1262",1388,873.352454667457,"0-1000m",list(c(94.5943438935914, 94.5950081336481, 94.6458498460356, 94.6451644538617, 94.5943438935914, 27.9745252976295, 28.0196442542007, 28.0190447117745, 27.973926887927, 27.9745252976295)),28.9915883149784
"1263",1389,691.988701274245,"0-1000m",list(c(94.6451644538617, 94.6458498460356, 94.6966899709472, 94.6959834294737, 94.6451644538617, 27.973926887927, 28.0190447117745, 28.0184263744169, 27.9733097187895, 27.973926887927)),21.1891233817171
"1264",1390,829.432851658812,"0-1000m",list(c(94.6959834294737, 94.6966899709472, 94.7475284594285, 94.7468007715598, 94.6959834294737, 27.9733097187895, 28.0184263744169, 28.0177892443437, 27.9726737924279, 27.9733097187895)),22.7385049955537
"1265",1391,1234.03935582535,"1000-2000m",list(c(94.7468007715598, 94.7475284594285, 94.7983652625343, 94.7976164312614, 94.7468007715598, 27.9726737924279, 28.0177892443437, 28.0171333238384, 27.9720191111198, 27.9726737924279)),25.9902856747237
"1266",1392,1084.97721423639,"1000-2000m",list(c(94.7976164312614, 94.7983652625343, 94.8492003313294, 94.8484303597302, 94.7976164312614, 27.9720191111198, 28.0171333238384, 28.0164586152514, 27.97134567721, 27.9720191111198)),27.0205093681256
"1267",1393,1070.33132548922,"1000-2000m",list(c(94.8484303597302, 94.8492003313294, 94.9000336168888, 94.8992425081275, 94.8484303597302, 27.97134567721, 28.0164586152514, 28.0157651210002, 27.9706534931101, 27.97134567721)),32.9262942632655
"1268",1394,784.902624762024,"0-1000m",list(c(94.8992425081275, 94.9000336168888, 94.9508650702975, 94.9500528276252, 94.8992425081275, 27.9706534931101, 28.0157651210002, 28.0150528435696, 27.969942561299, 27.9706534931101)),28.3800780100088
"1269",1395,564.771043876718,"0-1000m",list(c(94.9500528276252, 94.9508650702975, 95.0016946426516, 95.0008612694056, 94.9500528276252, 27.969942561299, 28.0150528435696, 28.0143217855115, 27.9692128843223, 27.969942561299)),28.9548774569279
"1270",1396,817.935083174682,"0-1000m",list(c(95.0008612694056, 95.0016946426516, 95.0525222850577, 95.0516677846622, 95.0008612694056, 27.9692128843223, 28.0143217855115, 28.0135719494448, 27.9684644647925, 27.9692128843223)),32.0553114433601
"1271",1397,830.205762350135,"0-1000m",list(c(95.0516677846622, 95.0525222850577, 95.103347948634, 95.1024723245993, 95.0516677846622, 27.9684644647925, 28.0135719494448, 28.0128033380555, 27.9676973053892, 27.9684644647925)),34.3207761649903
"1272",1398,637.225117817796,"0-1000m",list(c(95.1024723245993, 95.103347948634, 95.1541715845098, 95.1532748404329, 95.1024723245993, 27.9676973053892, 28.0128033380555, 28.0120159540966, 27.9669114088587, 27.9676973053892)),35.0491099569815
"1273",1399,417.539371430355,"0-1000m",list(c(95.1532748404329, 95.1541715845098, 95.2049931438265, 95.2040752833906, 95.1532748404329, 27.9669114088587, 28.0120159540966, 28.0112098003883, 27.9661067780142, 27.9669114088587)),31.0737610274842
"1274",1400,242.456060510953,"0-1000m",list(c(95.2040752833906, 95.2049931438265, 95.2558125777373, 95.2548736047122, 95.2040752833906, 27.9661067780142, 28.0112098003883, 28.0103848798175, 27.9652834157357, 27.9661067780142)),17.0950100568003
"1275",1401,168.846197060017,"0-1000m",list(c(95.2548736047122, 95.2558125777373, 95.306629837408, 95.3056697556497, 95.2548736047122, 27.9652834157357, 28.0103848798175, 28.0095411953383, 27.9644413249702, 27.9652834157357)),12.4313788571793
"1276",1402,148.061702194064,"0-1000m",list(c(95.3056697556497, 95.306629837408, 95.3574448740169, 95.3564636874675, 95.3056697556497, 27.9644413249702, 28.0095411953383, 28.0086787499716, 27.9635805087312, 27.9644413249702)),14.4004651686693
"1277",1403,143.089981796497,"0-1000m",list(c(95.3564636874675, 95.3574448740169, 95.4082576387551, 95.4072553514431, 95.3564636874675, 27.9635805087312, 28.0086787499716, 28.0077975468051, 27.962700970099, 27.9635805087312)),20.3056304855917
"1278",1404,137.69635779158,"0-1000m",list(c(95.4072553514431, 95.4082576387551, 95.459068082827, 95.4580446988671, 95.4072553514431, 27.962700970099, 28.0077975468051, 28.0068975889937, 27.9618027122208, 27.962700970099)),8.17535792008261
"1279",1405,140.467089042165,"0-1000m",list(c(95.4580446988671, 95.459068082827, 95.5098761574504, 95.5088316810434, 95.4580446988671, 27.9618027122208, 28.0068975889937, 28.0059788797589, 27.9608857383101, 27.9618027122208)),17.0954443499111
"1280",1406,142.290565563995,"0-1000m",list(c(95.5088316810434, 95.5098761574504, 95.560681813857, 95.5596162492897, 95.5088316810434, 27.9608857383101, 28.0059788797589, 28.005041422389, 27.9599500516475, 27.9608857383101)),18.3320069943421
"1281",1407,145.585374988296,"0-1000m",list(c(95.5596162492897, 95.560681813857, 95.6114850032924, 95.6103983549378, 95.5596162492897, 27.9599500516475, 28.005041422389, 28.0040852202393, 27.9589956555799, 27.9599500516475)),13.2302041652393
"1282",1408,146.7431740336,"0-1000m",list(c(95.6103983549378, 95.6114850032924, 95.6622856770165, 95.6611779493334, 95.6103983549378, 27.9589956555799, 28.0040852202393, 28.0031102767314, 27.9580225535209, 27.9589956555799)),15.9980041007558
"1283",1409,152.17728978979,"0-1000m",list(c(95.6611779493334, 95.6622856770165, 95.7130837863038, 95.7119549838371, 95.6611779493334, 27.9580225535209, 28.0031102767314, 28.0021165953542, 27.9570307489507, 27.9580225535209)),20.3457259963373
"1284",1410,156.885436723263,"0-1000m",list(c(95.7119549838371, 95.7130837863038, 95.7638792824436, 95.7627294098241, 95.7119549838371, 27.9570307489507, 28.0021165953542, 28.0011041796629, 27.956020245416, 27.9570307489507)),15.975200706021
"1285",1411,154.881425017204,"0-1000m",list(c(95.7627294098241, 95.7638792824436, 95.8146721167406, 95.8135011786848, 95.7627294098241, 27.956020245416, 28.0011041796629, 28.0000730332795, 27.9549910465299, 27.956020245416)),12.9100170139721
"1286",1412,163.934085365854,"0-1000m",list(c(95.8135011786848, 95.8146721167406, 95.8654622405146, 95.864270241825, 95.8135011786848, 27.9549910465299, 28.0000730332795, 27.9990231598924, 27.953943155972, 27.9549910465299)),17.5214980078715
"1287",1413,182.34355066328,"0-1000m",list(c(95.864270241825, 95.8654622405146, 95.9162496051015, 95.915036550666, 95.864270241825, 27.953943155972, 27.9990231598924, 27.9979545632569, 27.9528765774885, 27.953943155972)),17.0896060934084
"1288",1414,206.684955937893,"0-1000m",list(c(95.915036550666, 95.9162496051015, 95.9670341618527, 95.9658000566452, 95.915036550666, 27.9528765774885, 27.9979545632569, 27.9968672471947, 27.9517913148916, 27.9528765774885)),16.7389118344523
"1289",1415,216.036665591745,"0-1000m",list(c(95.9658000566452, 95.9670341618527, 96.0178158621362, 96.0165607112161, 95.9658000566452, 27.9517913148916, 27.9968672471947, 27.995761215594, 27.9506873720603, 27.9517913148916)),20.957072759474
"1290",1416,230.248057176742,"0-1000m",list(c(96.0165607112161, 96.0178158621362, 96.0685946573364, 96.0673184658488, 96.0165607112161, 27.9506873720603, 27.995761215594, 27.9946364724094, 27.9495647529396, 27.9506873720603)),21.0063120454597
"1291",1417,239.768909672965,"0-1000m",list(c(96.0673184658488, 96.0685946573364, 96.1193704988547, 96.11807327203, 96.0673184658488, 27.9495647529396, 27.9946364724094, 27.9934930216622, 27.9484234615409, 27.9495647529396)),17.7253243236273
"1292",1418,270.894104428701,"0-1000m",list(c(96.11807327203, 96.1193704988547, 96.1701433381095, 96.1688250812636, 96.11807327203, 27.9484234615409, 27.9934930216622, 27.9923308674397, 27.9472635019417, 27.9484234615409)),14.3253341163197
"1293",1419,318.639243469305,"0-1000m",list(c(96.1688250812636, 96.1701433381095, 96.2209131265365, 96.2195738450708, 96.1688250812636, 27.9472635019417, 27.9923308674397, 27.991150013896, 27.946084878286, 27.9472635019417)),17.295593915653
"1294",1420,651.232126043563,"0-1000m",list(c(96.2195738450708, 96.2209131265365, 96.2716798155891, 96.2703195149903, 96.2195738450708, 27.946084878286, 27.991150013896, 27.9899504652512, 27.9448875947838, 27.946084878286)),25.4813214685546
"1295",1421,1338.46930495303,"1000-2000m",list(c(96.2703195149903, 96.2716798155891, 96.3224433567386, 96.3210620425787, 96.2703195149903, 27.9448875947838, 27.9899504652512, 27.9887322257917, 27.943671655711, 27.9448875947838)),33.0441665073687
"1296",1422,1572.5541025561,"1000-2000m",list(c(96.3210620425787, 96.3224433567386, 96.3732037014747, 96.3718013794108, 96.3210620425787, 27.943671655711, 27.9887322257917, 27.9874952998705, 27.9424370654099, 27.943671655711)),33.7740732423772
"1297",1423,750.089950411148,"0-1000m",list(c(96.3718013794108, 96.3732037014747, 96.4239608013054, 96.4225374770798, 96.3718013794108, 27.9424370654099, 27.9874952998705, 27.9862396919063, 27.9411838282888, 27.9424370654099)),27.3658393716485
"1298",1424,1445.54520770263,"1000-2000m",list(c(96.4225374770798, 96.4239608013054, 96.4747146077575, 96.4732702871976, 96.4225374770798, 27.9411838282888, 27.9862396919063, 27.9849654063843, 27.9399119488218, 27.9411838282888)),33.1885323022198
"1299",1425,2106.0733435286,"2000-2500m",list(c(96.4732702871976, 96.4747146077575, 96.5254650723768, 96.5239997613951, 96.4732702871976, 27.9399119488218, 27.9849654063843, 27.9836724478557, 27.9386214315491, 27.9399119488218)),31.8175766742086
"1300",1426,2309.21542903773,"2000-2500m",list(c(96.5239997613951, 96.5254650723768, 96.5762121467285, 96.5747258513224, 96.5239997613951, 27.9386214315491, 27.9836724478557, 27.9823608209378, 27.9373122810769, 27.9386214315491)),33.4931923122459
"1301",1427,2307.9651384164,"2000-2500m",list(c(96.5747258513224, 96.5762121467285, 96.6269557823975, 96.6254485086492, 96.5747258513224, 27.9373122810769, 27.9823608209378, 27.9810305303139, 27.9359845020772, 27.9373122810769)),32.794734717618
"1302",1428,1235.93364751412,"1000-2000m",list(c(96.6254485086492, 96.6269557823975, 96.6776959309882, 96.6761676850649, 96.6254485086492, 27.9359845020772, 27.9810305303139, 27.9796815807334, 27.9346380992877, 27.9359845020772)),27.1985552851452
"1303",1429,1235.69741384722,"1000-2000m",list(c(96.6761676850649, 96.6776959309882, 96.7284325441256, 96.7268833322791, 96.6761676850649, 27.9346380992877, 27.9796815807334, 27.9783139770114, 27.933273077512, 27.9346380992877)),26.1453213359578
"1304",1430,1434.45909927905,"1000-2000m",list(c(96.7268833322791, 96.7284325441256, 96.7791655734547, 96.7775954020216, 96.7268833322791, 27.933273077512, 27.9783139770114, 27.9769277240292, 27.9318894416196, 27.933273077512)),28.0161157140676
"1305",1431,1818.97837549432,"1000-2000m",list(c(96.7775954020216, 96.7791655734547, 96.8298949706415, 96.8283038460429, 96.7775954020216, 27.9318894416196, 27.9769277240292, 27.9755228267337, 27.9304871965453, 27.9318894416196)),33.0052043247205
"1306",1432,1659.81338271295,"1000-2000m",list(c(96.9297096640287, 96.9313426753567, 96.9820608863228, 96.9804069415998, 96.9297096640287, 27.9276268989196, 27.97265711932, 27.9711963194247, 27.9261688565663, 27.9276268989196)),27.4944812992345
"1307",1433,2317.8958780457,"2000-2500m",list(c(93.2218609255635, 93.2219535250212, 93.2728408119037, 93.2727269680188, 93.2218609255635, 28.0287211628656, 28.0738569731191, 28.0737653124567, 28.028629675222, 28.0287211628656)),37.8464417168466
"1308",1434,2000.99444479317,"2000-2500m",list(c(93.2727269680188, 93.2728408119037, 93.3237278351701, 93.3235927473271, 93.2727269680188, 28.028629675222, 28.0737653124567, 28.073654786884, 28.0285193582771, 28.028629675222)),37.442574239432
"1309",1435,1632.09484282288,"1000-2000m",list(c(93.3235927473271, 93.3237278351701, 93.3746145456292, 93.3744582143846, 93.3235927473271, 28.0285193582771, 28.073654786884, 28.0735253967975, 28.0283902124265, 28.0285193582771)),35.1898028952418
"1310",1436,1160.48047831272,"1000-2000m",list(c(93.3744582143846, 93.3746145456292, 93.4255008940915, 93.4253233200893, 93.3744582143846, 28.0283902124265, 28.0735253967975, 28.0733771426619, 28.0282422381337, 28.0283902124265)),34.3656300432069
"1311",1437,991.348565689536,"0-1000m",list(c(93.4253233200893, 93.4255008940915, 93.4763868313696, 93.4761880153414, 93.4253233200893, 28.0282422381337, 28.0733771426619, 28.0732100250092, 28.0280754359295, 28.0282422381337)),31.4869734496101
"1312",1438,1798.59001388714,"1000-2000m",list(c(93.4761880153414, 93.4763868313696, 93.5272723082785, 93.5270522510433, 93.4761880153414, 28.0280754359295, 28.0732100250092, 28.0730240444392, 28.0278898064123, 28.0280754359295)),34.2196712474752
"1313",1439,1595.8940430607,"1000-2000m",list(c(93.5270522510433, 93.5272723082785, 93.578157275636, 93.5779159781004, 93.5270522510433, 28.0278898064123, 28.0730240444392, 28.0728192016196, 28.0276853502479, 28.0278898064123)),32.5239875057568
"1314",1440,1302.11311279895,"1000-2000m",list(c(93.5779159781004, 93.578157275636, 93.6290416842627, 93.6287791474207, 93.5779159781004, 28.0276853502479, 28.0728192016196, 28.0725954972855, 28.0274620681699, 28.0276853502479)),31.6073670105774
"1315",1441,956.98595505618,"0-1000m",list(c(93.6287791474207, 93.6290416842627, 93.6799254849826, 93.6796417099156, 93.6287791474207, 28.0274620681699, 28.0725954972855, 28.0723529322398, 28.0272199609792, 28.0274620681699)),32.4343564260553
"1316",1442,1371.90929634047,"1000-2000m",list(c(93.6796417099156, 93.6799254849826, 93.7308086286233, 93.7305036165001, 93.6796417099156, 28.0272199609792, 28.0723529322398, 28.0720915073532, 28.0269590295442, 28.0272199609792)),33.4679636170641
"1317",1443,1705.5946895989,"1000-2000m",list(c(93.7305036165001, 93.7308086286233, 93.7816910660159, 93.781364818093, 93.7305036165001, 28.0269590295442, 28.0720915073532, 28.0718112235639, 28.0266792748009, 28.0269590295442)),33.765626016764
"1318",1444,1309.23292513572,"1000-2000m",list(c(93.781364818093, 93.7816910660159, 93.8325727479959, 93.8322252656172, 93.781364818093, 28.0266792748009, 28.0718112235639, 28.0715120818777, 28.0263806977529, 28.0266792748009)),36.2265595923592
"1319",1445,1737.52758772205,"1000-2000m",list(c(93.8322252656172, 93.8325727479959, 93.8834536254032, 93.8830849099997, 93.8322252656172, 28.0263806977529, 28.0715120818777, 28.0711940833682, 28.0260632994709, 28.0263806977529)),36.2983751276961
"1320",1446,1695.57046010922,"1000-2000m",list(c(93.8830849099997, 93.8834536254032, 93.9343336490824, 93.9339437021727, 93.8830849099997, 28.0260632994709, 28.0711940833682, 28.0708572291766, 28.0257270810935, 28.0260632994709)),34.4024755374522
"1321",1447,1214.02588057064,"1000-2000m",list(c(93.9339437021727, 93.9343336490824, 93.9852127698829, 93.984801593073, 93.9339437021727, 28.0257270810935, 28.0708572291766, 28.0705015205117, 28.0253720438265, 28.0257270810935)),31.372838542612
"1322",1448,1047.58671772017,"1000-2000m",list(c(93.984801593073, 93.9852127698829, 94.0360909386595, 94.0356585336427, 93.984801593073, 28.0253720438265, 28.0705015205117, 28.0701269586499, 28.0249981889432, 28.0253720438265)),31.2763691576206
"1323",1449,905.156895361245,"0-1000m",list(c(94.0356585336427, 94.0360909386595, 94.0869681062725, 94.0865144748295, 94.0356585336427, 28.0249981889432, 28.0701269586499, 28.0697335449353, 28.0246055177844, 28.0249981889432)),28.2681497482815
"1324",1450,836.352165130665,"0-1000m",list(c(94.0865144748295, 94.0869681062725, 94.1378442235881, 94.1373693675869, 94.0865144748295, 28.0246055177844, 28.0697335449353, 28.0693212807794, 28.0241940317582, 28.0246055177844)),32.4672996738137
"1325",1451,625.578431987948,"0-1000m",list(c(94.1373693675869, 94.1378442235881, 94.1887192414786, 94.1882231628744, 94.1373693675869, 28.0241940317582, 28.0693212807794, 28.0688901676615, 28.0237637323404, 28.0241940317582)),28.3696526924723
"1326",1452,792.300782729453,"0-1000m",list(c(94.1882231628744, 94.1887192414786, 94.2395931108227, 94.239075811658, 94.1882231628744, 28.0237637323404, 28.0688901676615, 28.0684402071282, 28.0233146210738, 28.0237637323404)),30.7407708194557
"1327",1453,1235.3550310715,"1000-2000m",list(c(94.239075811658, 94.2395931108227, 94.2904657825057, 94.2899272649103, 94.239075811658, 28.0233146210738, 28.0684402071282, 28.0679714007939, 28.0228466995688, 28.0233146210738)),30.3329832552908
"1328",1454,728.343010482707,"0-1000m",list(c(94.2899272649103, 94.2904657825057, 94.34133720742, 94.340777473611, 94.2899272649103, 28.0228466995688, 28.0679714007939, 28.0674837503405, 28.0223599695032, 28.0228466995688)),25.7181396115491
"1329",1455,1001.46155788411,"1000-2000m",list(c(94.340777473611, 94.34133720742, 94.3922073364653, 94.3916263887469, 94.340777473611, 28.0223599695032, 28.0674837503405, 28.0669772575172, 28.0218544326221, 28.0223599695032)),30.2562801734719
"1330",1456,1271.07457158998,"1000-2000m",list(c(94.3916263887469, 94.3922073364653, 94.4430761205486, 94.4424739613123, 94.3916263887469, 28.0218544326221, 28.0669772575172, 28.0664519241409, 28.0213300907379, 28.0218544326221)),33.3803292500489
"1331",1457,847.866769192141,"0-1000m",list(c(94.4424739613123, 94.4430761205486, 94.4939435105851, 94.4933201423094, 94.4424739613123, 28.0213300907379, 28.0664519241409, 28.0659077520958, 28.0207869457303, 28.0213300907379)),24.5511726788112
"1332",1458,656.277584900896,"0-1000m",list(c(94.4933201423094, 94.4939435105851, 94.5448094574979, 94.5441648827485, 94.4933201423094, 28.0207869457303, 28.0659077520958, 28.065344743334, 28.0202249995465, 28.0207869457303)),21.4308177243246
"1333",1459,698.164113991589,"0-1000m",list(c(94.5441648827485, 94.5448094574979, 94.5956739122184, 94.5950081336481, 94.5441648827485, 28.0202249995465, 28.065344743334, 28.0647628998744, 28.0196442542007, 28.0202249995465)),20.3358645985515
"1334",1460,960.02856066788,"0-1000m",list(c(94.5950081336481, 94.5956739122184, 94.646536825687, 94.6458498460356, 94.5950081336481, 28.0196442542007, 28.0647628998744, 28.0641622238039, 28.0190447117745, 28.0196442542007)),24.2771151659955
"1335",1461,953.482072970585,"0-1000m",list(c(94.6458498460356, 94.646536825687, 94.6973981488528, 94.6966899709472, 94.6458498460356, 28.0190447117745, 28.0641622238039, 28.0635427172764, 28.0184263744169, 28.0190447117745)),25.1658320382202
"1336",1462,747.612642018706,"0-1000m",list(c(94.6966899709472, 94.6973981488528, 94.7482578326742, 94.7475284594285, 94.6966899709472, 28.0184263744169, 28.0635427172764, 28.0629043825134, 28.0177892443437, 28.0184263744169)),25.416005425568
"1337",1463,981.885663172431,"0-1000m",list(c(94.7475284594285, 94.7482578326742, 94.7991158281194, 94.7983652625343, 94.7475284594285, 28.0177892443437, 28.0629043825134, 28.0622472218038, 28.0171333238384, 28.0177892443437)),28.7677655347759
"1338",1464,724.91765559904,"0-1000m",list(c(94.7983652625343, 94.7991158281194, 94.8499720861661, 94.8492003313294, 94.7983652625343, 28.0171333238384, 28.0622472218038, 28.0615712375037, 28.0164586152514, 28.0171333238384)),28.7965392078806
"1339",1465,1016.73921913251,"1000-2000m",list(c(94.8492003313294, 94.8499720861661, 94.9008265578024, 94.9000336168888, 94.8492003313294, 28.0164586152514, 28.0615712375037, 28.0608764320366, 28.0157651210002, 28.0164586152514)),33.8344829798839
"1340",1466,1158.43845332999,"1000-2000m",list(c(94.9000336168888, 94.9008265578024, 94.9516791940264, 94.9508650702975, 94.9000336168888, 28.0157651210002, 28.0608764320366, 28.0601628078932, 28.0150528435696, 28.0157651210002)),34.903244879545
"1341",1467,1161.48696502967,"1000-2000m",list(c(94.9508650702975, 94.9516791940264, 95.0025299458473, 95.0016946426516, 94.9508650702975, 28.0150528435696, 28.0601628078932, 28.0594303676317, 28.0143217855115, 28.0150528435696)),33.0506265049154
"1342",1468,1412.69386730274,"1000-2000m",list(c(95.0016946426516, 95.0025299458473, 95.0533787642851, 95.0525222850577, 95.0016946426516, 28.0143217855115, 28.0594303676317, 28.0586791138773, 28.0135719494448, 28.0143217855115)),33.4782409565305
"1343",1469,1566.96745991668,"1000-2000m",list(c(95.0525222850577, 95.0533787642851, 95.1042256003711, 95.103347948634, 95.0525222850577, 28.0135719494448, 28.0586791138773, 28.0579090493227, 28.0128033380555, 28.0135719494448)),34.5429563028075
"1344",1470,1287.13467453393,"1000-2000m",list(c(95.103347948634, 95.1042256003711, 95.1550704051479, 95.1541715845098, 95.103347948634, 28.0128033380555, 28.0579090493227, 28.0571201767274, 28.0120159540966, 28.0128033380555)),34.220210023934
"1345",1471,846.489611449375,"0-1000m",list(c(95.1541715845098, 95.1550704051479, 95.2059131296702, 95.2049931438265, 95.1541715845098, 28.0120159540966, 28.0571201767274, 28.0563124989185, 28.0112098003883, 28.0120159540966)),34.550920455461
"1346",1472,512.806558515339,"0-1000m",list(c(95.2049931438265, 95.2059131296702, 95.2567537250047, 95.2558125777373, 95.2049931438265, 28.0112098003883, 28.0563124989185, 28.05548601879, 28.0103848798175, 28.0112098003883)),30.3504036089532
"1347",1473,269.476680685456,"0-1000m",list(c(95.2558125777373, 95.2567537250047, 95.3075921422304, 95.306629837408, 95.2558125777373, 28.0103848798175, 28.05548601879, 28.0546407393031, 28.0095411953383, 28.0103848798175)),24.2489543299831
"1348",1474,158.341441215241,"0-1000m",list(c(95.306629837408, 95.3075921422304, 95.3584283324391, 95.3574448740169, 95.306629837408, 28.0095411953383, 28.0546407393031, 28.053776663486, 28.0086787499716, 28.0095411953383)),15.7181634791312
"1349",1475,151.481599545512,"0-1000m",list(c(95.3574448740169, 95.3584283324391, 95.4092622467356, 95.4082576387551, 95.3574448740169, 28.0086787499716, 28.053776663486, 28.0528937944342, 28.0077975468051, 28.0086787499716)),22.1925614418351
"1350",1476,142.91795869688,"0-1000m",list(c(95.4082576387551, 95.4092622467356, 95.4600938362376, 95.459068082827, 95.4082576387551, 28.0077975468051, 28.0528937944342, 28.0519921353099, 28.0068975889937, 28.0077975468051)),9.65281789785621
"1351",1477,149.684545853995,"0-1000m",list(c(95.459068082827, 95.4600938362376, 95.5109230520766, 95.5098761574504, 95.459068082827, 28.0068975889937, 28.0519921353099, 28.0510716893426, 28.0059788797589, 28.0068975889937)),15.8536300415531
"1352",1478,158.490468375205,"0-1000m",list(c(95.5098761574504, 95.5109230520766, 95.5617498453979, 95.560681813857, 95.5098761574504, 28.0059788797589, 28.0510716893426, 28.0501324598286, 28.005041422389, 28.0059788797589)),18.7672803172362
"1353",1479,161.585336764798,"0-1000m",list(c(95.560681813857, 95.5617498453979, 95.6125741673608, 95.6114850032924, 95.560681813857, 28.005041422389, 28.0501324598286, 28.0491744501312, 28.0040852202393, 28.005041422389)),17.5785982416884
"1354",1480,160.305285292825,"0-1000m",list(c(95.6114850032924, 95.6125741673608, 95.6633959691388, 95.6622856770165, 95.6114850032924, 28.0040852202393, 28.0491744501312, 28.0481976636806, 28.0031102767314, 28.0040852202393)),16.8823137884825
"1355",1481,160.460800403989,"0-1000m",list(c(95.6622856770165, 95.6633959691388, 95.7142152019204, 95.7130837863038, 95.6622856770165, 28.0031102767314, 28.0481976636806, 28.047202103974, 28.0021165953542, 28.0031102767314)),17.7386526435716
"1356",1482,165.559067227418,"0-1000m",list(c(95.7130837863038, 95.7142152019204, 95.7650318169086, 95.7638792824436, 95.7130837863038, 28.0021165953542, 28.047202103974, 28.0461877745752, 28.0011041796629, 28.0021165953542)),16.1111987644919
"1357",1483,167.399943506371,"0-1000m",list(c(95.7638792824436, 95.7650318169086, 95.8158457653219, 95.8146721167406, 95.7638792824436, 28.0011041796629, 28.0461877745752, 28.0451546791151, 28.0000730332795, 28.0011041796629)),14.2840747576317
"1358",1484,186.181227117788,"0-1000m",list(c(95.8146721167406, 95.8158457653219, 95.8666569983943, 95.8654622405146, 95.8146721167406, 28.0000730332795, 28.0451546791151, 28.0441028212911, 27.9990231598924, 28.0000730332795)),15.230976859855
"1359",1485,214.134957002071,"0-1000m",list(c(95.8654622405146, 95.8666569983943, 95.9174654673752, 95.9162496051015, 95.8654622405146, 27.9990231598924, 28.0441028212911, 28.0430322048675, 27.9979545632569, 27.9990231598924)),15.732690553193
"1360",1486,247.44656609014,"0-1000m",list(c(95.9162496051015, 95.9174654673752, 95.9682711235305, 95.9670341618527, 95.9162496051015, 27.9979545632569, 28.0430322048675, 28.0419428336753, 27.9968672471947, 27.9979545632569)),17.2118159856203
"1361",1487,273.838585148453,"0-1000m",list(c(95.9670341618527, 95.9682711235305, 96.0190739181422, 96.0178158621362, 95.9670341618527, 27.9968672471947, 28.0419428336753, 28.0408347116122, 27.995761215594, 27.9968672471947)),20.0450594395312
"1362",1488,301.519113677735,"0-1000m",list(c(96.0178158621362, 96.0190739181422, 96.0698738025089, 96.0685946573364, 96.0178158621362, 27.995761215594, 28.0408347116122, 28.0397078426425, 27.9946364724094, 27.995761215594)),19.964844524345
"1363",1489,325.12908723646,"0-1000m",list(c(96.0685946573364, 96.0698738025089, 96.1206707279459, 96.1193704988547, 96.0685946573364, 27.9946364724094, 28.0397078426425, 28.038562230797, 27.9934930216622, 27.9946364724094)),17.9286275699871
"1364",1490,364.867177201682,"0-1000m",list(c(96.1193704988547, 96.1206707279459, 96.1714646457861, 96.1701433381095, 96.1193704988547, 27.9934930216622, 28.038562230797, 28.0373978801733, 27.9923308674397, 27.9934930216622)),13.041528717432
"1365",1491,586.469493440462,"0-1000m",list(c(96.1701433381095, 96.1714646457861, 96.2222555073795, 96.2209131265365, 96.1701433381095, 27.9923308674397, 28.0373978801733, 28.0362147949352, 27.991150013896, 27.9923308674397)),21.4012797047116
"1366",1492,1077.68716071203,"1000-2000m",list(c(96.2209131265365, 96.2222555073795, 96.2730432640939, 96.2716798155891, 96.2209131265365, 27.991150013896, 28.0362147949352, 28.0350129793133, 27.9899504652512, 27.991150013896)),30.2178687758927
"1367",1493,1373.76894105831,"1000-2000m",list(c(96.2716798155891, 96.2730432640939, 96.3238278673151, 96.3224433567386, 96.2716798155891, 27.9899504652512, 28.0350129793133, 28.0337924376044, 27.9887322257917, 27.9899504652512)),31.8881142492129
"1368",1494,971.298411901324,"0-1000m",list(c(96.3224433567386, 96.3238278673151, 96.3746092684472, 96.3732037014747, 96.3224433567386, 27.9887322257917, 28.0337924376044, 28.0325531741719, 27.9874952998705, 27.9887322257917)),29.4998368236649
"1369",1495,1173.72099482389,"1000-2000m",list(c(96.3732037014747, 96.3746092684472, 96.4253874189128, 96.4239608013054, 96.3732037014747, 27.9874952998705, 28.0325531741719, 28.0312951934455, 27.9862396919063, 27.9874952998705)),28.8820982669731
"1370",1496,1105.94309836168,"1000-2000m",list(c(96.4239608013054, 96.4253874189128, 96.4761622701533, 96.4747146077575, 96.4239608013054, 27.9862396919063, 28.0312951934455, 28.030018499921, 27.9849654063843, 27.9862396919063)),32.0751325284507
"1371",1497,2153.03264076329,"2000-2500m",list(c(96.4747146077575, 96.4761622701533, 96.5269337736293, 96.5254650723768, 96.4747146077575, 27.9849654063843, 28.030018499921, 28.0287230981608, 27.9836724478557, 27.9849654063843)),32.7884055501979
"1372",1498,2110.99902158818,"2000-2500m",list(c(96.5254650723768, 96.5269337736293, 96.5777018808208, 96.5762121467285, 96.5254650723768, 27.9836724478557, 28.0287230981608, 28.0274089927934, 27.9823608209378, 27.9836724478557)),30.5341340696426
"1373",1499,1339.42050091018,"1000-2000m",list(c(96.5762121467285, 96.5777018808208, 96.6284665432273, 96.6269557823975, 96.5762121467285, 27.9823608209378, 28.0274089927934, 28.0260761885135, 27.9810305303139, 27.9823608209378)),29.4768634532233
"1374",1500,1417.88619672337,"1000-2000m",list(c(96.6269557823975, 96.6284665432273, 96.6792277123683, 96.6776959309882, 96.6269557823975, 27.9810305303139, 28.0260761885135, 28.0247246900819, 27.9796815807334, 27.9810305303139)),29.7523078031468
"1375",1501,2439.13577831082,"2000-2500m",list(c(96.6776959309882, 96.6792277123683, 96.7299853397837, 96.7284325441256, 96.6776959309882, 27.9796815807334, 28.0247246900819, 28.0233545023256, 27.9783139770114, 27.9796815807334)),30.4682510745764
"1376",1502,1899.54827066725,"1000-2000m",list(c(96.7284325441256, 96.7299853397837, 96.7807393770337, 96.7791655734547, 96.7284325441256, 27.9783139770114, 28.0233545023256, 28.0219656301376, 27.9769277240292, 27.9783139770114)),33.4475671359916
"1377",1503,1653.33868829693,"1000-2000m",list(c(96.9313426753567, 96.9329794637061, 96.9837186563158, 96.9820608863228, 96.9313426753567, 27.97265711932, 28.0176869569029, 28.0162233972375, 27.9711963194247, 27.97265711932)),29.4667844522968
"1378",1504,2344.73815203063,"2000-2500m",list(c(96.9820608863228, 96.9837186563158, 97.0344540168782, 97.0327752720224, 96.9820608863228, 27.9711963194247, 28.0162233972375, 28.0147411785946, 27.9697168956617, 27.9711963194247)),37.5685272711809
"1379",1505,2079.58584313848,"2000-2500m",list(c(93.1710660237155, 93.1711375435938, 93.2220463389023, 93.2219535250212, 93.1710660237155, 28.073929768542, 28.1190654190571, 28.1189924861132, 28.0738569731191, 28.073929768542)),37.9017672354845
"1380",1506,1678.37408197853,"1000-2000m",list(c(93.2219535250212, 93.2220463389023, 93.2729549194049, 93.2728408119037, 93.2219535250212, 28.0738569731191, 28.1189924861132, 28.118900652291, 28.0737653124567, 28.0738569731191)),40.08392538622
"1381",1507,1271.58571829843,"1000-2000m",list(c(93.2728408119037, 93.2729549194049, 93.3238632358208, 93.3237278351701, 93.2728408119037, 28.0737653124567, 28.118900652291, 28.1187899179203, 28.073654786884, 28.0737653124567)),35.5309079133338
"1382",1508,1178.03505743519,"1000-2000m",list(c(93.3237278351701, 93.3238632358208, 93.374771238871, 93.3746145456292, 93.3237278351701, 28.073654786884, 28.1187899179203, 28.1186602833988, 28.0735253967975, 28.073654786884)),33.1089719677188
"1383",1509,1165.09550263725,"1000-2000m",list(c(93.3746145456292, 93.374771238871, 93.4256788792783, 93.4255008940915, 93.3746145456292, 28.0735253967975, 28.1186602833988, 28.1185117491922, 28.0733771426619, 28.0735253967975)),35.9770115987347
"1384",1510,1658.29474735495,"1000-2000m",list(c(93.4255008940915, 93.4256788792783, 93.4765861077674, 93.4763868313696, 93.4255008940915, 28.0733771426619, 28.1185117491922, 28.1183443158337, 28.0732100250092, 28.0733771426619)),37.3188071718291
"1385",1511,2114.89583202561,"2000-2500m",list(c(93.4763868313696, 93.4765861077674, 93.5274928750656, 93.5272723082785, 93.4763868313696, 28.0732100250092, 28.1183443158337, 28.1181579839248, 28.0730240444392, 28.0732100250092)),33.7208471410244
"1386",1512,1524.68309353641,"1000-2000m",list(c(93.5272723082785, 93.5274928750656, 93.5783991319029, 93.578157275636, 93.5272723082785, 28.0730240444392, 28.1181579839248, 28.1179527541347, 28.0728192016196, 28.0730240444392)),32.5619237027662
"1387",1513,1103.0617958241,"1000-2000m",list(c(93.578157275636, 93.5783991319029, 93.6293048290122, 93.6290416842627, 93.578157275636, 28.0728192016196, 28.1179527541347, 28.1177286272002, 28.0725954972855, 28.0728192016196)),32.7731855113456
"1388",1514,1067.5623626891,"1000-2000m",list(c(93.6290416842627, 93.6293048290122, 93.6802099171297, 93.6799254849826, 93.6290416842627, 28.0725954972855, 28.1177286272002, 28.1174856039263, 28.0723529322398, 28.0725954972855)),32.284946025159
"1389",1515,1588.62535501389,"1000-2000m",list(c(93.6799254849826, 93.6802099171297, 93.7311143469951, 93.7308086286233, 93.6799254849826, 28.0723529322398, 28.1174856039263, 28.1172236851857, 28.0720915073532, 28.0723529322398)),35.2048804956666
"1390",1516,1380.14715520739,"1000-2000m",list(c(93.7308086286233, 93.7311143469951, 93.782018069352, 93.7816910660159, 93.7308086286233, 28.0720915073532, 28.1172236851857, 28.1169428719189, 28.0718112235639, 28.0720915073532)),32.9841580055724
"1391",1517,1480.20579373548,"1000-2000m",list(c(93.7816910660159, 93.782018069352, 93.8329210349482, 93.8325727479959, 93.7816910660159, 28.0718112235639, 28.1169428719189, 28.1166431651343, 28.0715120818777, 28.0718112235639)),36.9829014572037
"1392",1518,1828.97790331138,"1000-2000m",list(c(93.8325727479959, 93.8329210349482, 93.8838231945358, 93.8834536254032, 93.8325727479959, 28.0715120818777, 28.1166431651343, 28.116324565908, 28.0711940833682, 28.0715120818777)),37.2637938016779
"1393",1519,1947.98292812334,"1000-2000m",list(c(93.8834536254032, 93.8838231945358, 93.9347244988716, 93.9343336490824, 93.8834536254032, 28.0711940833682, 28.116324565908, 28.1159870753839, 28.0708572291766, 28.0711940833682)),35.1040623374922
"1394",1520,1871.19672336953,"1000-2000m",list(c(93.9343336490824, 93.9347244988716, 93.9856248987176, 93.9852127698829, 93.9343336490824, 28.0708572291766, 28.1159870753839, 28.1156306947738, 28.0705015205117, 28.0708572291766)),34.0771568265386
"1395",1521,1632.05817546269,"1000-2000m",list(c(93.9852127698829, 93.9856248987176, 94.0365243448408, 94.0360909386595, 93.9852127698829, 28.0705015205117, 28.1156306947738, 28.1152554253573, 28.0701269586499, 28.0705015205117)),34.2427270146298
"1396",1522,1292.28557161137,"1000-2000m",list(c(94.0360909386595, 94.0365243448408, 94.0874227880139, 94.0869681062725, 94.0360909386595, 28.0701269586499, 28.1152554253573, 28.1148612684816, 28.0697335449353, 28.0701269586499)),31.7528713832709
"1397",1523,1187.62607494821,"1000-2000m",list(c(94.0869681062725, 94.0874227880139, 94.1383201790156, 94.1378442235881, 94.0869681062725, 28.0697335449353, 28.1148612684816, 28.1144482255618, 28.0693212807794, 28.0697335449353)),32.5792312858898
"1398",1524,588.713398458225,"0-1000m",list(c(94.1378442235881, 94.1383201790156, 94.1892164686304, 94.1887192414786, 94.1378442235881, 28.0693212807794, 28.1144482255618, 28.1140162980807, 28.0688901676615, 28.0693212807794)),31.7872737835694
"1399",1525,943.114870378507,"0-1000m",list(c(94.1887192414786, 94.1892164686304, 94.2401116076496, 94.2395931108227, 94.1887192414786, 28.0688901676615, 28.1140162980807, 28.1135654875887, 28.0684402071282, 28.0688901676615)),29.9276705682194
"1400",1526,1300.16116850286,"1000-2000m",list(c(94.2395931108227, 94.2401116076496, 94.291005546871, 94.2904657825057, 94.2395931108227, 28.0684402071282, 28.1135654875887, 28.1130957957041, 28.0679714007939, 28.0684402071282)),34.6088306458734
"1401",1527,1326.56945788209,"1000-2000m",list(c(94.2904657825057, 94.291005546871, 94.3418982370993, 94.34133720742, 94.2904657825057, 28.0679714007939, 28.1130957957041, 28.1126072241128, 28.0674837503405, 28.0679714007939)),31.6776110026547
"1402",1528,1137.79530475174,"1000-2000m",list(c(94.34133720742, 94.3418982370993, 94.3927896291468, 94.3922073364653, 94.34133720742, 28.0674837503405, 28.1126072241128, 28.1120997745684, 28.0669772575172, 28.0674837503405)),33.5848358228071
"1403",1529,1333.50450984676,"1000-2000m",list(c(94.3922073364653, 94.3927896291468, 94.4436796738332, 94.4430761205486, 94.3922073364653, 28.0669772575172, 28.1120997745684, 28.1115734488922, 28.0664519241409, 28.0669772575172)),31.6440765456208
"1404",1530,819.658500046815,"0-1000m",list(c(94.4430761205486, 94.4436796738332, 94.494568321986, 94.4939435105851, 94.4430761205486, 28.0664519241409, 28.1115734488922, 28.1110282489731, 28.0659077520958, 28.0664519241409)),22.0199451500805
"1405",1531,806.647668068546,"0-1000m",list(c(94.4939435105851, 94.494568321986, 94.5454555244409, 94.5448094574979, 94.4939435105851, 28.0659077520958, 28.1110282489731, 28.1104641767675, 28.065344743334, 28.0659077520958)),25.4641472721376
"1406",1532,757.23235854062,"0-1000m",list(c(94.5448094574979, 94.5454555244409, 94.5963412320422, 94.5956739122184, 94.5448094574979, 28.065344743334, 28.1104641767675, 28.1098812342998, 28.0647628998744, 28.065344743334)),26.5091245734572
"1407",1533,1001.98726631503,"1000-2000m",list(c(94.5956739122184, 94.5963412320422, 94.6472253956426, 94.646536825687, 94.5956739122184, 28.0647628998744, 28.1098812342998, 28.1092794236615, 28.0641622238039, 28.0647628998744)),27.4907589663959
"1408",1534,732.667911618856,"0-1000m",list(c(94.646536825687, 94.6472253956426, 94.6981079661042, 94.6973981488528, 94.646536825687, 28.0641622238039, 28.1092794236615, 28.108658747012, 28.0635427172764, 28.0641622238039)),27.3642393366081
"1409",1535,771.496145563497,"0-1000m",list(c(94.6973981488528, 94.6981079661042, 94.748988894298, 94.7482578326742, 94.6973981488528, 28.0635427172764, 28.108658747012, 28.1080192065781, 28.0629043825134, 28.0635427172764)),22.9204344100057
"1410",1536,590.784245185856,"0-1000m",list(c(94.7482578326742, 94.748988894298, 94.7998681311047, 94.7991158281194, 94.7482578326742, 28.0629043825134, 28.1080192065781, 28.1073608046543, 28.0622472218038, 28.0629043825134)),22.8724925021455
"1411",1537,464.125980792166,"0-1000m",list(c(94.7991158281194, 94.7998681311047, 94.8507456274151, 94.8499720861661, 94.7991158281194, 28.0622472218038, 28.1073608046543, 28.1066835436024, 28.0615712375037, 28.0622472218038)),22.7146115333008
"1412",1538,826.867856808464,"0-1000m",list(c(94.8499720861661, 94.8507456274151, 94.9016213341299, 94.9008265578024, 94.8499720861661, 28.0615712375037, 28.1066835436024, 28.1059874258518, 28.0608764320366, 28.0615712375037)),30.4618122328029
"1413",1539,1158.29546518523,"1000-2000m",list(c(94.9008265578024, 94.9016213341299, 94.9524952021603, 94.9516791940264, 94.9008265578024, 28.0608764320366, 28.1059874258518, 28.1052724538994, 28.0601628078932, 28.0608764320366)),35.9107862970308
"1414",1540,904.00643399661,"0-1000m",list(c(94.9516791940264, 94.9524952021603, 95.0033671824281, 95.0025299458473, 94.9516791940264, 28.0601628078932, 28.1052724538994, 28.1045386303094, 28.0594303676317, 28.0601628078932)),34.4420337004178
"1415",1541,1171.09478480697,"1000-2000m",list(c(95.0025299458473, 95.0033671824281, 95.0542372258663, 95.0533787642851, 95.0025299458473, 28.0594303676317, 28.1045386303094, 28.1037859577135, 28.0586791138773, 28.0594303676317)),36.3526986603401
"1416",1542,1172.84125290314,"1000-2000m",list(c(95.0533787642851, 95.0542372258663, 95.1051052834192, 95.1042256003711, 95.0533787642851, 28.0586791138773, 28.1037859577135, 28.1030144388108, 28.0579090493227, 28.0586791138773)),37.8811947060116
"1417",1543,1145.12892856028,"1000-2000m",list(c(95.1042256003711, 95.1051052834192, 95.1559713060425, 95.1550704051479, 95.1042256003711, 28.0579090493227, 28.1030144388108, 28.1022240763677, 28.0571201767274, 28.0579090493227)),36.0420490045265
"1418",1544,1238.12777378983,"1000-2000m",list(c(95.1550704051479, 95.1559713060425, 95.2068352447038, 95.2059131296702, 95.1550704051479, 28.0571201767274, 28.1022240763677, 28.1014148732181, 28.0563124989185, 28.0571201767274)),35.7373739903127
"1419",1545,1207.77625384471,"1000-2000m",list(c(95.2059131296702, 95.2068352447038, 95.2576970503828, 95.2567537250047, 95.2059131296702, 28.0563124989185, 28.1014148732181, 28.100586832263, 28.05548601879, 28.0563124989185)),39.0450349565691
"1420",1546,367.732592615711,"0-1000m",list(c(95.2567537250047, 95.2576970503828, 95.3085566740719, 95.3075921422304, 95.2567537250047, 28.05548601879, 28.100586832263, 28.0997399564709, 28.0546407393031, 28.05548601879)),26.6988558237724
"1421",1547,164.621391342343,"0-1000m",list(c(95.3075921422304, 95.3085566740719, 95.3594140667759, 95.3584283324391, 95.3075921422304, 28.0546407393031, 28.0997399564709, 28.0988742488773, 28.053776663486, 28.0546407393031)),13.7005381119064
"1422",1548,158.117381206453,"0-1000m",list(c(95.3584283324391, 95.3594140667759, 95.4102691795127, 95.4092622467356, 95.3584283324391, 28.053776663486, 28.0988742488773, 28.097989712585, 28.0528937944342, 28.053776663486)),18.9335167859108
"1423",1549,160.451296776006,"0-1000m",list(c(95.4092622467356, 95.4102691795127, 95.4611219633135, 95.4600938362376, 95.4092622467356, 28.0528937944342, 28.097989712585, 28.0970863507643, 28.0519921353099, 28.0528937944342)),15.8794701756822
"1424",1550,169.973065759496,"0-1000m",list(c(95.4600938362376, 95.4611219633135, 95.511972369223, 95.5109230520766, 95.4600938362376, 28.0519921353099, 28.0970863507643, 28.0961641666523, 28.0510716893426, 28.0519921353099)),16.2309556534008
"1425",1551,184.442690352144,"0-1000m",list(c(95.5109230520766, 95.511972369223, 95.5628203482997, 95.5617498453979, 95.5109230520766, 28.0510716893426, 28.0961641666523, 28.0952231635533, 28.0501324598286, 28.0510716893426)),19.397376765202
"1426",1552,185.641490590181,"0-1000m",list(c(95.5617498453979, 95.5628203482997, 95.6136658516164, 95.6125741673608, 95.5617498453979, 28.0501324598286, 28.0952231635533, 28.0942633448389, 28.0491744501312, 28.0501324598286)),19.49380902477
"1427",1553,177.424112855404,"0-1000m",list(c(95.6125741673608, 95.6136658516164, 95.6645088302602, 95.6633959691388, 95.6125741673608, 28.0491744501312, 28.0942633448389, 28.0932847139476, 28.0481976636806, 28.0491744501312)),17.9401002423562
"1428",1554,172.899943506371,"0-1000m",list(c(95.6633959691388, 95.6645088302602, 95.7153492353328, 95.7142152019204, 95.6633959691388, 28.0481976636806, 28.0932847139476, 28.0922872743849, 28.047202103974, 28.0481976636806)),14.6428397546931
"1429",1555,180.710932867264,"0-1000m",list(c(95.7142152019204, 95.7153492353328, 95.766187017951, 95.7650318169086, 95.7142152019204, 28.047202103974, 28.0922872743849, 28.0912710297236, 28.0461877745752, 28.047202103974)),14.8521368429037
"1430",1556,198.869292469024,"0-1000m",list(c(95.7650318169086, 95.766187017951, 95.8170221292469, 95.8158457653219, 95.7650318169086, 28.0461877745752, 28.0912710297236, 28.0902359836031, 28.0451546791151, 28.0461877745752)),14.5779116125201
"1431",1557,237.288117506748,"0-1000m",list(c(95.8158457653219, 95.8170221292469, 95.8678545203679, 95.8666569983943, 95.8158457653219, 28.0451546791151, 28.0902359836031, 28.0891821397299, 28.0441028212911, 28.0451546791151)),16.9717163079274
"1432",1558,296.871289909803,"0-1000m",list(c(95.8666569983943, 95.8678545203679, 95.9186841424774, 95.9174654673752, 95.8666569983943, 28.0441028212911, 28.0891821397299, 28.0881095018775, 28.0430322048675, 28.0441028212911)),18.8512710195425
"1433",1559,452.771483271609,"0-1000m",list(c(95.9174654673752, 95.9186841424774, 95.9695109467549, 95.9682711235305, 95.9174654673752, 28.0430322048675, 28.0881095018775, 28.0870180738863, 28.0419428336753, 28.0430322048675)),23.8350433258749
"1434",1560,517.834930245623,"0-1000m",list(c(95.9682711235305, 95.9695109467549, 96.0203348843961, 96.0190739181422, 95.9682711235305, 28.0419428336753, 28.0870180738863, 28.0859078596632, 28.0408347116122, 28.0419428336753)),19.7680827473078
"1435",1561,542.555787896757,"0-1000m",list(c(96.0190739181422, 96.0203348843961, 96.0711559066137, 96.0698738025089, 96.0190739181422, 28.0408347116122, 28.0859078596632, 28.0847788631822, 28.0397078426425, 28.0408347116122)),17.8981070033432
"1436",1562,687.022879919654,"0-1000m",list(c(96.0698738025089, 96.0711559066137, 96.1219739646369, 96.1206707279459, 96.0698738025089, 28.0397078426425, 28.0847788631822, 28.083631088484, 28.038562230797, 28.0397078426425)),23.4997997029441
"1437",1563,700.91766798789,"0-1000m",list(c(96.1206707279459, 96.1219739646369, 96.1727890097125, 96.1714646457861, 96.1206707279459, 28.038562230797, 28.083631088484, 28.0824645396761, 28.0373978801733, 28.038562230797)),24.2686187608888
"1438",1564,1506.310258731,"1000-2000m",list(c(96.1714646457861, 96.1727890097125, 96.2236009931046, 96.2222555073795, 96.1714646457861, 28.0373978801733, 28.0824645396761, 28.0812792209324, 28.0362147949352, 28.0373978801733)),30.892028300171
"1439",1565,1587.02391563618,"1000-2000m",list(c(96.2222555073795, 96.2236009931046, 96.274409866095, 96.2730432640939, 96.2222555073795, 28.0362147949352, 28.0812792209324, 28.0800751364938, 28.0350129793133, 28.0362147949352)),31.9582846370776
"1440",1566,1197.01554258606,"1000-2000m",list(c(96.2730432640939, 96.274409866095, 96.3252155799838, 96.3238278673151, 96.2730432640939, 28.0350129793133, 28.0800751364938, 28.0788522906675, 28.0337924376044, 28.0350129793133)),27.9078681003672
"1441",1567,1899.05727037234,"1000-2000m",list(c(96.3238278673151, 96.3252155799838, 96.3760180860893, 96.3746092684472, 96.3238278673151, 28.0337924376044, 28.0788522906675, 28.0776106878275, 28.0325531741719, 28.0337924376044)),30.7288987174892
"1442",1568,2045.55272738686,"2000-2500m",list(c(96.3746092684472, 96.3760180860893, 96.4268173357484, 96.4253874189128, 96.3746092684472, 28.0325531741719, 28.0776106878275, 28.0763503324142, 28.0312951934455, 28.0325531741719)),27.9013058887945
"1443",1569,874.001716550669,"0-1000m",list(c(96.4253874189128, 96.4268173357484, 96.4776132803168, 96.4761622701533, 96.4253874189128, 28.0312951934455, 28.0763503324142, 28.0750712289345, 28.030018499921, 28.0312951934455)),28.6671901332925
"1444",1570,1302.89529040916,"1000-2000m",list(c(96.4761622701533, 96.4776132803168, 96.5284058711697, 96.5269337736293, 96.4761622701533, 28.030018499921, 28.0750712289345, 28.0737733819616, 28.0287230981608, 28.030018499921)),32.484600260065
"1445",1571,1287.1660284979,"1000-2000m",list(c(96.5269337736293, 96.5284058711697, 96.5791950597013, 96.5777018808208, 96.5269337736293, 28.0287230981608, 28.0737733819616, 28.0724567961355, 28.0274089927934, 28.0287230981608)),30.7433205896698
"1446",1572,1255.12643175931,"1000-2000m",list(c(96.5777018808208, 96.5791950597013, 96.6299807973259, 96.6284665432273, 96.5777018808208, 28.0274089927934, 28.0724567961355, 28.0711214761621, 28.0260761885135, 28.0274089927934)),28.0869774040755
"1447",1573,1860.4069161387,"1000-2000m",list(c(96.6284665432273, 96.6299807973259, 96.6807630354776, 96.6792277123683, 96.6284665432273, 28.0260761885135, 28.0711214761621, 28.0697674268138, 28.0247246900819, 28.0260761885135)),30.8715753476662
"1448",1574,2264.55831590774,"2000-2500m",list(c(96.7299853397837, 96.7315417256108, 96.7823168192006, 96.7807393770337, 96.7299853397837, 28.0233545023256, 28.0683946529293, 28.0670031594136, 28.0219656301376, 28.0233545023256)),33.8145474701869
"1449",1575,1831.43368275689,"1000-2000m",list(c(96.9329794637061, 96.9346200357733, 96.98538025836, 96.9837186563158, 96.9329794637061, 28.0176869569029, 28.0627164111192, 28.0612500894495, 28.0162233972375, 28.0176869569029)),28.79218654439
"1450",1576,2382.93498954465,"2000-2500m",list(c(96.9837186563158, 96.98538025836, 97.0361366420962, 97.0344540168782, 96.9837186563158, 28.0162233972375, 28.0612500894495, 28.0597650736645, 28.0147411785946, 28.0162233972375)),36.3702763668821
"1451",1577,2412.80353297338,"2000-2500m",list(c(93.1202285827612, 93.120278924583, 93.1712092289963, 93.1711375435938, 93.1202285827612, 28.1191194508608, 28.164254905882, 28.1642007721136, 28.1190654190571, 28.1191194508608)),36.2727695616452
"1452",1578,1899.70288068412,"1000-2000m",list(c(93.1711375435938, 93.1712092289963, 93.2221393675895, 93.2220463389023, 93.1711375435938, 28.1190654190571, 28.1642007721136, 28.1641277015363, 28.1189924861132, 28.1190654190571)),37.0329585791648
"1453",1579,1593.57384972695,"1000-2000m",list(c(93.2220463389023, 93.2221393675895, 93.2730692909929, 93.2729549194049, 93.2220463389023, 28.1189924861132, 28.1641277015363, 28.1640356944128, 28.118900652291, 28.1189924861132)),39.1847733959728
"1454",1580,1726.97890203177,"1000-2000m",list(c(93.2729549194049, 93.2730692909929, 93.3239989498375, 93.3238632358208, 93.2729549194049, 28.118900652291, 28.1640356944128, 28.1639247510736, 28.1187899179203, 28.118900652291)),40.1407171873489
"1455",1581,1597.60253593622,"1000-2000m",list(c(93.3238632358208, 93.3239989498375, 93.3749282947562, 93.374771238871, 93.3238632358208, 28.1187899179203, 28.1639247510736, 28.1637948719173, 28.1186602833988, 28.1187899179203)),39.3618630140297
"1456",1582,1514.36216098124,"1000-2000m",list(c(93.374771238871, 93.3749282947562, 93.4258572763836, 93.4256788792783, 93.374771238871, 28.1186602833988, 28.1637948719173, 28.1636460574108, 28.1185117491922, 28.1186602833988)),37.8565813066761
"1457",1583,2089.94457101838,"2000-2500m",list(c(93.4256788792783, 93.4258572763836, 93.4767858453566, 93.4765861077674, 93.4256788792783, 28.1185117491922, 28.1636460574108, 28.1634783080888, 28.1183443158337, 28.1185117491922)),38.7965014633581
"1458",1584,1701.68065407068,"1000-2000m",list(c(93.4765861077674, 93.4767858453566, 93.5277139523142, 93.5274928750656, 93.4765861077674, 28.1183443158337, 28.1634783080888, 28.1632916245539, 28.1181579839248, 28.1183443158337)),35.66117194291
"1459",1585,1257.82575450204,"1000-2000m",list(c(93.5274928750656, 93.5277139523142, 93.5786415478984, 93.5783991319029, 93.5274928750656, 28.1181579839248, 28.1632916245539, 28.163086007477, 28.1179527541347, 28.1181579839248)),33.1858259266894
"1460",1586,1610.95215505134,"1000-2000m",list(c(93.5783991319029, 93.5786415478984, 93.6295685827541, 93.6293048290122, 93.5783991319029, 28.1179527541347, 28.163086007477, 28.162861457597, 28.1177286272002, 28.1179527541347)),33.6278763810147
"1461",1587,1106.2075827004,"1000-2000m",list(c(93.6293048290122, 93.6295685827541, 93.6804950075294, 93.6802099171297, 93.6293048290122, 28.1177286272002, 28.162861457597, 28.1626179757205, 28.1174856039263, 28.1177286272002)),29.3845587901358
"1462",1588,1520.00752161293,"1000-2000m",list(c(93.6802099171297, 93.6804950075294, 93.731420772876, 93.7311143469951, 93.6802099171297, 28.1174856039263, 28.1626179757205, 28.1623555627225, 28.1172236851857, 28.1174856039263)),35.0685913361318
"1463",1589,1420.36843419369,"1000-2000m",list(c(93.7311143469951, 93.731420772876, 93.7823458294496, 93.782018069352, 93.7311143469951, 28.1172236851857, 28.1623555627225, 28.1620742195458, 28.1169428719189, 28.1172236851857)),34.9496338506453
"1464",1590,1656.82286108844,"1000-2000m",list(c(93.782018069352, 93.7823458294496, 93.8332701279098, 93.8329210349482, 93.782018069352, 28.1169428719189, 28.1620742195458, 28.1617739472011, 28.1166431651343, 28.1169428719189)),37.4679001261843
"1465",1591,2123.62432508349,"2000-2500m",list(c(93.8329210349482, 93.8332701279098, 93.8841936189208, 93.8838231945358, 93.8329210349482, 28.1166431651343, 28.1617739472011, 28.1614547467673, 28.116324565908, 28.1166431651343)),36.8835710278555
"1466",1592,2170.90112668144,"2000-2500m",list(c(93.8838231945358, 93.8841936189208, 93.9351162531516, 93.9347244988716, 93.8838231945358, 28.116324565908, 28.1614547467673, 28.161116619391, 28.1159870753839, 28.116324565908)),35.9305293319544
"1467",1593,1799.06653694056,"1000-2000m",list(c(93.9347244988716, 93.9351162531516, 93.9860379812759, 93.9856248987176, 93.9347244988716, 28.1159870753839, 28.161116619391, 28.160759566287, 28.1156306947738, 28.1159870753839)),32.9382037408294
"1468",1594,1243.6446115914,"1000-2000m",list(c(93.9856248987176, 93.9860379812759, 94.0369587539731, 94.0365243448408, 93.9856248987176, 28.1156306947738, 28.160759566287, 28.1603835887379, 28.1152554253573, 28.1156306947738)),33.583216906673
"1469",1595,949.955556942667,"0-1000m",list(c(94.0365243448408, 94.0369587539731, 94.0878785219279, 94.0874227880139, 94.0365243448408, 28.1152554253573, 28.1603835887379, 28.1599886880943, 28.1148612684816, 28.1152554253573)),32.84411448962
"1470",1596,1168.25965099492,"1000-2000m",list(c(94.0874227880139, 94.0878785219279, 94.1387972358309, 94.1383201790156, 94.0874227880139, 28.1148612684816, 28.1599886880943, 28.1595748657746, 28.1144482255618, 28.1148612684816)),32.882472527639
"1471",1597,636.884835055086,"0-1000m",list(c(94.1383201790156, 94.1387972358309, 94.1897148463791, 94.1892164686304, 94.1383201790156, 28.1144482255618, 28.1595748657746, 28.1591421232653, 28.1140162980807, 28.1144482255618)),30.2142077379007
"1472",1598,1345.21272989768,"1000-2000m",list(c(94.1892164686304, 94.1897148463791, 94.2406313042755, 94.2401116076496, 94.1892164686304, 28.1140162980807, 28.1591421232653, 28.1586904621206, 28.1135654875887, 28.1140162980807)),34.9847010792851
"1473",1599,2075.3720545551,"2000-2500m",list(c(94.2401116076496, 94.2406313042755, 94.2915465602304, 94.291005546871, 94.2401116076496, 28.1135654875887, 28.1586904621206, 28.1582198839626, 28.1130957957041, 28.1135654875887)),33.6148455649922
"1474",1600,1572.4056365282,"1000-2000m",list(c(94.291005546871, 94.2915465602304, 94.3424605649607, 94.3418982370993, 94.291005546871, 28.1130957957041, 28.1582198839626, 28.1577303904815, 28.1126072241128, 28.1130957957041)),37.0387546375213
"1475",1601,1640.34727889021,"1000-2000m",list(c(94.3418982370993, 94.3424605649607, 94.3933732691908, 94.3927896291468, 94.3418982370993, 28.1126072241128, 28.1577303904815, 28.157221983435, 28.1120997745684, 28.1126072241128)),34.6381315465188
"1476",1602,1518.75465809432,"1000-2000m",list(c(94.3927896291468, 94.3933732691908, 94.4442846236526, 94.4436796738332, 94.3927896291468, 28.1120997745684, 28.157221983435, 28.1566946646489, 28.1115734488922, 28.1120997745684)),33.4192477602081
"1477",1603,1214.08645173372,"1000-2000m",list(c(94.4436796738332, 94.4442846236526, 94.4951945790861, 94.494568321986, 94.4436796738332, 28.1115734488922, 28.1566946646489, 28.1561484360166, 28.1110282489731, 28.1115734488922)),27.0898907184742
"1478",1604,1135.79323331869,"1000-2000m",list(c(94.494568321986, 94.4951945790861, 94.5461030862391, 94.5454555244409, 94.494568321986, 28.1110282489731, 28.1561484360166, 28.1555832994995, 28.1104641767675, 28.1110282489731)),29.5683974457741
"1479",1605,827.181455010767,"0-1000m",list(c(94.5454555244409, 94.5461030862391, 94.5970100958683, 94.5963412320422, 94.5454555244409, 28.1104641767675, 28.1555832994995, 28.1549992571265, 28.1098812342998, 28.1104641767675)),25.1296920574632
"1480",1606,768.784057925783,"0-1000m",list(c(94.5963412320422, 94.5970100958683, 94.6479155587388, 94.6472253956426, 94.5963412320422, 28.1098812342998, 28.1549992571265, 28.1543963109946, 28.1092794236615, 28.1098812342998)),26.7416686069542
"1481",1607,544.134988387421,"0-1000m",list(c(94.6472253956426, 94.6479155587388, 94.6988194256249, 94.6981079661042, 94.6472253956426, 28.1092794236615, 28.1543963109946, 28.1537744632682, 28.108658747012, 28.1092794236615)),25.2433627916968
"1482",1608,825.481851377922,"0-1000m",list(c(94.6981079661042, 94.6988194256249, 94.7497216473103, 94.748988894298, 94.6981079661042, 28.108658747012, 28.1537744632682, 28.1531337161797, 28.1080192065781, 28.108658747012)),27.0831780147712
"1483",1609,541.174963328236,"0-1000m",list(c(94.748988894298, 94.7497216473103, 94.8006221745881, 94.7998681311047, 94.748988894298, 28.1080192065781, 28.1531337161797, 28.1524740720291, 28.1073608046543, 28.1080192065781)),24.131240975758
"1484",1610,440.069047768502,"0-1000m",list(c(94.7998681311047, 94.8006221745881, 94.8515209582615, 94.8507456274151, 94.7998681311047, 28.1073608046543, 28.1524740720291, 28.1517955331838, 28.1066835436024, 28.1073608046543)),24.1574926339884
"1485",1611,759.809275615617,"0-1000m",list(c(94.8507456274151, 94.8515209582615, 94.9024179491436, 94.9016213341299, 94.8507456274151, 28.1066835436024, 28.1517955331838, 28.1510981020793, 28.1059874258518, 28.1066835436024)),29.449514377862
"1486",1612,1370.61711557067,"1000-2000m",list(c(94.9016213341299, 94.9024179491436, 94.9533130980584, 94.9524952021603, 94.9016213341299, 28.1059874258518, 28.1510981020793, 28.1503817812184, 28.1052724538994, 28.1059874258518)),33.2894627031373
"1487",1613,1170.89369782186,"1000-2000m",list(c(94.9524952021603, 94.9533130980584, 95.0042063558403, 95.0033671824281, 94.9524952021603, 28.1052724538994, 28.1503817812184, 28.1496465731716, 28.1045386303094, 28.1052724538994)),34.1754156583562
"1488",1614,803.491869791829,"0-1000m",list(c(95.0033671824281, 95.0042063558403, 95.0550976733349, 95.0542372258663, 95.0033671824281, 28.1045386303094, 28.1496465731716, 28.1488924805771, 28.1037859577135, 28.1045386303094)),33.8211308949883
"1489",1615,877.997928566945,"0-1000m",list(c(95.0542372258663, 95.0550976733349, 95.1059870013989, 95.1051052834192, 95.0542372258663, 28.1037859577135, 28.1488924805771, 28.1481195061405, 28.1030144388108, 28.1037859577135)),35.9533459192111
"1490",1616,535.192316095003,"0-1000m",list(c(95.1051052834192, 95.1059870013989, 95.1568742909011, 95.1559713060425, 95.1051052834192, 28.1030144388108, 28.1481195061405, 28.1473276526349, 28.1022240763677, 28.1030144388108)),33.7526225703134
"1491",1617,1043.07574669954,"1000-2000m",list(c(95.1559713060425, 95.1568742909011, 95.2077594927216, 95.2068352447038, 95.1559713060425, 28.1022240763677, 28.1473276526349, 28.146516922901, 28.1014148732181, 28.1022240763677)),33.6256128306958
"1492",1618,1161.81736865231,"1000-2000m",list(c(95.2068352447038, 95.2077594927216, 95.2586425577531, 95.2576970503828, 95.2068352447038, 28.1014148732181, 28.146516922901, 28.145687319847, 28.100586832263, 28.1014148732181)),37.7173258159033
"1493",1619,310.630379825848,"0-1000m",list(c(95.2576970503828, 95.2586425577531, 95.3095234369007, 95.3085566740719, 95.2576970503828, 28.100586832263, 28.145687319847, 28.1448388464485, 28.0997399564709, 28.100586832263)),27.687170251534
"1494",1620,241.857495084423,"0-1000m",list(c(95.3085566740719, 95.3095234369007, 95.3604020810821, 95.3594140667759, 95.3085566740719, 28.0997399564709, 28.1448388464485, 28.1439715057484, 28.0988742488773, 28.0997399564709)),20.7423701149727
"1495",1621,223.056493628774,"0-1000m",list(c(95.3594140667759, 95.3604020810821, 95.4112784412282, 95.4102691795127, 95.3594140667759, 28.0988742488773, 28.1439715057484, 28.1430853008572, 28.097989712585, 28.0988742488773)),18.6989303105293
"1496",1622,226.46918011298,"0-1000m",list(c(95.4102691795127, 95.4112784412282, 95.462152468283, 95.4611219633135, 95.4102691795127, 28.097989712585, 28.1430853008572, 28.1421802349526, 28.0970863507643, 28.097989712585)),19.4279951214936
"1497",1623,212.043725227053,"0-1000m",list(c(95.4611219633135, 95.462152468283, 95.5130241132044, 95.511972369223, 95.4611219633135, 28.0970863507643, 28.1421802349526, 28.1412563112798, 28.0961641666523, 28.0970863507643)),20.2180642739968
"1498",1624,220.56311593748,"0-1000m",list(c(95.511972369223, 95.5130241132044, 95.5638933269639, 95.5628203482997, 95.511972369223, 28.0961641666523, 28.1412563112798, 28.1403135331511, 28.0952231635533, 28.0961641666523)),19.8392458747423
"1499",1625,221.68515339721,"0-1000m",list(c(95.5628203482997, 95.5638933269639, 95.6147600605474, 95.6136658516164, 95.5628203482997, 28.0952231635533, 28.1403135331511, 28.1393519039462, 28.0942633448389, 28.0952231635533)),19.8315149501252
"1500",1626,203.149464748291,"0-1000m",list(c(95.6136658516164, 95.6147600605474, 95.6656242649552, 95.6645088302602, 95.6136658516164, 28.0942633448389, 28.1393519039462, 28.1383714271119, 28.0932847139476, 28.0942633448389)),17.7594490482973
"1501",1627,187.330048333438,"0-1000m",list(c(95.6645088302602, 95.6656242649552, 95.7164858912022, 95.7153492353328, 95.6645088302602, 28.0932847139476, 28.1383714271119, 28.1373721061624, 28.0922872743849, 28.0932847139476)),13.8097431730263
"1502",1628,200.230361099841,"0-1000m",list(c(95.7153492353328, 95.7164858912022, 95.7673448903185, 95.766187017951, 95.7153492353328, 28.0922872743849, 28.1373721061624, 28.136353944679, 28.0912710297236, 28.0922872743849)),18.2513688948231
"1503",1629,249.288723822602,"0-1000m",list(c(95.766187017951, 95.7673448903185, 95.8182012133493, 95.8170221292469, 95.766187017951, 28.0912710297236, 28.136353944679, 28.1353169463101, 28.0902359836031, 28.0912710297236)),19.3992942388078
"1504",1630,354.199485280271,"0-1000m",list(c(95.8170221292469, 95.8182012133493, 95.8690548113557, 95.8678545203679, 95.8170221292469, 28.0902359836031, 28.1353169463101, 28.1342611147711, 28.0891821397299, 28.0902359836031)),22.4734510566957
"1505",1631,721.312817951999,"0-1000m",list(c(95.8678545203679, 95.8690548113557, 95.9199056354143, 95.9186841424774, 95.8678545203679, 28.0891821397299, 28.1342611147711, 28.1331864538448, 28.0881095018775, 28.0891821397299)),29.4803756284226
"1506",1632,942.120613897433,"0-1000m",list(c(95.9186841424774, 95.9199056354143, 95.9707536366182, 95.9695109467549, 95.9186841424774, 28.0881095018775, 28.1331864538448, 28.1320929673806, 28.0870180738863, 28.0881095018775)),29.083321723434
"1507",1633,970.176492618832,"0-1000m",list(c(95.9695109467549, 95.9707536366182, 96.0215987660766, 96.0203348843961, 95.9695109467549, 28.0870180738863, 28.1320929673806, 28.1309806592952, 28.0859078596632, 28.0870180738863)),26.3792626979461
"1508",1634,1236.11248088387,"1000-2000m",list(c(96.0203348843961, 96.0215987660766, 96.0724409749157, 96.0711559066137, 96.0203348843961, 28.0859078596632, 28.1309806592952, 28.1298495335721, 28.0847788631822, 28.0859078596632)),27.7498772913195
"1509",1635,1409.91598141987,"1000-2000m",list(c(96.0711559066137, 96.0724409749157, 96.1232802142785, 96.1219739646369, 96.0711559066137, 28.0847788631822, 28.1298495335721, 28.1286995942619, 28.083631088484, 28.0847788631822)),29.4469902924391
"1510",1636,1191.78240379514,"1000-2000m",list(c(96.1219739646369, 96.1232802142785, 96.1741164353254, 96.1727890097125, 96.1219739646369, 28.083631088484, 28.1286995942619, 28.127530845482, 28.0824645396761, 28.083631088484)),29.493682445081
"1511",1637,1772.75418994413,"1000-2000m",list(c(96.1727890097125, 96.1741164353254, 96.2249495892343, 96.2236009931046, 96.1727890097125, 28.0824645396761, 28.127530845482, 28.1263432914165, 28.0812792209324, 28.0824645396761)),29.7179760985834
"1512",1638,1765.84119013245,"1000-2000m",list(c(96.2236009931046, 96.2249495892343, 96.2757796272008, 96.274409866095, 96.2236009931046, 28.0812792209324, 28.1263432914165, 28.1251369363165, 28.0800751364938, 28.0812792209324)),29.7751233904436
"1513",1639,1728.0379513748,"1000-2000m",list(c(96.274409866095, 96.2757796272008, 96.326606500439, 96.3252155799838, 96.274409866095, 28.0800751364938, 28.1251369363165, 28.1239117844997, 28.0788522906675, 28.0800751364938)),28.3951383119481
"1514",1640,2164.74929382964,"2000-2500m",list(c(96.3760180860893, 96.377430160181, 96.4282505576778, 96.4268173357484, 96.3760180860893, 28.0776106878275, 28.1226678403507, 28.1214051083207, 28.0763503324142, 28.0776106878275)),26.7401631828425
"1515",1641,1455.61396335945,"1000-2000m",list(c(96.4268173357484, 96.4282505576778, 96.4790676441993, 96.4776132803168, 96.4268173357484, 28.0763503324142, 28.1214051083207, 28.1201235929275, 28.0750712289345, 28.0763503324142)),29.1087976405844
"1516",1642,1317.85674604413,"1000-2000m",list(c(96.4776132803168, 96.4790676441993, 96.5298813710345, 96.5284058711697, 96.4776132803168, 28.0750712289345, 28.1201235929275, 28.1188232987555, 28.0737733819616, 28.0750712289345)),30.3493603659726
"1517",1643,1029.2579248007,"1000-2000m",list(c(96.5284058711697, 96.5298813710345, 96.5806916894922, 96.5791950597013, 96.5284058711697, 28.0737733819616, 28.1188232987555, 28.1175042304558, 28.0724567961355, 28.0737733819616)),28.4767008504252
"1518",1644,1600.01235916482,"1000-2000m",list(c(96.5791950597013, 96.5806916894922, 96.6314985509007, 96.6299807973259, 96.5791950597013, 28.0724567961355, 28.1175042304558, 28.1161663927458, 28.0711214761621, 28.0724567961355)),34.5095423439616
"1519",1645,2343.3966792547,"2000-2500m",list(c(96.6299807973259, 96.6314985509007, 96.6823019066087, 96.6807630354776, 96.6299807973259, 28.0711214761621, 28.1161663927458, 28.1148097904095, 28.0697674268138, 28.0711214761621)),35.7338241003802
"1520",1646,2281.77948653569,"2000-2500m",list(c(96.9346200357733, 96.9362643982766, 96.9870456992583, 96.98538025836, 96.9346200357733, 28.0627164111192, 28.1077454814197, 28.1062763955055, 28.0612500894495, 28.0627164111192)),31.5013650159379
"1521",1647,2120.17455759808,"2000-2500m",list(c(96.98538025836, 96.9870456992583, 97.0378231545642, 97.0361366420962, 96.98538025836, 28.0612500894495, 28.1062763955055, 28.1047885803101, 28.0597650736645, 28.0612500894495)),33.6644877056194
"1522",1648,2277.29740757015,"2000-2500m",list(c(93.120278924583, 93.1203293828539, 93.1712810802189, 93.1712092289963, 93.120278924583, 28.164254905882, 28.2093900632175, 28.2093358274009, 28.1642007721136, 28.164254905882)),38.6754491960957
"1523",1649,1872.38936664365,"1000-2000m",list(c(93.1712092289963, 93.1712810802189, 93.222232611467, 93.2221393675895, 93.1712092289963, 28.1642007721136, 28.2093358274009, 28.2092626190776, 28.1641277015363, 28.1642007721136)),39.0153511623757
"1524",1650,2419.05977780583,"2000-2500m",list(c(93.2221393675895, 93.222232611467, 93.2731839271398, 93.2730692909929, 93.2221393675895, 28.1641277015363, 28.2092626190776, 28.2091704385109, 28.1640356944128, 28.1641277015363)),38.4146029099498
"1525",1651,2263.28231121712,"2000-2500m",list(c(93.2730692909929, 93.2731839271398, 93.3241349777803, 93.3239989498375, 93.2730692909929, 28.1640356944128, 28.2091704385109, 28.2090592860321, 28.1639247510736, 28.1640356944128)),38.7439204654551
"1526",1652,1797.79580691733,"1000-2000m",list(c(93.3749282947562, 93.3750857139329, 93.4260360861438, 93.4258572763836, 93.3749282947562, 28.1637948719173, 28.2089291620408, 28.208780067005, 28.1636460574108, 28.1637948719173)),42.1318284724594
"1527",1653,2454.8131630155,"2000-2500m",list(c(93.4258572763836, 93.4260360861438, 93.4769860449615, 93.4767858453566, 93.4258572763836, 28.1636460574108, 28.208780067005, 28.2086120014607, 28.1634783080888, 28.1636460574108)),38.5185416518505
"1528",1654,1850.24081555359,"1000-2000m",list(c(93.4767858453566, 93.4769860449615, 93.5279355409367, 93.5277139523142, 93.4767858453566, 28.1634783080888, 28.2086120014607, 28.208424966012, 28.1632916245539, 28.1634783080888)),37.9635857112243
"1529",1655,1933.63046889712,"1000-2000m",list(c(93.5277139523142, 93.5279355409367, 93.578884524623, 93.5786415478984, 93.5277139523142, 28.1632916245539, 28.208424966012, 28.2082189613314, 28.163086007477, 28.1632916245539)),36.1528201117617
"1530",1656,1998.19895172933,"1000-2000m",list(c(93.5786415478984, 93.578884524623, 93.629832946577, 93.6295685827541, 93.5786415478984, 28.163086007477, 28.2082189613314, 28.2079939881596, 28.162861457597, 28.163086007477)),32.8979720962155
"1531",1657,1240.94192652443,"1000-2000m",list(c(93.6295685827541, 93.629832946577, 93.6807807573584, 93.6804950075294, 93.6295685827541, 28.162861457597, 28.2079939881596, 28.2077500473053, 28.1626179757205, 28.162861457597)),35.1296382041854
"1532",1658,2020.27029062833,"2000-2500m",list(c(93.6804950075294, 93.6807807573584, 93.7317279075308, 93.731420772876, 93.6804950075294, 28.1626179757205, 28.2077500473053, 28.2074871396453, 28.1623555627225, 28.1626179757205)),36.308315606807
"1533",1659,1676.56587784822,"1000-2000m",list(c(93.731420772876, 93.7317279075308, 93.7826743476613, 93.7823458294496, 93.731420772876, 28.1623555627225, 28.2074871396453, 28.207205266125, 28.1620742195458, 28.1623555627225)),36.2600292698387
"1534",1660,1863.44224214114,"1000-2000m",list(c(93.7823458294496, 93.7826743476613, 93.8336200283214, 93.8332701279098, 93.7823458294496, 28.1620742195458, 28.207205266125, 28.2069044277574, 28.1617739472011, 28.1620742195458)),36.9571975224568
"1535",1661,2142.1475111418,"2000-2500m",list(c(93.8332701279098, 93.8336200283214, 93.884564900087, 93.8841936189208, 93.8332701279098, 28.1617739472011, 28.2069044277574, 28.206584625624, 28.1614547467673, 28.1617739472011)),37.7023135409492
"1536",1662,1490.54105203691,"1000-2000m",list(c(93.8841936189208, 93.884564900087, 93.9355089135388, 93.9351162531516, 93.8841936189208, 28.1614547467673, 28.206584625624, 28.2062458608744, 28.161116619391, 28.1614547467673)),36.5951236975487
"1537",1663,1187.15455750537,"1000-2000m",list(c(93.9351162531516, 93.9355089135388, 93.9864520192624, 93.9860379812759, 93.9351162531516, 28.161116619391, 28.2062458608744, 28.2058881347261, 28.160759566287, 28.161116619391)),31.7638696118301
"1538",1664,1464.17007720796,"1000-2000m",list(c(93.9860379812759, 93.9864520192624, 94.0373941678488, 94.0369587539731, 93.9860379812759, 28.160759566287, 28.2058881347261, 28.205511448465, 28.1603835887379, 28.160759566287)),35.8658095095917
"1539",1665,1676.90389806039,"1000-2000m",list(c(94.0369587539731, 94.0373941678488, 94.0883353098946, 94.0878785219279, 94.0369587539731, 28.1603835887379, 28.205511448465, 28.2051158034448, 28.1599886880943, 28.1603835887379)),37.7607848289756
"1540",1666,1276.44281025123,"1000-2000m",list(c(94.0878785219279, 94.0883353098946, 94.1392753960023, 94.1387972358309, 94.0878785219279, 28.1599886880943, 28.2051158034448, 28.2047012010876, 28.1595748657746, 28.1599886880943)),32.9174868766404
"1541",1667,707.242106584646,"0-1000m",list(c(94.1387972358309, 94.1392753960023, 94.1902143767804, 94.1897148463791, 94.1387972358309, 28.1595748657746, 28.2047012010876, 28.2042676428833, 28.1591421232653, 28.1595748657746)),31.4230213467745
"1542",1668,1441.42153768464,"1000-2000m",list(c(94.1897148463791, 94.1902143767804, 94.2411522028442, 94.2406313042755, 94.1897148463791, 28.1591421232653, 28.2042676428833, 28.2038151303899, 28.1586904621206, 28.1591421232653)),34.544112812688
"1543",1669,2223.10730650932,"2000-2500m",list(c(94.2406313042755, 94.2411522028442, 94.2920888248157, 94.2915465602304, 94.2406313042755, 28.1586904621206, 28.2038151303899, 28.2033436652336, 28.1582198839626, 28.1586904621206)),37.1478076167066
"1544",1670,2343.57588977465,"2000-2500m",list(c(94.2915465602304, 94.2920888248157, 94.3430241933236, 94.3424605649607, 94.2915465602304, 28.1582198839626, 28.2033436652336, 28.2028532491085, 28.1577303904815, 28.1582198839626)),37.3360745614035
"1545",1671,2375.43457265497,"2000-2500m",list(c(94.3424605649607, 94.3430241933236, 94.3939582590043, 94.3933732691908, 94.3424605649607, 28.1577303904815, 28.2028532491085, 28.2023438837768, 28.157221983435, 28.1577303904815)),36.7343089330281
"1546",1672,1703.04450442533,"1000-2000m",list(c(94.3933732691908, 94.3939582590043, 94.4448909725019, 94.4442846236526, 94.3933732691908, 28.157221983435, 28.2023438837768, 28.2018155710685, 28.1566946646489, 28.157221983435)),38.9780571503993
"1547",1673,1958.05118950474,"1000-2000m",list(c(94.4442846236526, 94.4448909725019, 94.4958222844679, 94.4951945790861, 94.4442846236526, 28.1566946646489, 28.2018155710685, 28.2012683128817, 28.1561484360166, 28.1566946646489)),34.5811130769631
"1548",1674,1456.69031687918,"1000-2000m",list(c(94.4951945790861, 94.4958222844679, 94.5467521455626, 94.5461030862391, 94.4951945790861, 28.1561484360166, 28.2012683128817, 28.2007021111826, 28.1555832994995, 28.1561484360166)),33.8676807333847
"1549",1675,912.131849852489,"0-1000m",list(c(94.5461030862391, 94.5467521455626, 94.5976805064545, 94.5970100958683, 94.5461030862391, 28.1555832994995, 28.2007021111826, 28.2001169680051, 28.1549992571265, 28.1555832994995)),30.6624125745867
"1550",1676,745.674031761974,"0-1000m",list(c(94.5970100958683, 94.5976805064545, 94.6486073178209, 94.6479155587388, 94.5970100958683, 28.1549992571265, 28.2001169680051, 28.1995128854511, 28.1543963109946, 28.1549992571265)),28.3865805608178
"1551",1677,606.707581113496,"0-1000m",list(c(94.6479155587388, 94.6486073178209, 94.6995325303481, 94.6988194256249, 94.6479155587388, 28.1543963109946, 28.1995128854511, 28.1988898656904, 28.1537744632682, 28.1543963109946)),24.2241151004317
"1552",1678,506.141736237524,"0-1000m",list(c(94.6988194256249, 94.6995325303481, 94.7504560947319, 94.7497216473103, 94.6988194256249, 28.1537744632682, 28.1988898656904, 28.1982479109608, 28.1531337161797, 28.1537744632682)),22.9497702599424
"1553",1679,393.755351202059,"0-1000m",list(c(94.7497216473103, 94.7504560947319, 94.8013779616776, 94.8006221745881, 94.7497216473103, 28.1531337161797, 28.1982479109608, 28.1975870235677, 28.1524740720291, 28.1531337161797)),24.1269179775097
"1554",1680,392.182047721247,"0-1000m",list(c(94.8006221745881, 94.8013779616776, 94.8522980819007, 94.8515209582615, 94.8006221745881, 28.1524740720291, 28.1975870235677, 28.1969072058847, 28.1517955331838, 28.1524740720291)),22.5028393508741
"1555",1681,720.246312221455,"0-1000m",list(c(94.8515209582615, 94.8522980819007, 94.9032164061266, 94.9024179491436, 94.8515209582615, 28.1517955331838, 28.1969072058847, 28.1962084603528, 28.1510981020793, 28.1517955331838)),29.4640179143863
"1556",1682,1116.07347310276,"1000-2000m",list(c(94.9024179491436, 94.9032164061266, 94.9541328850913, 94.9533130980584, 94.9024179491436, 28.1510981020793, 28.1962084603528, 28.1954907894811, 28.1503817812184, 28.1510981020793)),33.1543378792731
"1557",1683,1005.2136725161,"1000-2000m",list(c(94.9533130980584, 94.9541328850913, 95.0050474695417, 95.0042063558403, 94.9533130980584, 28.1503817812184, 28.1954907894811, 28.1947541958463, 28.1496465731716, 28.1503817812184)),35.2389316235435
"1558",1684,478.175506873391,"0-1000m",list(c(95.0042063558403, 95.0050474695417, 95.0559601102358, 95.0550976733349, 95.0042063558403, 28.1496465731716, 28.1947541958463, 28.1939986820929, 28.1488924805771, 28.1496465731716)),29.3115352548239
"1559",1685,939.749274081555,"0-1000m",list(c(95.0550976733349, 95.0559601102358, 95.1068707579426, 95.1059870013989, 95.0550976733349, 28.1488924805771, 28.1939986820929, 28.1932242509331, 28.1481195061405, 28.1488924805771)),38.295710167863
"1560",1686,950.688908417551,"0-1000m",list(c(95.1059870013989, 95.1068707579426, 95.1577793634433, 95.1568742909011, 95.1059870013989, 28.1481195061405, 28.1932242509331, 28.1924309051469, 28.1473276526349, 28.1481195061405)),36.2866832926796
"1561",1687,508.683980917708,"0-1000m",list(c(95.1568742909011, 95.1577793634433, 95.2086858775306, 95.2077594927216, 95.1568742909011, 28.1473276526349, 28.1924309051469, 28.1916186475818, 28.146516922901, 28.1473276526349)),31.2011386374154
"1562",1688,517.400233556369,"0-1000m",list(c(95.2077594927216, 95.2086858775306, 95.2595902510096, 95.2586425577531, 95.2077594927216, 28.146516922901, 28.1916186475818, 28.190787481153, 28.145687319847, 28.146516922901)),34.2980162590901
"1563",1689,773.440493377691,"0-1000m",list(c(95.2586425577531, 95.2595902510096, 95.3104924346979, 95.3095234369007, 95.2586425577531, 28.145687319847, 28.190787481153, 28.1899374088433, 28.1448388464485, 28.145687319847)),36.6661187969407
"1564",1690,862.956656832591,"0-1000m",list(c(95.3095234369007, 95.3104924346979, 95.3613923794259, 95.3604020810821, 95.3095234369007, 28.1448388464485, 28.1899374088433, 28.1890684337032, 28.1439715057484, 28.1448388464485)),32.5183323180114
"1565",1691,357.866809746244,"0-1000m",list(c(95.3604020810821, 95.3613923794259, 95.4122900360371, 95.4112784412282, 95.3604020810821, 28.1439715057484, 28.1890684337032, 28.1881805588507, 28.1430853008572, 28.1439715057484)),22.9232502167458
"1566",1692,475.12626326031,"0-1000m",list(c(95.4112784412282, 95.4122900360371, 95.4631853553883, 95.462152468283, 95.4112784412282, 28.1430853008572, 28.1881805588507, 28.187273787471, 28.1421802349526, 28.1430853008572)),24.9472667331135
"1567",1693,316.571841064591,"0-1000m",list(c(95.462152468283, 95.4631853553883, 95.5140782883499, 95.5130241132044, 95.462152468283, 28.1421802349526, 28.187273787471, 28.1863481228174, 28.1412563112798, 28.1421802349526)),21.8994668259015
"1568",1694,283.110749905315,"0-1000m",list(c(95.5130241132044, 95.5140782883499, 95.5649687858065, 95.5638933269639, 95.5130241132044, 28.1412563112798, 28.1863481228174, 28.1854035682101, 28.1403135331511, 28.1412563112798)),20.3709185272169
"1569",1695,260.377000816019,"0-1000m",list(c(95.5638933269639, 95.5649687858065, 95.6158567986566, 95.6147600605474, 95.5638933269639, 28.1403135331511, 28.1854035682101, 28.1844401270371, 28.1393519039462, 28.1403135331511)),20.8503106176845
"1570",1696,233.914914317996,"0-1000m",list(c(95.6147600605474, 95.6158567986566, 95.6667422778134, 95.6656242649552, 95.6147600605474, 28.1393519039462, 28.1844401270371, 28.1834578027536, 28.1383714271119, 28.1393519039462)),21.7522798446124
"1571",1697,204.440253755839,"0-1000m",list(c(95.6656242649552, 95.6667422778134, 95.7176251742048, 95.7164858912022, 95.6656242649552, 28.1383714271119, 28.1834578027536, 28.1824565988823, 28.1373721061624, 28.1383714271119)),13.8189777783577
"1572",1698,217.35575293453,"0-1000m",list(c(95.7164858912022, 95.7176251742048, 95.7685054387739, 95.7673448903185, 95.7164858912022, 28.1373721061624, 28.1824565988823, 28.1814365190131, 28.136353944679, 28.1373721061624)),18.701569468802
"1573",1699,304.875337392505,"0-1000m",list(c(95.7673448903185, 95.7685054387739, 95.8193830224789, 95.8182012133493, 95.7673448903185, 28.136353944679, 28.1814365190131, 28.1803975668033, 28.1353169463101, 28.136353944679)),25.1798537095089
"1574",1700,536.665888145436,"0-1000m",list(c(95.8182012133493, 95.8193830224789, 95.8702578762939, 95.8690548113557, 95.8182012133493, 28.1353169463101, 28.1803975668033, 28.1793397459775, 28.1342611147711, 28.1353169463101)),26.0628553612029
"1575",1701,1074.03891783316,"1000-2000m",list(c(95.8690548113557, 95.8702578762939, 95.9211299512088, 95.9199056354143, 95.8690548113557, 28.1342611147711, 28.1793397459775, 28.1782630603273, 28.1331864538448, 28.1342611147711)),32.2312484379484
"1576",1702,1606.64376341371,"1000-2000m",list(c(95.9199056354143, 95.9211299512088, 95.9719991982297, 95.9707536366182, 95.9199056354143, 28.1331864538448, 28.1782630603273, 28.1771675137118, 28.1320929673806, 28.1331864538448)),32.484525563995
"1577",1703,1649.44143493817,"1000-2000m",list(c(95.9707536366182, 95.9719991982297, 96.0228655683792, 96.0215987660766, 95.9707536366182, 28.1320929673806, 28.1771675137118, 28.1760531100571, 28.1309806592952, 28.1320929673806)),30.5939132726155
"1578",1704,1858.67544410269,"1000-2000m",list(c(96.0215987660766, 96.0228655683792, 96.0737290126968, 96.0724409749157, 96.0215987660766, 28.1309806592952, 28.1760531100571, 28.1749198533564, 28.1298495335721, 28.1309806592952)),28.721546961326
"1579",1705,1956.09982956697,"1000-2000m",list(c(96.0724409749157, 96.0737290126968, 96.1245894822389, 96.1232802142785, 96.0724409749157, 28.1298495335721, 28.1749198533564, 28.17376774767, 28.1286995942619, 28.1298495335721)),28.4639555536696
"1580",1706,1384.53486912309,"1000-2000m",list(c(96.1232802142785, 96.1245894822389, 96.1754469280792, 96.1741164353254, 96.1232802142785, 28.1286995942619, 28.17376774767, 28.1725967971254, 28.127530845482, 28.1286995942619)),31.1882859023714
"1581",1707,2290.69502856067,"2000-2500m",list(c(96.1741164353254, 96.1754469280792, 96.2263013013092, 96.2249495892343, 96.1741164353254, 28.127530845482, 28.1725967971254, 28.1714070059168, 28.1263432914165, 28.127530845482)),27.6515092553156
"1582",1708,2158.45922232041,"2000-2500m",list(c(96.2249495892343, 96.2263013013092, 96.2771525530381, 96.2757796272008, 96.2249495892343, 28.1263432914165, 28.1714070059168, 28.1701983783056, 28.1251369363165, 28.1263432914165)),32.7559676916779
"1583",1709,2381.95910488984,"2000-2500m",list(c(96.2757796272008, 96.2771525530381, 96.3280006343934, 96.326606500439, 96.2757796272008, 28.1251369363165, 28.1701983783056, 28.1689709186201, 28.1239117844997, 28.1251369363165)),24.651637165528
"1584",1711,2380.51581821606,"2000-2500m",list(c(96.4282505576778, 96.4296870905858, 96.4805253677712, 96.4790676441993, 96.4282505576778, 28.1214051083207, 28.1664595206735, 28.1651755914032, 28.1201235929275, 28.1214051083207)),32.0246651714389
"1585",1712,1578.20359676103,"1000-2000m",list(c(96.4790676441993, 96.4805253677712, 96.5313602792802, 96.5298813710345, 96.4790676441993, 28.1201235929275, 28.1651755914032, 28.1638728480401, 28.1188232987555, 28.1201235929275)),28.6692037292692
"1586",1713,1537.6623847999,"1000-2000m",list(c(96.5298813710345, 96.5313602792802, 96.5821917763356, 96.5806916894922, 96.5298813710345, 28.1188232987555, 28.1638728480401, 28.1625512952464, 28.1175042304558, 28.1188232987555)),31.7045264694273
"1587",1714,1644.93741761346,"1000-2000m",list(c(96.5806916894922, 96.5821917763356, 96.6330198101796, 96.6314985509007, 96.5806916894922, 28.1175042304558, 28.1625512952464, 28.1612109377512, 28.1161663927458, 28.1175042304558)),27.7779461340928
"1588",1715,1692.66364321135,"1000-2000m",list(c(96.6314985509007, 96.6330198101796, 96.683844332075, 96.6823019066087, 96.6314985509007, 28.1161663927458, 28.1612109377512, 28.1598517803498, 28.1148097904095, 28.1161663927458)),30.7328352390061
"1589",1716,1703.82763166154,"1000-2000m",list(c(96.9870456992583, 96.9887149858361, 97.0395135611928, 97.0378231545642, 96.9870456992583, 28.1062763955055, 28.1513023148505, 28.1498116979699, 28.1047885803101, 28.1062763955055)),31.0935515094769
"1590",1717,2218.67440838617,"2000-2500m",list(c(97.0378231545642, 97.0395135611928, 97.0903082354598, 97.0885967157134, 97.0378231545642, 28.1047885803101, 28.1498116979699, 28.1483023219409, 28.1032820411473, 28.1047885803101)),38.0476925830752
"1591",1718,2171.71783027995,"2000-2500m",list(c(93.1712810802189, 93.1713530975585, 93.2223260709198, 93.222232611467, 93.1712810802189, 28.2093358274009, 28.2544705846093, 28.254397238427, 28.2092626190776, 28.2093358274009)),38.3849552426955
"1592",1719,1949.34805405574,"1000-2000m",list(c(93.578884524623, 93.5791280630805, 93.630097921573, 93.629832946577, 93.578884524623, 28.2082189613314, 28.2533516153834, 28.2531262185726, 28.2079939881596, 28.2082189613314)),35.1981339297503
"1593",1720,1508.71109785952,"1000-2000m",list(c(93.629832946577, 93.630097921573, 93.6810671677972, 93.6807807573584, 93.629832946577, 28.2079939881596, 28.2531262185726, 28.2528818183639, 28.2077500473053, 28.2079939881596)),37.2172779587265
"1594",1721,2075.36250429138,"2000-2500m",list(c(93.6807807573584, 93.6810671677972, 93.732035752228, 93.7317279075308, 93.6807807573584, 28.2077500473053, 28.2528818183639, 28.2526184156364, 28.2074871396453, 28.2077500473053)),38.181128740684
"1595",1722,2402.54786055367,"2000-2500m",list(c(93.7317279075308, 93.732035752228, 93.7830036253441, 93.7826743476613, 93.7317279075308, 28.2074871396453, 28.2526184156364, 28.2523360113375, 28.207205266125, 28.2074871396453)),33.0230957250461
"1596",1723,2366.01716550669,"2000-2500m",list(c(93.884564900087, 93.8849370395679, 93.9359024816552, 93.9355089135388, 93.884564900087, 28.206584625624, 28.2517142021567, 28.2513747995111, 28.2062458608744, 28.206584625624)),33.9219100118428
"1597",1724,1954.82282970309,"1000-2000m",list(c(93.9355089135388, 93.9359024816552, 93.9868670143871, 93.9864520192624, 93.9355089135388, 28.2062458608744, 28.2513747995111, 28.2510163997667, 28.2058881347261, 28.2062458608744)),36.3158882086928
"1598",1725,2230.29630785556,"2000-2500m",list(c(93.9864520192624, 93.9868670143871, 94.0378305882662, 94.0373941678488, 93.9864520192624, 28.2058881347261, 28.2510163997667, 28.2506390042125, 28.205511448465, 28.2058881347261)),33.9226711706859
"1599",1726,1459.09441028682,"1000-2000m",list(c(94.0373941678488, 94.0378305882662, 94.0887931538005, 94.0883353098946, 94.0373941678488, 28.205511448465, 28.2506390042125, 28.2502426142056, 28.2051158034448, 28.205511448465)),33.2124256695982
"1600",1727,871.061640826062,"0-1000m",list(c(94.0883353098946, 94.0887931538005, 94.1397546615041, 94.1392753960023, 94.0883353098946, 28.2051158034448, 28.2502426142056, 28.2498272311713, 28.2047012010876, 28.2051158034448)),28.2866856526061
"1601",1728,656.302175337848,"0-1000m",list(c(94.1392753960023, 94.1397546615041, 94.1907150618972, 94.1902143767804, 94.1392753960023, 28.2047012010876, 28.2498272311713, 28.2493928566033, 28.2042676428833, 28.2047012010876)),27.8236960856333
"1602",1729,1102.77129495951,"1000-2000m",list(c(94.1902143767804, 94.1907150618972, 94.2416743055066, 94.2411522028442, 94.1902143767804, 28.2042676428833, 28.2493928566033, 28.2489394920635, 28.2038151303899, 28.2042676428833)),35.3890998929524
"1603",1730,1713.66642738991,"1000-2000m",list(c(94.2411522028442, 94.2416743055066, 94.2926323428656, 94.2920888248157, 94.2411522028442, 28.2038151303899, 28.2489394920635, 28.2484671391818, 28.2033436652336, 28.2038151303899)),39.8333614090254
"1604",1731,2296.29612059549,"2000-2500m",list(c(94.2920888248157, 94.2926323428656, 94.3435891245149, 94.3430241933236, 94.2920888248157, 28.2033436652336, 28.2484671391818, 28.2479757996566, 28.2028532491085, 28.2033436652336)),41.2562195992075
"1605",1732,2308.51243718985,"2000-2500m",list(c(94.3939582590043, 94.3945446010025, 94.4454987228839, 94.4448909725019, 94.3939582590043, 28.2023438837768, 28.2474654752542, 28.2469361678092, 28.2018155710685, 28.2023438837768)),39.3642161051617
"1606",1733,2309.63265815674,"2000-2500m",list(c(94.4448909725019, 94.4454987228839, 94.4964514407226, 94.4958222844679, 94.4448909725019, 28.2018155710685, 28.2469361678092, 28.2463878792243, 28.2012683128817, 28.2018155710685)),37.7595898372634
"1607",1734,1601.52510827946,"1000-2000m",list(c(94.4958222844679, 94.4964514407226, 94.5474027050905, 94.5467521455626, 94.4958222844679, 28.2012683128817, 28.2463878792243, 28.2458206114704, 28.2007021111826, 28.2012683128817)),35.8843016315161
"1608",1735,898.748634561967,"0-1000m",list(c(94.5467521455626, 94.5474027050905, 94.5983524665678, 94.5976805064545, 94.5467521455626, 28.2007021111826, 28.2458206114704, 28.2452343665864, 28.2001169680051, 28.2007021111826)),31.9537632534134
"1609",1736,505.557816547548,"0-1000m",list(c(94.5976805064545, 94.5983524665678, 94.6493006757436, 94.6486073178209, 94.5976805064545, 28.2001169680051, 28.2452343665864, 28.2446291466794, 28.1995128854511, 28.2001169680051)),27.0137760551405
"1610",1737,507.758458351641,"0-1000m",list(c(94.6486073178209, 94.6493006757436, 94.7002472832162, 94.6995325303481, 94.6486073178209, 28.1995128854511, 28.2446291466794, 28.2440049539243, 28.1988898656904, 28.1995128854511)),26.3789507912421
"1611",1738,591.224056677382,"0-1000m",list(c(94.6995325303481, 94.7002472832162, 94.7511922395931, 94.7504560947319, 94.6995325303481, 28.1988898656904, 28.2440049539243, 28.2433617905643, 28.1982479109608, 28.1988898656904)),27.1773587797961
"1612",1739,543.083798882682,"0-1000m",list(c(94.7504560947319, 94.7511922395931, 94.8021354954916, 94.8013779616776, 94.7504560947319, 28.1982479109608, 28.2433617905643, 28.2426996589107, 28.1975870235677, 28.1982479109608)),26.4959967537973
"1613",1740,395.958288870755,"0-1000m",list(c(94.8013779616776, 94.8021354954916, 94.8530770015389, 94.8522980819007, 94.8013779616776, 28.1975870235677, 28.2426996589107, 28.2420185613425, 28.1969072058847, 28.1975870235677)),23.4630539877148
"1614",1741,437.594706781936,"0-1000m",list(c(94.8522980819007, 94.8530770015389, 94.9040167083725, 94.9032164061266, 94.8522980819007, 28.1969072058847, 28.2420185613425, 28.2413185003068, 28.1962084603528, 28.1969072058847)),25.1302111650637
"1615",1742,823.705065384975,"0-1000m",list(c(94.9032164061266, 94.9040167083725, 94.9549545666404, 94.9541328850913, 94.9032164061266, 28.1962084603528, 28.2413185003068, 28.2405994783188, 28.1954907894811, 28.1962084603528)),30.8507982781084
"1616",1743,617.967641704852,"0-1000m",list(c(94.9541328850913, 94.9549545666404, 95.0058905270015, 95.0050474695417, 94.9541328850913, 28.1954907894811, 28.2405994783188, 28.2398614979615, 28.1947541958463, 28.1954907894811)),27.2220934772478
"1617",1744,742.493617552511,"0-1000m",list(c(95.0050474695417, 95.0058905270015, 95.0568245401257, 95.0559601102358, 95.0050474695417, 28.1947541958463, 28.2398614979615, 28.2391045618858, 28.1939986820929, 28.1947541958463)),34.1402106200406
"1618",1745,1507.42451823489,"1000-2000m",list(c(95.0559601102358, 95.0568245401257, 95.1077565566945, 95.1068707579426, 95.0559601102358, 28.1939986820929, 28.2391045618858, 28.2383286728104, 28.1932242509331, 28.1939986820929)),37.3875657707805
"1619",1746,1537.59295902125,"1000-2000m",list(c(95.1068707579426, 95.1077565566945, 95.1586865274009, 95.1577793634433, 95.1068707579426, 28.1932242509331, 28.2383286728104, 28.2375338335221, 28.1924309051469, 28.1932242509331)),34.3364297015923
"1620",1747,1143.66130894791,"1000-2000m",list(c(95.1577793634433, 95.1586865274009, 95.2096144029499, 95.2086858775306, 95.1577793634433, 28.1924309051469, 28.2375338335221, 28.2367200468753, 28.1916186475818, 28.1924309051469)),33.9533121286834
"1621",1748,650.039200301299,"0-1000m",list(c(95.2086858775306, 95.2096144029499, 95.2605401340588, 95.2595902510096, 95.2086858775306, 28.1916186475818, 28.2367200468753, 28.2358873157924, 28.190787481153, 28.1916186475818)),30.6661499383661
"1622",1749,1488.85181486221,"1000-2000m",list(c(95.2595902510096, 95.2605401340588, 95.3114636714575, 95.3104924346979, 95.2595902510096, 28.190787481153, 28.2358873157924, 28.2350356432633, 28.1899374088433, 28.190787481153)),30.0978206247835
"1623",1750,1119.48881121064,"1000-2000m",list(c(95.3104924346979, 95.3114636714575, 95.3623849658887, 95.3613923794259, 95.3104924346979, 28.1899374088433, 28.2350356432633, 28.2341650323459, 28.1890684337032, 28.1899374088433)),34.7449790325267
"1624",1751,962.766398845019,"0-1000m",list(c(95.3613923794259, 95.3623849658887, 95.4133039681083, 95.4122900360371, 95.3613923794259, 28.1890684337032, 28.2341650323459, 28.2332754861658, 28.1881805588507, 28.1890684337032)),33.7070118428654
"1625",1752,723.757123685278,"0-1000m",list(c(95.4122900360371, 95.4133039681083, 95.4642206288854, 95.4631853553883, 95.4122900360371, 28.1881805588507, 28.2332754861658, 28.2323670079161, 28.187273787471, 28.1881805588507)),32.874213537457
"1626",1753,657.027776910833,"0-1000m",list(c(95.4631853553883, 95.4642206288854, 95.515134899003, 95.5140782883499, 95.4631853553883, 28.187273787471, 28.2323670079161, 28.2314396008577, 28.1863481228174, 28.187273787471)),26.4656336064472
"1627",1754,406.391908856946,"0-1000m",list(c(95.5140782883499, 95.515134899003, 95.566046729258, 95.5649687858065, 95.5140782883499, 28.1863481228174, 28.2314396008577, 28.2304932683191, 28.1854035682101, 28.1863481228174)),19.1114921529627
"1628",1755,309.169251896008,"0-1000m",list(c(95.5649687858065, 95.566046729258, 95.6169560704616, 95.6158567986566, 95.5649687858065, 28.1854035682101, 28.2304932683191, 28.2295280136964, 28.1844401270371, 28.1854035682101)),20.9988711872271
"1629",1756,272.765581598577,"0-1000m",list(c(95.6158567986566, 95.6169560704616, 95.6678628734396, 95.6667422778134, 95.6158567986566, 28.1844401270371, 28.2295280136964, 28.2285438404532, 28.1834578027536, 28.1844401270371)),19.3650571234017
"1630",1757,223.086906032264,"0-1000m",list(c(95.6667422778134, 95.6678628734396, 95.7187670890325, 95.7176251742048, 95.6667422778134, 28.1834578027536, 28.2285438404532, 28.2275407521208, 28.1824565988823, 28.1834578027536)),9.89037998624484
"1631",1758,250.319902624762,"0-1000m",list(c(95.7176251742048, 95.7187670890325, 95.7696686680959, 95.7685054387739, 95.7176251742048, 28.1824565988823, 28.2275407521208, 28.2265187522977, 28.1814365190131, 28.1824565988823)),17.2477196245129
"1632",1759,715.078274710527,"0-1000m",list(c(95.7685054387739, 95.7696686680959, 95.8205675615011, 95.8193830224789, 95.7685054387739, 28.1814365190131, 28.2265187522977, 28.2254778446503, 28.1803975668033, 28.1814365190131)),28.7746400281427
"1633",1760,1098.6520306321,"1000-2000m",list(c(95.8193830224789, 95.8205675615011, 95.8714637201349, 95.8702578762939, 95.8193830224789, 28.1803975668033, 28.2254778446503, 28.224418032912, 28.1793397459775, 28.1803975668033)),31.5168591634278
"1634",1761,1494.84956774133,"1000-2000m",list(c(95.8702578762939, 95.8714637201349, 95.9223570948999, 95.9211299512088, 95.8702578762939, 28.1793397459775, 28.224418032912, 28.2233393208838, 28.1782630603273, 28.1793397459775)),32.5700540221743
"1635",1763,2310.25265206202,"2000-2500m",list(c(96.0737290126968, 96.0750200252564, 96.125901773904, 96.1245894822389, 96.0737290126968, 28.1749198533564, 28.2199898220795, 28.2188355482479, 28.17376774767, 28.1749198533564)),27.5112957909785
"1636",1764,2049.99347710746,"2000-2500m",list(c(96.1245894822389, 96.125901773904, 96.1767804934464, 96.1754469280792, 96.1245894822389, 28.17376774767, 28.2188355482479, 28.2176623941408, 28.1725967971254, 28.17376774767)),31.3021382360688
"1637",1765,2166.39867669548,"2000-2500m",list(c(96.3280006343934, 96.3293979875787, 96.3802641009273, 96.3788454965211, 96.3280006343934, 28.1689709186201, 28.2140296925479, 28.2127810600555, 28.1677246312554, 28.1689709186201)),29.4989505458078
"1638",1766,2296.80921319559,"2000-2500m",list(c(96.4296870905858, 96.4311269403762, 96.4819864570226, 96.4805253677712, 96.4296870905858, 28.1664595206735, 28.2115135689813, 28.210227223865, 28.1651755914032, 28.1664595206735)),32.4148099888753
"1639",1767,1375.33091975906,"1000-2000m",list(c(96.4805253677712, 96.4819864570226, 96.532842601983, 96.5313602792802, 96.4805253677712, 28.1651755914032, 28.210227223865, 28.2089220293133, 28.1638728480401, 28.1651755914032)),27.9190274335632
"1640",1768,1917.89790345867,"1000-2000m",list(c(96.5313602792802, 96.532842601983, 96.5836953263936, 96.5821917763356, 96.5313602792802, 28.1638728480401, 28.2089220293133, 28.2075979899998, 28.1625512952464, 28.1638728480401)),32.7793177650821
"1641",1769,1776.28841172248,"1000-2000m",list(c(96.6330198101796, 96.6345445814107, 96.6853903182105, 96.683844332075, 96.6330198101796, 28.1612109377512, 28.2062551106648, 28.2048933961157, 28.1598517803498, 28.1612109377512)),31.9563880312745
"1642",1770,1940.61592959021,"1000-2000m",list(c(96.9887149858361, 96.9903881249411, 97.0412078689148, 97.0395135611928, 96.9887149858361, 28.1513023148505, 28.1963278469294, 28.1948344260828, 28.1498116979699, 28.1513023148505)),31.1854957058415
"1643",1771,1960.49021566118,"1000-2000m",list(c(97.0395135611928, 97.0412078689148, 97.0920237048433, 97.0903082354598, 97.0395135611928, 28.1498116979699, 28.1948344260828, 28.1933222108785, 28.1483023219409, 28.1498116979699)),37.0675660883367
"1644",1772,2100.86639256795,"2000-2500m",list(c(93.630097921573, 93.6303635088378, 93.6813542400301, 93.6810671677972, 93.630097921573, 28.2531262185726, 28.2982581485212, 28.2980132885807, 28.2528818183639, 28.2531262185726)),37.0204191083104
"1645",1773,2319.169220686,"2000-2500m",list(c(93.6810671677972, 93.6813542400301, 93.7323443082407, 93.732035752228, 93.6810671677972, 28.2528818183639, 28.2980132885807, 28.2977493903789, 28.2526184156364, 28.2528818183639)),36.8452060981426
"1646",1774,2423.39240348304,"2000-2500m",list(c(93.8339707376283, 93.8343222572805, 93.8853100389021, 93.8849370395679, 93.8339707376283, 28.2520346064829, 28.2971644830583, 28.2968434760444, 28.2517142021567, 28.2520346064829)),38.6367211491745
"1647",1775,1855.11644455541,"1000-2000m",list(c(93.9868670143871, 93.9872829683655, 94.0382680170292, 94.0378305882662, 93.9868670143871, 28.2510163997667, 28.296144361085, 28.295766255655, 28.2506390042125, 28.2510163997667)),35.4060637352525
"1648",1776,1390.658968197,"1000-2000m",list(c(94.0378305882662, 94.0382680170292, 94.0892520555382, 94.0887931538005, 94.0378305882662, 28.2506390042125, 28.295766255655, 28.2953691200494, 28.2502426142056, 28.2506390042125)),35.110444581661
"1649",1777,945.079561860524,"0-1000m",list(c(94.0887931538005, 94.0892520555382, 94.1402350343176, 94.1397546615041, 94.0887931538005, 28.2502426142056, 28.2953691200494, 28.2949529556969, 28.2498272311713, 28.2502426142056)),33.0446198394565
"1650",1778,1275.52407852439,"1000-2000m",list(c(94.1397546615041, 94.1402350343176, 94.191216903799, 94.1907150618972, 94.1397546615041, 28.2498272311713, 28.2949529556969, 28.2945177640948, 28.2493928566033, 28.2498272311713)),36.7052476733895
"1651",1779,1663.90010043312,"1000-2000m",list(c(94.1907150618972, 94.191216903799, 94.2421976144203, 94.2416743055066, 94.1907150618972, 28.2493928566033, 28.2945177640948, 28.2940635468087, 28.2489394920635, 28.2493928566033)),37.1635220317213
"1652",1780,1488.88227583409,"1000-2000m",list(c(94.2416743055066, 94.2421976144203, 94.2931771166265, 94.2926323428656, 94.2416743055066, 28.2489394920635, 28.2940635468087, 28.2935903054726, 28.2484671391818, 28.2489394920635)),37.8694343007239
"1653",1781,2072.86751349833,"2000-2500m",list(c(94.2926323428656, 94.2931771166265, 94.3441553608693, 94.3435891245149, 94.2926323428656, 28.2484671391818, 28.2935903054726, 28.2930980417889, 28.2479757996566, 28.2484671391818)),41.5441634862003
"1654",1782,2452.86848100871,"2000-2500m",list(c(94.3945446010025, 94.3951322976081, 94.4461078773099, 94.4454987228839, 94.3945446010025, 28.2474654752542, 28.2925867575284, 28.29205645453, 28.2469361678092, 28.2474654752542)),38.0996436127017
"1655",1783,1906.1330794919,"1000-2000m",list(c(94.4454987228839, 94.4461078773099, 94.4970820504496, 94.4964514407226, 94.4454987228839, 28.2469361678092, 28.29205645453, 28.2915071347011, 28.2463878792243, 28.2469361678092)),37.7144636137219
"1656",1784,1451.70817902203,"1000-2000m",list(c(94.4964514407226, 94.4970820504496, 94.5480547675104, 94.5474027050905, 94.4964514407226, 28.2463878792243, 28.2915071347011, 28.2909388000172, 28.2458206114704, 28.2463878792243)),37.3803156198399
"1657",1785,913.784619706002,"0-1000m",list(c(94.5474027050905, 94.5480547675104, 94.5990259789841, 94.5983524665678, 94.5474027050905, 28.2458206114704, 28.2909388000172, 28.2903514525224, 28.2452343665864, 28.2458206114704)),34.9588285891828
"1658",1786,856.829406073468,"0-1000m",list(c(94.5983524665678, 94.5990259789841, 94.6499956353713, 94.6493006757436, 94.5983524665678, 28.2452343665864, 28.2903514525224, 28.2897450943286, 28.2446291466794, 28.2452343665864)),34.5236053582845
"1659",1787,365.009541146193,"0-1000m",list(c(94.6493006757436, 94.6499956353713, 94.7009636871817, 94.7002472832162, 94.6493006757436, 28.2446291466794, 28.2897450943286, 28.2891197276164, 28.2440049539243, 28.2446291466794)),23.2526487060368
"1660",1788,816.960363284542,"0-1000m",list(c(94.7002472832162, 94.7009636871817, 94.7519300849344, 94.7511922395931, 94.7002472832162, 28.2440049539243, 28.2891197276164, 28.2884753546342, 28.2433617905643, 28.2440049539243)),31.0941041747869
"1661",1789,896.003370681315,"0-1000m",list(c(94.7511922395931, 94.7519300849344, 94.8028947791584, 94.8021354954916, 94.7511922395931, 28.2433617905643, 28.2884753546342, 28.2878119776988, 28.2426996589107, 28.2433617905643)),29.8933388764304
"1662",1790,601.98433871069,"0-1000m",list(c(94.8021354954916, 94.8028947791584, 94.8538577203925, 94.8530770015389, 94.8021354954916, 28.2426996589107, 28.2878119776988, 28.2871295991952, 28.2420185613425, 28.2426996589107)),24.7352699526971
"1663",1791,842.753066383696,"0-1000m",list(c(94.8530770015389, 94.8538577203925, 94.9048188591858, 94.9040167083725, 94.8530770015389, 28.2420185613425, 28.2871295991952, 28.2864282215765, 28.2413185003068, 28.2420185613425)),32.2450706794346
"1664",1792,751.50294934615,"0-1000m",list(c(94.9040167083725, 94.9048188591858, 94.9557781460981, 94.9549545666404, 94.9040167083725, 28.2413185003068, 28.2864282215765, 28.2857078473637, 28.2405994783188, 28.2413185003068)),29.9301590395497
"1665",1793,563.621555457912,"0-1000m",list(c(94.9549545666404, 94.9557781460981, 95.0067355317, 95.0058905270015, 94.9549545666404, 28.2405994783188, 28.2857078473637, 28.2849684791463, 28.2398614979615, 28.2405994783188)),29.4146851748009
"1666",1794,892.225523547954,"0-1000m",list(c(95.0058905270015, 95.0067355317, 95.0576909665731, 95.0568245401257, 95.0058905270015, 28.2398614979615, 28.2849684791463, 28.2842101195815, 28.2391045618858, 28.2398614979615)),29.9023846809643
"1667",1795,1361.93876718348,"1000-2000m",list(c(95.0568245401257, 95.0576909665731, 95.1086444013108, 95.1077565566945, 95.0568245401257, 28.2391045618858, 28.2842101195815, 28.2834327713948, 28.2383286728104, 28.2391045618858)),35.62389656611
"1668",1796,1274.65644018601,"1000-2000m",list(c(95.1077565566945, 95.1086444013108, 95.1595957865179, 95.1586865274009, 95.1077565566945, 28.2383286728104, 28.2834327713948, 28.2826364373796, 28.2375338335221, 28.2383286728104)),35.9269493505233
"1669",1797,797.963952435941,"0-1000m",list(c(95.1586865274009, 95.1595957865179, 95.2105450728113, 95.2096144029499, 95.1586865274009, 28.2375338335221, 28.2826364373796, 28.2818211203973, 28.2367200468753, 28.2375338335221)),32.7086754950556
"1670",1798,969.440932772582,"0-1000m",list(c(95.2096144029499, 95.2105450728113, 95.2614922108204, 95.2605401340588, 95.2096144029499, 28.2367200468753, 28.2818211203973, 28.2809868233773, 28.2358873157924, 28.2367200468753)),33.8772524794487
"1671",1799,1500.91592022721,"1000-2000m",list(c(95.2605401340588, 95.2614922108204, 95.3124371511868, 95.3114636714575, 95.2605401340588, 28.2358873157924, 28.2809868233773, 28.2801335493169, 28.2350356432633, 28.2358873157924)),35.6349145510224
"1672",1800,1759.94400923816,"1000-2000m",list(c(95.3114636714575, 95.3124371511868, 95.3633798445655, 95.3623849658887, 95.3114636714575, 28.2350356432633, 28.2801335493169, 28.2792613012813, 28.2341650323459, 28.2350356432633)),30.9709195979086
"1673",1801,1463.53860397966,"1000-2000m",list(c(95.3623849658887, 95.3633798445655, 95.4143202416242, 95.4133039681083, 95.3623849658887, 28.2341650323459, 28.2792613012813, 28.2783700824037, 28.2332754861658, 28.2341650323459)),33.0689588665109
"1674",1802,1221.89070253737,"1000-2000m",list(c(95.4133039681083, 95.4143202416242, 95.4652582930444, 95.4642206288854, 95.4133039681083, 28.2332754861658, 28.2783700824037, 28.277459895885, 28.2323670079161, 28.2332754861658)),34.0408270214635
"1675",1803,1325.68296869636,"1000-2000m",list(c(95.4642206288854, 95.4652582930444, 95.516193949521, 95.515134899003, 95.4642206288854, 28.2323670079161, 28.277459895885, 28.276530744994, 28.2314396008577, 28.2323670079161)),31.4874980727896
"1676",1804,714.408574477434,"0-1000m",list(c(95.515134899003, 95.516193949521, 95.5671271617634, 95.566046729258, 95.515134899003, 28.2314396008577, 28.276530744994, 28.2755826330672, 28.2304932683191, 28.2314396008577)),27.1570932625703
"1677",1805,448.697356511969,"0-1000m",list(c(95.566046729258, 95.5671271617634, 95.6180578804948, 95.6169560704616, 95.566046729258, 28.2304932683191, 28.2755826330672, 28.2746155635091, 28.2295280136964, 28.2304932683191)),21.3967241962331
"1678",1806,330.939733466496,"0-1000m",list(c(95.6169560704616, 95.6180578804948, 95.6689860564533, 95.6678628734396, 95.6169560704616, 28.2295280136964, 28.2746155635091, 28.2736295397916, 28.2285438404532, 28.2295280136964)),23.5432006465341
"1679",1807,253.679586968803,"0-1000m",list(c(95.6678628734396, 95.6689860564533, 95.719911640392, 95.7187670890325, 95.6678628734396, 28.2285438404532, 28.2736295397916, 28.2726245654546, 28.2275407521208, 28.2285438404532)),18.2628351779715
"1680",1808,494.862363846322,"0-1000m",list(c(95.7187670890325, 95.719911640392, 95.7708345830789, 95.7696686680959, 95.7187670890325, 28.2275407521208, 28.2726245654546, 28.2716006441054, 28.2265187522977, 28.2275407521208)),27.0171150515464
"1681",1809,1096.06519771543,"1000-2000m",list(c(95.7696686680959, 95.7708345830789, 95.8217548352975, 95.8205675615011, 95.7696686680959, 28.2265187522977, 28.2716006441054, 28.270557779419, 28.2254778446503, 28.2265187522977)),30.8367225840047
"1682",1810,1432.47752808989,"1000-2000m",list(c(95.8205675615011, 95.8217548352975, 95.8726723478473, 95.8714637201349, 95.8205675615011, 28.2254778446503, 28.270557779419, 28.2694959751382, 28.224418032912, 28.2254778446503)),32.5580694819551
"1683",1811,2219.62716519459,"2000-2500m",list(c(95.8714637201349, 95.8726723478473, 95.9235870715435, 95.9223570948999, 95.8714637201349, 28.224418032912, 28.2694959751382, 28.268415235073, 28.2233393208838, 28.224418032912)),31.2044979253614
"1684",1812,2300.27267591488,"2000-2500m",list(c(95.9223570948999, 95.9235870715435, 95.9744989572178, 95.9732476367153, 95.9223570948999, 28.2233393208838, 28.268415235073, 28.2673155631013, 28.2222417124339, 28.2233393208838)),28.9068871674213
"1685",1813,2393.72088886115,"2000-2500m",list(c(95.9732476367153, 95.9744989572178, 96.0254079557186, 96.0241352965167, 95.9732476367153, 28.2222417124339, 28.2673155631013, 28.2661969631681, 28.2211252114982, 28.2222417124339)),28.4140281199819
"1686",1814,1809.10034018913,"1000-2000m",list(c(96.0241352965167, 96.0254079557186, 96.076314017911, 96.0750200252564, 96.0241352965167, 28.2211252114982, 28.2661969631681, 28.2650594392861, 28.2199898220795, 28.2211252114982)),32.3003109096909
"1687",1815,1998.73256543845,"1000-2000m",list(c(96.0750200252564, 96.076314017911, 96.1272170946772, 96.125901773904, 96.0750200252564, 28.2199898220795, 28.2650594392861, 28.2639029955354, 28.2188355482479, 28.2199898220795)),30.1647443742809
"1688",1816,2438.80609219438,"2000-2500m",list(c(96.125901773904, 96.1272170946772, 96.1781171369172, 96.1767804934464, 96.125901773904, 28.2188355482479, 28.2639029955354, 28.2627276360633, 28.2176623941408, 28.2188355482479)),30.9354586695203
"1689",1817,2460.16032583253,"2000-2500m",list(c(96.2785286492521, 96.2799079215064, 96.3307985657449, 96.3293979875787, 96.2785286492521, 28.2152594619856, 28.2603201868815, 28.2590881058029, 28.2140296925479, 28.2152594619856)),29.6143852744508
"1690",1818,2153.17770980931,"2000-2500m",list(c(96.4311269403762, 96.4325701129725, 96.4834509179633, 96.4819864570226, 96.4311269403762, 28.2115135689813, 28.2565672527532, 28.2552784898164, 28.210227223865, 28.2115135689813)),33.4693339377215
"1691",1819,1380.80893230548,"1000-2000m",list(c(96.4819864570226, 96.4834509179633, 96.5343283452388, 96.532842601983, 96.4819864570226, 28.210227223865, 28.2552784898164, 28.2539708420732, 28.2089220293133, 28.210227223865)),29.2420878616256
"1692",1820,2108.87053543406,"2000-2500m",list(c(96.532842601983, 96.5343283452388, 96.5852023458486, 96.5836953263936, 96.532842601983, 28.2089220293133, 28.2539708420732, 28.2526443142083, 28.2075979899998, 28.2089220293133)),34.4432247299552
"1693",1821,2366.52871759463,"2000-2500m",list(c(96.6853903182105, 96.6869398713698, 96.7378032984815, 96.7362324879899, 96.6853903182105, 28.2048933961157, 28.2499346371883, 28.2485514977378, 28.2035128512263, 28.2048933961157)),34.2307813909372
"1694",1822,1908.21247776287,"1000-2000m",list(c(96.9903881249411, 96.9920651234432, 97.042906084686, 97.0412078689148, 96.9903881249411, 28.1963278469294, 28.2413529911874, 28.2398567640878, 28.1948344260828, 28.1963278469294)),32.6121680021894
"1695",1823,2394.3523633168,"2000-2500m",list(c(93.579372164278, 93.5796168292259, 93.6306297094708, 93.6303635088378, 93.579372164278, 28.298483969319, 28.3436160228252, 28.3433897776913, 28.2982581485212, 28.298483969319)),39.3507578719574
"1696",1824,2231.03579093549,"2000-2500m",list(c(93.7833336638595, 93.7836644645735, 93.8346745887328, 93.8343222572805, 93.7833336638595, 28.2974664548654, 28.3425965963911, 28.3422940571649, 28.2971644830583, 28.2974664548654)),35.8851579033415
"1697",1825,1718.73899943506,"1000-2000m",list(c(93.8343222572805, 93.8346745887328, 93.8856838996332, 93.8853100389021, 93.8343222572805, 28.2971644830583, 28.3422940571649, 28.3419724469672, 28.2968434760444, 28.2971644830583)),34.6380979739946
"1698",1826,1796.05944385161,"1000-2000m",list(c(93.8853100389021, 93.8856838996332, 93.9366923475888, 93.9362969591277, 93.8853100389021, 28.2968434760444, 28.3419724469672, 28.3416317669561, 28.2965034349788, 28.2968434760444)),37.7906661789557
"1699",1827,2100.48939527837,"2000-2500m",list(c(93.9362969591277, 93.9366923475888, 93.9876998829189, 93.9872829683655, 93.9362969591277, 28.2965034349788, 28.3416317669561, 28.341272018358, 28.296144361085, 28.2965034349788)),40.2805139712134
"1700",1828,1787.65316050468,"1000-2000m",list(c(93.9872829683655, 93.9876998829189, 94.038706455948, 94.0382680170292, 93.9872829683655, 28.296144361085, 28.341272018358, 28.340893202468, 28.295766255655, 28.296144361085)),35.2860551955293
"1701",1829,919.432678425711,"0-1000m",list(c(94.0382680170292, 94.038706455948, 94.0897120170063, 94.0892520555382, 94.0382680170292, 28.295766255655, 28.340893202468, 28.34049532065, 28.2953691200494, 28.295766255655)),31.5101272701449
"1702",1830,2071.43299457139,"2000-2500m",list(c(94.0892520555382, 94.0897120170063, 94.1407165164301, 94.1402350343176, 94.0892520555382, 28.2953691200494, 28.34049532065, 28.3400783743363, 28.2949529556969, 28.2953691200494)),38.5627173192819
"1703",1831,1681.1522817149,"1000-2000m",list(c(94.1402350343176, 94.1407165164301, 94.1917199045619, 94.191216903799, 94.1402350343176, 28.2949529556969, 28.3400783743363, 28.3396423650277, 28.2945177640948, 28.2949529556969)),35.615465803085
"1704",1832,1875.22686529479,"1000-2000m",list(c(94.191216903799, 94.1917199045619, 94.2427221317505, 94.2421976144203, 94.191216903799, 28.2945177640948, 28.3396423650277, 28.3391872942936, 28.2940635468087, 28.2945177640948)),39.0178348041229
"1705",1833,2410.86997049777,"2000-2500m",list(c(94.2421976144203, 94.2427221317505, 94.2937231483519, 94.2931771166265, 94.2421976144203, 28.2940635468087, 28.3391872942936, 28.3387131637721, 28.2935903054726, 28.2940635468087)),37.6497995431295
"1706",1834,2463.10752620677,"2000-2500m",list(c(94.2931771166265, 94.2937231483519, 94.344722904729, 94.3441553608693, 94.2931771166265, 28.2935903054726, 28.3387131637721, 28.3382199751697, 28.2930980417889, 28.2935903054726)),40.4792024633282
"1707",1835,1921.99965476116,"1000-2000m",list(c(94.4461078773099, 94.4467184382994, 94.4977141162568, 94.4970820504496, 94.4461078773099, 28.29205645453, 28.3371764308905, 28.3366260789691, 28.2915071347011, 28.29205645453)),38.1166065163136
"1708",1836,1220.32028784244,"1000-2000m",list(c(94.4970820504496, 94.4977141162568, 94.5487083355189, 94.5480547675104, 94.4970820504496, 28.2915071347011, 28.3366260789691, 28.3360566764778, 28.2909388000172, 28.2915071347011)),38.0581672088215
"1709",1837,1394.64989642835,"1000-2000m",list(c(94.5480547675104, 94.5487083355189, 94.5997010464884, 94.5990259789841, 94.5480547675104, 28.2909388000172, 28.3360566764778, 28.3354682254651, 28.2903514525224, 28.2909388000172)),35.387266448308
"1710",1838,780.907005209968,"0-1000m",list(c(94.5990259789841, 94.5997010464884, 94.6506921995772, 94.6499956353713, 94.5990259789841, 28.2903514525224, 28.3354682254651, 28.3348607280486, 28.2897450943286, 28.2903514525224)),31.5047471620227
"1711",1839,466.955245549804,"0-1000m",list(c(94.6499956353713, 94.6506921995772, 94.7016817452063, 94.7009636871817, 94.6499956353713, 28.2897450943286, 28.3348607280486, 28.3342341864138, 28.2891197276164, 28.2897450943286)),25.8833745965088
"1712",1840,785.707143305505,"0-1000m",list(c(94.7009636871817, 94.7016817452063, 94.7526696338062, 94.7519300849344, 94.7009636871817, 28.2891197276164, 28.3342341864138, 28.3335886028147, 28.2884753546342, 28.2891197276164)),32.7823246425161
"1713",1841,799.189536124537,"0-1000m",list(c(94.7519300849344, 94.7526696338062, 94.8036558158169, 94.8028947791584, 94.7519300849344, 28.2884753546342, 28.3335886028147, 28.3329239795737, 28.2878119776988, 28.2884753546342)),27.4312068476022
"1714",1842,702.734881959349,"0-1000m",list(c(94.8028947791584, 94.8036558158169, 94.8546402416887, 94.8538577203925, 94.8028947791584, 28.2878119776988, 28.3329239795737, 28.3322403190816, 28.2871295991952, 28.2878119776988)),25.3678224805242
"1715",1843,831.867459669826,"0-1000m",list(c(94.8538577203925, 94.8546402416887, 94.905622861882, 94.9048188591858, 94.8538577203925, 28.2871295991952, 28.3322403190816, 28.3315376237974, 28.2864282215765, 28.2871295991952)),28.4497771000968
"1716",1844,912.370284351265,"0-1000m",list(c(94.9048188591858, 94.905622861882, 94.9566036268682, 94.9557781460981, 94.9048188591858, 28.2864282215765, 28.3315376237974, 28.3308158962484, 28.2857078473637, 28.2864282215765)),30.1557149207104
"1717",1845,522.439054412322,"0-1000m",list(c(94.9557781460981, 94.9566036268682, 95.0075824871291, 95.0067355317, 94.9557781460981, 28.2857078473637, 28.3308158962484, 28.3300751390301, 28.2849684791463, 28.2857078473637)),29.9887262645264
"1718",1846,777.240474546482,"0-1000m",list(c(95.0067355317, 95.0075824871291, 95.058559393158, 95.0576909665731, 95.0067355317, 28.2849684791463, 28.3300751390301, 28.3293153548064, 28.2842101195815, 28.2849684791463)),33.073827108262
"1719",1847,1151.29753187729,"1000-2000m",list(c(95.0576909665731, 95.058559393158, 95.1095342954597, 95.1086444013108, 95.0576909665731, 28.2842101195815, 28.3293153548064, 28.3285365463093, 28.2834327713948, 28.2842101195815)),34.0201630257581
"1720",1848,1077.11637687527,"1000-2000m",list(c(95.1086444013108, 95.1095342954597, 95.1605071445506, 95.1595957865179, 95.1086444013108, 28.2834327713948, 28.3285365463093, 28.3277387163389, 28.2826364373796, 28.2834327713948)),31.4512438403705
"1721",1849,671.262726759149,"0-1000m",list(c(95.1595957865179, 95.1605071445506, 95.2114778909593, 95.2105450728113, 95.1595957865179, 28.2826364373796, 28.3277387163389, 28.3269218677638, 28.2818211203973, 28.2826364373796)),26.2859024332255
"1722",1850,1651.75331397551,"1000-2000m",list(c(95.2105450728113, 95.2114778909593, 95.2624464852266, 95.2614922108204, 95.2105450728113, 28.2818211203973, 28.3269218677638, 28.3260860035202, 28.2809868233773, 28.2818211203973)),34.6702556423235
"1723",1851,1862.32439897056,"1000-2000m",list(c(95.2614922108204, 95.2624464852266, 95.3134128779062, 95.3124371511868, 95.2614922108204, 28.2809868233773, 28.3260860035202, 28.3252311266129, 28.2801335493169, 28.2809868233773)),34.3780888241534
"1724",1852,2295.58841252903,"2000-2500m",list(c(95.3124371511868, 95.3134128779062, 95.3643770195644, 95.3633798445655, 95.3124371511868, 28.2801335493169, 28.3252311266129, 28.3243572401145, 28.2792613012813, 28.2801335493169)),32.2289652573449
"1725",1853,2120.9306590077,"2000-2500m",list(c(95.3633798445655, 95.3643770195644, 95.415338860781, 95.4143202416242, 95.3633798445655, 28.2792613012813, 28.3243572401145, 28.3234643471657, 28.2783700824037, 28.2792613012813)),28.3275385787769
"1726",1854,1783.98019584458,"1000-2000m",list(c(95.4143202416242, 95.415338860781, 95.4662983521491, 95.4652582930444, 95.4143202416242, 28.2783700824037, 28.3234643471657, 28.3225524509753, 28.277459895885, 28.2783700824037)),30.3053062288769
"1727",1855,1268.02146757893,"1000-2000m",list(c(95.4652582930444, 95.4662983521491, 95.5172554442758, 95.516193949521, 95.4652582930444, 28.277459895885, 28.3225524509753, 28.3216215548199, 28.276530744994, 28.277459895885)),29.4413324352459
"1728",1856,856.689685645752,"0-1000m",list(c(95.516193949521, 95.5172554442758, 95.568210087782, 95.5671271617634, 95.516193949521, 28.276530744994, 28.3216215548199, 28.3206716620442, 28.2755826330672, 28.276530744994)),31.0841878683739
"1729",1857,970.207111920156,"0-1000m",list(c(95.5671271617634, 95.568210087782, 95.6191622333033, 95.6180578804948, 95.5671271617634, 28.2755826330672, 28.3206716620442, 28.3197027760609, 28.2746155635091, 28.2755826330672)),31.7560337940885
"1730",1858,542.605486159061,"0-1000m",list(c(95.6180578804948, 95.6191622333033, 95.6701118314895, 95.6689860564533, 95.6180578804948, 28.2746155635091, 28.3197027760609, 28.3187149003503, 28.2736295397916, 28.2746155635091)),26.6108128783343
"1731",1859,376.378203509658,"0-1000m",list(c(95.6689860564533, 95.6701118314895, 95.7210588330059, 95.719911640392, 95.6689860564533, 28.2736295397916, 28.3187149003503, 28.3177080384609, 28.2726245654546, 28.2736295397916)),22.2201972988464
"1732",1860,770.950944699014,"0-1000m",list(c(95.719911640392, 95.7210588330059, 95.7720031885327, 95.7708345830789, 95.719911640392, 28.2726245654546, 28.3177080384609, 28.3166821940088, 28.2716006441054, 28.2726245654546)),27.1016792760342
"1733",1861,1237.19330236646,"1000-2000m",list(c(95.7708345830789, 95.7720031885327, 95.8229448487654, 95.8217548352975, 95.7708345830789, 28.2716006441054, 28.3166821940088, 28.3156373706779, 28.270557779419, 28.2716006441054)),30.0100203491097
"1734",1862,2134.34253882086,"2000-2500m",list(c(95.8217548352975, 95.8229448487654, 95.8738837644159, 95.8726723478473, 95.8217548352975, 28.270557779419, 28.3156373706779, 28.31457357222, 28.2694959751382, 28.270557779419)),30.817545567504
"1735",1863,2261.89419998745,"2000-2500m",list(c(95.8726723478473, 95.8738837644159, 95.9248198862117, 95.9235870715435, 95.8726723478473, 28.2694959751382, 28.31457357222, 28.3134908024545, 28.268415235073, 28.2694959751382)),31.3515086364412
"1736",1864,1458.25956318647,"1000-2000m",list(c(95.9235870715435, 95.9248198862117, 95.9757531648968, 95.9744989572178, 95.9235870715435, 28.268415235073, 28.3134908024545, 28.3123890652685, 28.2673155631013, 28.268415235073)),31.638923881971
"1737",1865,1361.82116627958,"1000-2000m",list(c(95.9744989572178, 95.9757531648968, 96.0266835512318, 96.0254079557186, 95.9744989572178, 28.2673155631013, 28.3123890652685, 28.3112683646167, 28.2661969631681, 28.2673155631013)),30.4526970108902
"1738",1866,1181.62171238466,"1000-2000m",list(c(96.0254079557186, 96.0266835512318, 96.0776109959945, 96.076314017911, 96.0254079557186, 28.2661969631681, 28.3112683646167, 28.3101287045215, 28.2650594392861, 28.2661969631681)),29.9264431831655
"1739",1867,1394.78093043808,"1000-2000m",list(c(96.076314017911, 96.0776109959945, 96.1285354499797, 96.1272170946772, 96.076314017911, 28.2650594392861, 28.3101287045215, 28.3089700890728, 28.2639029955354, 28.2650594392861)),32.0409908492302
"1740",1868,1983.1587784822,"1000-2000m",list(c(96.1272170946772, 96.1285354499797, 96.1794568639998, 96.1781171369172, 96.1272170946772, 28.2639029955354, 28.3089700890728, 28.3077925224282, 28.2627276360633, 28.2639029955354)),36.7354372970994
"1741",1869,2329.6680057749,"2000-2500m",list(c(96.4325701129725, 96.4340166143172, 96.4849187566226, 96.4834509179633, 96.4325701129725, 28.2565672527532, 28.3016205714986, 28.3003293887615, 28.2552784898164, 28.2565672527532)),35.5822922475438
"1742",1870,1927.08828698763,"1000-2000m",list(c(96.4834509179633, 96.4849187566226, 96.5358175151636, 96.5343283452388, 96.4834509179633, 28.2552784898164, 28.3003293887615, 28.2990192858182, 28.2539708420732, 28.2552784898164)),33.3787444560238
"1743",1871,1607.63038126499,"1000-2000m",list(c(96.5343283452388, 96.5358175151636, 96.586712840903, 96.5852023458486, 96.5343283452388, 28.2539708420732, 28.2990192858182, 28.2976902673648, 28.2526443142083, 28.2539708420732)),32.0643878132205
"1744",1872,1767.99968614651,"1000-2000m",list(c(96.9920651234432, 96.9937459882347, 97.0446082154844, 97.042906084686, 96.9920651234432, 28.2413529911874, 28.2863777470699, 28.2848787114237, 28.2398567640878, 28.2413529911874)),33.256366201599
"1745",1873,2214.65893698699,"2000-2500m",list(c(93.4265749987537, 93.4267554665454, 93.477791480122, 93.4775894241556, 93.4265749987537, 28.3441803009229, 28.3893131129051, 28.3891437798708, 28.3440112851527, 28.3441803009229)),38.914030794669
"1746",1874,2071.55514405875,"2000-2500m",list(c(93.4775894241556, 93.477791480122, 93.5288270275204, 93.5286033842175, 93.4775894241556, 28.3440112851527, 28.3891437798708, 28.3889553338727, 28.3438231922277, 28.3440112851527)),35.4863962534935
"1747",1875,1757.70322399426,"1000-2000m",list(c(93.5286033842175, 93.5288270275204, 93.579862058938, 93.5796168292259, 93.5286033842175, 28.3438231922277, 28.3889553338727, 28.3887477755897, 28.3436160228252, 28.3438231922277)),35.2502680664684
"1748",1876,1664.80534315408,"1000-2000m",list(c(93.5796168292259, 93.579862058938, 93.6308965245749, 93.6306297094708, 93.5796168292259, 28.3436160228252, 28.3887477755897, 28.3885211057697, 28.3433897776913, 28.3436160228252)),35.930513723071
"1749",1877,2043.30475174189,"2000-2500m",list(c(93.6306297094708, 93.6308965245749, 93.6819303746348, 93.6816419752452, 93.6306297094708, 28.3433897776913, 28.3885211057697, 28.3882753252292, 28.3431444576406, 28.3433897776913)),36.7032204909053
"1750",1878,2080.59991885397,"2000-2500m",list(c(93.6816419752452, 93.6819303746348, 93.7329635593249, 93.7326535768459, 93.6816419752452, 28.3431444576406, 28.3882753252292, 28.3880104348539, 28.3428800635565, 28.3431444576406)),39.0162355190812
"1751",1879,2299.4207733841,"2000-2500m",list(c(93.7326535768459, 93.7329635593249, 93.7839960288564, 93.7836644645735, 93.7326535768459, 28.3428800635565, 28.3880104348539, 28.3877264355979, 28.3425965963911, 28.3428800635565)),34.7890683863984
"1752",1880,1910.9725692047,"1000-2000m",list(c(93.7836644645735, 93.7839960288564, 93.8350277334448, 93.8346745887328, 93.7836644645735, 28.3425965963911, 28.3877264355979, 28.3874233284846, 28.3422940571649, 28.3425965963911)),36.4896563793707
"1753",1881,1430.51824225211,"1000-2000m",list(c(93.8346745887328, 93.8350277334448, 93.8860586233099, 93.8856838996332, 93.8346745887328, 28.3422940571649, 28.3874233284846, 28.3871011146057, 28.3419724469672, 28.3422940571649)),36.4177277698504
"1754",1882,1091.50869198839,"1000-2000m",list(c(93.8856838996332, 93.8860586233099, 93.9370886486765, 93.9366923475888, 93.8856838996332, 28.3419724469672, 28.3871011146057, 28.3867597951221, 28.3416317669561, 28.3419724469672)),34.4594496963166
"1755",1883,1041.2095599774,"1000-2000m",list(c(93.9366923475888, 93.9370886486765, 93.9881177597743, 93.9876998829189, 93.9366923475888, 28.3416317669561, 28.3867597951221, 28.3863993712633, 28.341272018358, 28.3416317669561)),36.3017800932139
"1756",1884,993.002996161169,"0-1000m",list(c(93.9876998829189, 93.9881177597743, 94.0391459068385, 94.038706455948, 93.9876998829189, 28.341272018358, 28.3863993712633, 28.3860198443275, 28.340893202468, 28.341272018358)),33.8511860167052
"1757",1885,1373.64414344122,"1000-2000m",list(c(94.038706455948, 94.0391459068385, 94.0901730401101, 94.0897120170063, 94.038706455948, 28.340893202468, 28.3860198443275, 28.3856212156819, 28.34049532065, 28.340893202468)),34.7976296493076
"1758",1886,2258.48229866298,"2000-2500m",list(c(94.0897120170063, 94.0901730401101, 94.1411991098359, 94.1407165164301, 94.0897120170063, 28.34049532065, 28.3856212156819, 28.3852034867621, 28.3400783743363, 28.34049532065)),39.2086075270946
"1759",1887,1984.42298035277,"1000-2000m",list(c(94.1917199045619, 94.192224066269, 94.2432478596692, 94.2427221317505, 94.1917199045619, 28.3396423650277, 28.3847666590728, 28.3843107341871, 28.3391872942936, 28.3396423650277)),39.9339719445652
"1760",1888,2043.71680034955,"2000-2500m",list(c(94.4467184382994, 94.4473304083801, 94.498347640761, 94.4977141162568, 94.4467184382994, 28.3371764308905, 28.3822960965508, 28.3817447116865, 28.3366260789691, 28.3371764308905)),38.2986567064183
"1761",1889,1876.11392881803,"1000-2000m",list(c(94.4977141162568, 94.498347640761, 94.5493634118213, 94.5487083355189, 94.4977141162568, 28.3366260789691, 28.3817447116865, 28.3811742405075, 28.3360566764778, 28.3366260789691)),35.5399729508238
"1762",1890,1270.74857214194,"1000-2000m",list(c(94.5487083355189, 94.5493634118213, 94.6003776718749, 94.5997010464884, 94.5487083355189, 28.3360566764778, 28.3811742405075, 28.3805846850678, 28.3354682254651, 28.3360566764778)),36.9266423075436
"1763",1891,870.136762273337,"0-1000m",list(c(94.5997010464884, 94.6003776718749, 94.6513903712445, 94.6506921995772, 94.5997010464884, 28.3354682254651, 28.3805846850678, 28.3799760474897, 28.3348607280486, 28.3354682254651)),34.827578577274
"1764",1892,508.625133387735,"0-1000m",list(c(94.6506921995772, 94.6513903712445, 94.702401460262, 94.7016817452063, 94.6506921995772, 28.3348607280486, 28.3799760474897, 28.3793483299642, 28.3342341864138, 28.3348607280486)),28.0438454850329
"1765",1893,1139.26481695328,"1000-2000m",list(c(94.7016817452063, 94.702401460262, 94.7534108892687, 94.7526696338062, 94.7016817452063, 28.3342341864138, 28.3793483299642, 28.3787015347508, 28.3335886028147, 28.3342341864138)),34.3254343185726
"1766",1894,1243.37586217659,"1000-2000m",list(c(94.7526696338062, 94.7534108892687, 94.804418608616, 94.8036558158169, 94.7526696338062, 28.3335886028147, 28.3787015347508, 28.3780356641775, 28.3329239795737, 28.3335886028147)),34.8109857385337
"1767",1895,1019.14600464503,"1000-2000m",list(c(94.8036558158169, 94.804418608616, 94.855424568665, 94.8546402416887, 94.8036558158169, 28.3329239795737, 28.3780356641775, 28.3773507206409, 28.3322403190816, 28.3329239795737)),30.5543781708653
"1768",1896,1244.77269748135,"1000-2000m",list(c(94.8546402416887, 94.855424568665, 94.9064287197873, 94.905622861882, 94.8546402416887, 28.3322403190816, 28.3773507206409, 28.3766467066059, 28.3315376237974, 28.3322403190816)),32.1747274721022
"1769",1897,852.585749508442,"0-1000m",list(c(94.905622861882, 94.9064287197873, 94.9574310123653, 94.9566036268682, 94.905622861882, 28.3315376237974, 28.3766467066059, 28.3759236246059, 28.3308158962484, 28.3315376237974)),30.7338022432963
"1770",1898,765.693208210407,"0-1000m",list(c(94.9566036268682, 94.9574310123653, 95.0084313967921, 95.0075824871291, 94.9566036268682, 28.3308158962484, 28.3759236246059, 28.375181477243, 28.3300751390301, 28.3308158962484)),29.4032060632968
"1771",1899,600.058581192847,"0-1000m",list(c(95.0075824871291, 95.0084313967921, 95.0594298234721, 95.058559393158, 95.0075824871291, 28.3300751390301, 28.375181477243, 28.3744202671872, 28.3293153548064, 28.3300751390301)),24.4154778933261
"1772",1900,913.136118259996,"0-1000m",list(c(95.058559393158, 95.0594298234721, 95.1104262428214, 95.1095342954597, 95.058559393158, 28.3293153548064, 28.3744202671872, 28.3736399971773, 28.3285365463093, 28.3293153548064)),35.5718040184341
"1773",1901,1349.09344277644,"1000-2000m",list(c(95.1095342954597, 95.1104262428214, 95.1614206052676, 95.1605071445506, 95.1095342954597, 28.3285365463093, 28.3736399971773, 28.3728406700203, 28.3277387163389, 28.3285365463093)),33.7435031625388
"1774",1902,1127.62454355357,"1000-2000m",list(c(95.1605071445506, 95.1614206052676, 95.2124128612507, 95.2114778909593, 95.1605071445506, 28.3277387163389, 28.3728406700203, 28.3720222885915, 28.3269218677638, 28.3277387163389)),35.4646363558461
"1775",1903,1298.67249387986,"1000-2000m",list(c(95.2114778909593, 95.2124128612507, 95.2634029612228, 95.2624464852266, 95.2114778909593, 28.3269218677638, 28.3720222885915, 28.3711848558344, 28.3260860035202, 28.3269218677638)),37.3411984259253
"1776",1904,1302.30679441965,"1000-2000m",list(c(95.2624464852266, 95.2634029612228, 95.314390855649, 95.3134128779062, 95.2624464852266, 28.3260860035202, 28.3711848558344, 28.370328374761, 28.3252311266129, 28.3260860035202)),34.242844606234
"1777",1905,1944.75284791361,"1000-2000m",list(c(95.3134128779062, 95.314390855649, 95.3653764950072, 95.3643770195644, 95.3134128779062, 28.3252311266129, 28.370328374761, 28.3694528484514, 28.3243572401145, 28.3252311266129)),40.3106206203246
"1778",1906,1997.59089197163,"1000-2000m",list(c(95.3643770195644, 95.3653764950072, 95.4163598297886, 95.415338860781, 95.3643770195644, 28.3243572401145, 28.3694528484514, 28.368558280054, 28.3234643471657, 28.3243572401145)),32.4305482249811
"1779",1907,1555.86926125901,"1000-2000m",list(c(95.415338860781, 95.4163598297886, 95.4673408104978, 95.4662983521491, 95.415338860781, 28.3234643471657, 28.368558280054, 28.3676446727852, 28.3225524509753, 28.3234643471657)),34.2588151314272
"1780",1908,902.187697013202,"0-1000m",list(c(95.4662983521491, 95.4673408104978, 95.5183193876534, 95.5172554442758, 95.4662983521491, 28.3225524509753, 28.3676446727852, 28.3667120299297, 28.3216215548199, 28.3225524509753)),28.5443761935073
"1781",1909,1240.19644090139,"1000-2000m",list(c(95.5172554442758, 95.5183193876534, 95.5692955117882, 95.568210087782, 95.5172554442758, 28.3216215548199, 28.3667120299297, 28.3657603548402, 28.3206716620442, 28.3216215548199)),31.0608560038445
"1782",1910,1299.06653974595,"1000-2000m",list(c(95.568210087782, 95.5692955117882, 95.6202691334491, 95.6191622333033, 95.568210087782, 28.3206716620442, 28.3657603548402, 28.3647896509377, 28.3197027760609, 28.3206716620442)),30.8186485441118
"1783",1911,1338.72457164258,"1000-2000m",list(c(95.6191622333033, 95.6202691334491, 95.6712402031982, 95.6701118314895, 95.6191622333033, 28.3197027760609, 28.3647896509377, 28.3637999217111, 28.3187149003503, 28.3197027760609)),29.8948874192993
"1784",1912,1221.0024166719,"1000-2000m",list(c(95.6701118314895, 95.6712402031982, 95.7222086716121, 95.7210588330059, 95.6701118314895, 28.3187149003503, 28.3637999217111, 28.3627911707173, 28.3177080384609, 28.3187149003503)),26.132807044647
"1785",1913,961.484036078774,"0-1000m",list(c(95.7210588330059, 95.7222086716121, 95.773174489283, 95.7720031885327, 95.7210588330059, 28.3177080384609, 28.3627911707173, 28.3617634015813, 28.3166821940088, 28.3177080384609)),29.0667659145538
"1786",1914,1150.33010829874,"1000-2000m",list(c(95.7720031885327, 95.773174489283, 95.8241376068184, 95.8229448487654, 95.7720031885327, 28.3166821940088, 28.3617634015813, 28.3607166179958, 28.3156373706779, 28.3166821940088)),31.9074699583802
"1787",1915,2070.17836294018,"2000-2500m",list(c(95.8229448487654, 95.8241376068184, 95.875097974842, 95.8738837644159, 95.8229448487654, 28.3156373706779, 28.3607166179958, 28.3596508237218, 28.31457357222, 28.3156373706779)),32.0323315655078
"1788",1916,1459.2361661621,"1000-2000m",list(c(95.8738837644159, 95.875097974842, 95.9260555439933, 95.9248198862117, 95.8738837644159, 28.31457357222, 28.3596508237218, 28.3585660225879, 28.3134908024545, 28.31457357222)),34.1856248696646
"1789",1917,1231.08266901011,"1000-2000m",list(c(95.9248198862117, 95.9260555439933, 95.9770102649285, 95.9757531648968, 95.9248198862117, 28.3134908024545, 28.3585660225879, 28.3574622184906, 28.3123890652685, 28.3134908024545)),29.289605923558
"1790",1918,1461.60506850598,"1000-2000m",list(c(95.9757531648968, 95.9770102649285, 96.0279620883203, 96.0266835512318, 95.9757531648968, 28.3123890652685, 28.3574622184906, 28.3563394153944, 28.3112683646167, 28.3123890652685)),31.7873786378338
"1791",1919,1868.17939514996,"1000-2000m",list(c(96.0266835512318, 96.0279620883203, 96.0789109648586, 96.0776109959945, 96.0266835512318, 28.3112683646167, 28.3563394153944, 28.3551976173312, 28.3101287045215, 28.3112683646167)),32.4082722440224
"1792",1920,1566.15366267027,"1000-2000m",list(c(96.0776109959945, 96.0789109648586, 96.1298568452503, 96.1285354499797, 96.0776109959945, 28.3101287045215, 28.3551976173312, 28.3540368284009, 28.3089700890728, 28.3101287045215)),34.3353298869497
"1793",1921,2240.96822820761,"2000-2500m",list(c(96.1285354499797, 96.1298568452503, 96.1807996802203, 96.1794568639998, 96.1285354499797, 28.3089700890728, 28.3540368284009, 28.3528570527711, 28.3077925224282, 28.3089700890728)),33.7333625032664
"1794",1922,2083.56587784822,"2000-2500m",list(c(96.5358175151636, 96.5373101178934, 96.5882268177797, 96.586712840903, 96.5358175151636, 28.2990192858182, 28.3440673600469, 28.3427358489624, 28.2976902673648, 28.2990192858182)),34.6030506246691
"1795",1923,1854.10524016104,"1000-2000m",list(c(96.586712840903, 96.5882268177797, 96.639140029604, 96.6376046848236, 96.586712840903, 28.2976902673648, 28.3427358489624, 28.3413853917259, 28.296342338165, 28.2976902673648)),31.1620821647497
"1796",1925,1691.6578140596,"1000-2000m",list(c(96.9937459882347, 96.9954307262307, 97.0463142683114, 97.0446082154844, 96.9937459882347, 28.2863777470699, 28.3314021140221, 28.3299002675296, 28.2848787114237, 28.2863777470699)),34.1447344683195
"1797",1926,1967.51467617725,"1000-2000m",list(c(93.6308965245749, 93.6311639552566, 93.6822194393947, 93.6819303746348, 93.6308965245749, 28.3885211057697, 28.4336521324437, 28.4334058910329, 28.3882753252292, 28.3885211057697)),33.9518293052274
"1798",1927,1406.79872575482,"1000-2000m",list(c(93.6819303746348, 93.6822194393947, 93.7332742569632, 93.7329635593249, 93.6819303746348, 28.3882753252292, 28.4334058910329, 28.4331405039562, 28.3880104348539, 28.3882753252292)),35.9063064649845
"1799",1928,1404.32311217124,"1000-2000m",list(c(93.7329635593249, 93.7332742569632, 93.7843283580834, 93.7839960288564, 93.7329635593249, 28.3880104348539, 28.4331405039562, 28.4328559721701, 28.3877264355979, 28.3880104348539)),35.2352598507857
"1800",1929,1134.32981946724,"1000-2000m",list(c(93.7839960288564, 93.7843283580834, 93.8353816928809, 93.8350277334448, 93.7839960288564, 28.3877264355979, 28.4328559721701, 28.4325522967003, 28.3874233284846, 28.3877264355979)),32.5369734494956
"1801",1930,1453.38983742389,"1000-2000m",list(c(93.8350277334448, 93.8353816928809, 93.8864342114861, 93.8860586233099, 93.8350277334448, 28.3874233284846, 28.4325522967003, 28.4322294786414, 28.3871011146057, 28.3874233284846)),34.7287740378021
"1802",1931,1493.78770949721,"1000-2000m",list(c(93.8860586233099, 93.8864342114861, 93.9374858640338, 93.9370886486765, 93.8860586233099, 28.3871011146057, 28.4322294786414, 28.4318875191569, 28.3867597951221, 28.3871011146057)),36.7289465030756
"1803",1932,2031.95837015528,"2000-2500m",list(c(93.9370886486765, 93.9374858640338, 93.9885366006641, 93.9881177597743, 93.9370886486765, 28.3867597951221, 28.4318875191569, 28.4315264194794, 28.3863993712633, 28.3867597951221)),38.4721286153456
"1804",1933,1944.92527148327,"1000-2000m",list(c(93.9881177597743, 93.9885366006641, 94.0395863715227, 94.0391459068385, 93.9881177597743, 28.3863993712633, 28.4315264194794, 28.4311461809103, 28.3860198443275, 28.3863993712633)),36.1980913988766
"1805",1934,1406.15033582324,"1000-2000m",list(c(94.0391459068385, 94.0395863715227, 94.0906351267607, 94.0901730401101, 94.0391459068385, 28.3860198443275, 28.4311461809103, 28.4307468048199, 28.3856212156819, 28.3860198443275)),33.2433225720642
"1806",1935,2204.34487438455,"2000-2500m",list(c(94.498347640761, 94.4989826265871, 94.550019999132, 94.5493634118213, 94.498347640761, 28.3817447116865, 28.4268630325117, 28.4262914917627, 28.3811742405075, 28.3817447116865)),33.3136921592388
"1807",1936,1656.94429100496,"1000-2000m",list(c(94.5493634118213, 94.550019999132, 94.601055857947, 94.6003776718749, 94.5493634118213, 28.3811742405075, 28.4262914917627, 28.4257008309839, 28.3805846850678, 28.3811742405075)),34.9561683023361
"1808",1937,1063.840970435,"1000-2000m",list(c(94.6003776718749, 94.601055857947, 94.6520901532654, 94.6513903712445, 94.6003776718749, 28.3805846850678, 28.4257008309839, 28.425091052303, 28.3799760474897, 28.3805846850678)),34.7580399108152
"1809",1938,579.039830829441,"0-1000m",list(c(94.6513903712445, 94.6520901532654, 94.7031228353299, 94.702401460262, 94.6513903712445, 28.3799760474897, 28.425091052303, 28.424462157916, 28.3793483299642, 28.3799760474897)),28.3494452978324
"1810",1939,1068.88673027431,"1000-2000m",list(c(94.702401460262, 94.7031228353299, 94.7541538543924, 94.7534108892687, 94.702401460262, 28.3793483299642, 28.424462157916, 28.4238141500882, 28.3787015347508, 28.3793483299642)),34.722045292624
"1811",1940,1621.10219069738,"1000-2000m",list(c(94.7534108892687, 94.7541538543924, 94.805183160715, 94.804418608616, 94.7534108892687, 28.3787015347508, 28.4238141500882, 28.423147031153, 28.3780356641775, 28.3787015347508)),32.0403205776923
"1812",1941,1155.41266885494,"1000-2000m",list(c(94.804418608616, 94.805183160715, 94.8562107045697, 94.855424568665, 94.804418608616, 28.3780356641775, 28.423147031153, 28.4224608035129, 28.3773507206409, 28.3780356641775)),34.4612062321491
"1813",1942,875.03270353399,"0-1000m",list(c(94.855424568665, 94.8562107045697, 94.9072364362388, 94.9064287197873, 94.855424568665, 28.3773507206409, 28.4224608035129, 28.4217554696388, 28.3766467066059, 28.3773507206409)),30.4376335859322
"1814",1943,825.016916703283,"0-1000m",list(c(94.9064287197873, 94.9072364362388, 94.9582603060155, 94.9574310123653, 94.9064287197873, 28.3766467066059, 28.4217554696388, 28.4210310320703, 28.3759236246059, 28.3766467066059)),32.1520676611841
"1815",1944,1598.22427723772,"1000-2000m",list(c(94.9574310123653, 94.9582603060155, 95.0092822642037, 95.0084313967921, 94.9574310123653, 28.3759236246059, 28.4210310320703, 28.4202874934156, 28.375181477243, 28.3759236246059)),34.5466772759316
"1816",1945,1090.83080158182,"1000-2000m",list(c(95.0084313967921, 95.0092822642037, 95.060302261119, 95.0594298234721, 95.0084313967921, 28.375181477243, 28.4202874934156, 28.4195248563514, 28.3744202671872, 28.375181477243)),24.9955357142857
"1817",1946,562.386472667592,"0-1000m",list(c(95.0594298234721, 95.060302261119, 95.1113202470881, 95.1104262428214, 95.0594298234721, 28.3744202671872, 28.4195248563514, 28.4187431236231, 28.3736399971773, 28.3744202671872)),29.315238680806
"1818",1947,1288.44360052727,"1000-2000m",list(c(95.1104262428214, 95.1113202470881, 95.1623361724498, 95.1614206052676, 95.1104262428214, 28.3736399971773, 28.4187431236231, 28.4179422980444, 28.3728406700203, 28.3736399971773)),34.1660943461082
"1819",1948,1613.76514343105,"1000-2000m",list(c(95.1614206052676, 95.1623361724498, 95.213349987555, 95.2124128612507, 95.1614206052676, 28.3728406700203, 28.4179422980444, 28.4171223824976, 28.3720222885915, 28.3728406700203)),37.1394243401409
"1820",1949,855.318867567226,"0-1000m",list(c(95.2124128612507, 95.213349987555, 95.2643616427671, 95.2634029612228, 95.2124128612507, 28.3720222885915, 28.4171223824976, 28.4162833799335, 28.3711848558344, 28.3720222885915)),28.2168428536103
"1821",1950,1364.08288870755,"1000-2000m",list(c(95.2634029612228, 95.2643616427671, 95.3153710884621, 95.314390855649, 95.2634029612228, 28.3711848558344, 28.4162833799335, 28.4154252933712, 28.370328374761, 28.3711848558344)),36.8987608344593
"1822",1951,1868.52360178269,"1000-2000m",list(c(95.314390855649, 95.3153710884621, 95.3663782750291, 95.3653764950072, 95.314390855649, 28.370328374761, 28.4154252933712, 28.4145481258984, 28.3694528484514, 28.370328374761)),37.3383877159309
"1823",1952,1484.29368135336,"1000-2000m",list(c(95.3653764950072, 95.3663782750291, 95.4173831528705, 95.4163598297886, 95.3653764950072, 28.3694528484514, 28.4145481258984, 28.413651880671, 28.368558280054, 28.3694528484514)),36.5311344896218
"1824",1953,1306.68068545603,"1000-2000m",list(c(95.4163598297886, 95.4173831528705, 95.4683856724023, 95.4673408104978, 95.4163598297886, 28.368558280054, 28.413651880671, 28.4127365609133, 28.3676446727852, 28.368558280054)),33.1168630251101
"1825",1954,1231.42602473166,"1000-2000m",list(c(95.4673408104978, 95.4683856724023, 95.5193857840543, 95.5183193876534, 95.4673408104978, 28.3676446727852, 28.4127365609133, 28.411802169918, 28.3667120299297, 28.3676446727852)),31.0255478321947
"1826",1955,1894.1280457013,"1000-2000m",list(c(95.5183193876534, 95.5193857840543, 95.5703834382705, 95.5692955117882, 95.5183193876534, 28.3667120299297, 28.411802169918, 28.4108487110459, 28.3657603548402, 28.3667120299297)),30.6236990606969
"1827",1956,1640.33419119955,"1000-2000m",list(c(95.5692955117882, 95.5703834382705, 95.6213785855095, 95.6202691334491, 95.5692955117882, 28.3657603548402, 28.4108487110459, 28.4098761877263, 28.3647896509377, 28.3657603548402)),30.6061358514732
"1828",1957,1458.53424141611,"1000-2000m",list(c(95.6202691334491, 95.6213785855095, 95.6723711762445, 95.6712402031982, 95.6202691334491, 28.3647896509377, 28.4098761877263, 28.4088846034564, 28.3637999217111, 28.3647896509377)),30.6689359746789
"1829",1958,1207.4636725161,"1000-2000m",list(c(95.6712402031982, 95.6723711762445, 95.7233611609639, 95.7222086716121, 95.6712402031982, 28.3637999217111, 28.4088846034564, 28.4078739618019, 28.3627911707173, 28.3637999217111)),31.2013492365605
"1830",1959,1118.59898939175,"1000-2000m",list(c(95.7222086716121, 95.7233611609639, 95.7743484901713, 95.773174489283, 95.7222086716121, 28.3627911707173, 28.4078739618019, 28.4068442663965, 28.3617634015813, 28.3627911707173)),30.3063538749404
"1831",1960,1203.70096039169,"1000-2000m",list(c(95.773174489283, 95.7743484901713, 95.825333114386, 95.8241376068184, 95.773174489283, 28.3617634015813, 28.4068442663965, 28.405795520942, 28.3607166179958, 28.3617634015813)),34.1205893674351
"1832",1961,1706.00321929049,"1000-2000m",list(c(95.8241376068184, 95.825333114386, 95.876314984143, 95.875097974842, 95.8241376068184, 28.3607166179958, 28.405795520942, 28.4047277292083, 28.3596508237218, 28.3607166179958)),34.1991910563089
"1833",1962,1080.32201368401,"1000-2000m",list(c(95.875097974842, 95.876314984143, 95.9272940499939, 95.9260555439933, 95.875097974842, 28.3596508237218, 28.4047277292083, 28.4036408950334, 28.3585660225879, 28.3596508237218)),30.5784504083586
"1834",1963,1154.73447165762,"1000-2000m",list(c(95.9260555439933, 95.9272940499939, 95.9782702625064, 95.9770102649285, 95.9260555439933, 28.3585660225879, 28.4036408950334, 28.4025350223233, 28.3574622184906, 28.3585660225879)),30.9090523226554
"1835",1964,2195.48211035089,"2000-2500m",list(c(95.9770102649285, 95.9782702625064, 96.0292435722652, 96.0279620883203, 95.9770102649285, 28.3574622184906, 28.4025350223233, 28.4014101150519, 28.3563394153944, 28.3574622184906)),31.1734415948374
"1836",1965,2015.20381645848,"2000-2500m",list(c(96.1298568452503, 96.1311812859458, 96.1821455911232, 96.1807996802203, 96.1298568452503, 28.3540368284009, 28.3991032130606, 28.3979212266281, 28.3528570527711, 28.3540368284009)),33.7956437539967
"1837",1966,2289.38117506748,"2000-2500m",list(c(96.1807996802203, 96.1821455911232, 96.2331067960589, 96.231739420511, 96.1807996802203, 28.3528570527711, 28.3979212266281, 28.3967202222091, 28.351658294677, 28.3528570527711)),36.8650337878898
"1838",1967,2153.89363505116,"2000-2500m",list(c(96.5882268177797, 96.5897442827218, 96.6406789115339, 96.639140029604, 96.5882268177797, 28.3427358489624, 28.3877810584943, 28.386428071144, 28.3413853917259, 28.3427358489624)),35.2539026309155
"1839",1968,2462.57777289561,"2000-2500m",list(c(96.639140029604, 96.6406789115339, 96.6916099968491, 96.6900497042824, 96.639140029604, 28.3413853917259, 28.386428071144, 28.3850561070613, 28.3400159931795, 28.3413853917259)),37.4020007138869
"1840",1970,2487.22611653819,"2000-2500m",list(c(93.4269363507102, 93.4271176519991, 93.4781969914314, 93.477994002267, 93.4269363507102, 28.4344456247094, 28.4795778360273, 28.4794078676777, 28.4342759741489, 28.4344456247094)),37.5264128060627
"1841",1971,1907.62713398458,"1000-2000m",list(c(93.6822194393947, 93.682509170725, 93.7335856710504, 93.7332742569632, 93.6822194393947, 28.4334058910329, 28.4785361547389, 28.4782702705494, 28.4331405039562, 28.4334058910329)),37.3479134209611
"1842",1972,2243.64404981118,"2000-2500m",list(c(93.7332742569632, 93.7335856710504, 93.7846614536337, 93.7843283580834, 93.7332742569632, 28.4331405039562, 28.4782702705494, 28.4779852057922, 28.4328559721701, 28.4331405039562)),37.3446689790379
"1843",1973,1960.55712133576,"1000-2000m",list(c(93.7843283580834, 93.7846614536337, 93.8357364685103, 93.8353816928809, 93.7843283580834, 28.4328559721701, 28.4779852057922, 28.4776809614954, 28.4325522967003, 28.4328559721701)),34.1947471714495
"1844",1974,2267.71577041915,"2000-2500m",list(c(93.8864342114861, 93.8868106657205, 93.9378839953093, 93.9374858640338, 93.8864342114861, 28.4322294786414, 28.4773575387562, 28.477014938741, 28.4318875191569, 28.4322294786414)),36.9541444545474
"1845",1975,1784.19022502419,"1000-2000m",list(c(94.0395863715227, 94.0400278518285, 94.0910982788757, 94.0906351267607, 94.0395863715227, 28.4311461809103, 28.4762722118938, 28.47587208774, 28.4307468048199, 28.4311461809103)),36.6738319535349
"1846",1976,2471.43157993848,"2000-2500m",list(c(94.3458619243717, 94.3464334048777, 94.3974966788427, 94.3969035394186, 94.3458619243717, 28.4284629143357, 28.4735839194523, 28.4730687878405, 28.4279487457538, 28.4284629143357)),36.8652105165836
"1847",1977,2327.89060890734,"2000-2500m",list(c(94.3969035394186, 94.3974966788427, 94.4485585859673, 94.4479437900879, 94.3969035394186, 28.4279487457538, 28.4730687878405, 28.4725344944157, 28.4274154511721, 28.4279487457538)),40.3912432227771
"1848",1978,2134.83290159483,"2000-2500m",list(c(94.4479437900879, 94.4485585859673, 94.4996190763691, 94.4989826265871, 94.4479437900879, 28.4274154511721, 28.4725344944157, 28.4719810411039, 28.4268630325117, 28.4274154511721)),38.8750382819678
"1849",1979,2374.8754629339,"2000-2500m",list(c(94.4989826265871, 94.4996190763691, 94.5506781001741, 94.550019999132, 94.4989826265871, 28.4268630325117, 28.4719810411039, 28.4714084299001, 28.4262914917627, 28.4268630325117)),34.8068697744218
"1850",1980,1568.99594269842,"1000-2000m",list(c(94.550019999132, 94.5506781001741, 94.6017356075172, 94.601055857947, 94.550019999132, 28.4262914917627, 28.4714084299001, 28.4708166628679, 28.4257008309839, 28.4262914917627)),35.296385876207
"1851",1981,1079.83823850691,"1000-2000m",list(c(94.601055857947, 94.6017356075172, 94.6527915485419, 94.6520901532654, 94.601055857947, 28.4257008309839, 28.4708166628679, 28.4702057421401, 28.425091052303, 28.4257008309839)),38.5353770026853
"1852",1982,638.807858891469,"0-1000m",list(c(94.6520901532654, 94.6527915485419, 94.7038458734013, 94.7031228353299, 94.6520901532654, 28.425091052303, 28.4702057421401, 28.4695756699183, 28.424462157916, 28.425091052303)),35.0168479788914
"1853",1983,1510.20174151868,"1000-2000m",list(c(94.7031228353299, 94.7038458734013, 94.7548985322578, 94.7541538543924, 94.7031228353299, 28.424462157916, 28.4695756699183, 28.4689264484731, 28.4238141500882, 28.424462157916)),37.1086822580227
"1854",1984,1533.66664585999,"1000-2000m",list(c(94.7541538543924, 94.7548985322578, 94.8059494752838, 94.805183160715, 94.7541538543924, 28.4238141500882, 28.4689264484731, 28.4682580801436, 28.423147031153, 28.4238141500882)),34.2023670764657
"1855",1985,1036.56346117632,"1000-2000m",list(c(94.805183160715, 94.8059494752838, 94.8569986526618, 94.8562107045697, 94.805183160715, 28.423147031153, 28.4682580801436, 28.4675705673381, 28.4224608035129, 28.423147031153)),31.6492092115583
"1856",1986,800.366998533129,"0-1000m",list(c(94.8562107045697, 94.8569986526618, 94.9080460145846, 94.9072364362388, 94.8562107045697, 28.4224608035129, 28.4675705673381, 28.4668639125336, 28.4217554696388, 28.4224608035129)),30.5690957011614
"1857",1987,1366.06132767392,"1000-2000m",list(c(94.9072364362388, 94.9080460145846, 94.9590915112559, 94.9582603060155, 94.9072364362388, 28.4217554696388, 28.4668639125336, 28.4661381182758, 28.4210310320703, 28.4217554696388)),34.8270476563864
"1858",1988,1999.53989077898,"1000-2000m",list(c(94.9582603060155, 94.9590915112559, 95.0101350928904, 95.0092822642037, 94.9582603060155, 28.4210310320703, 28.4661381182758, 28.4653931871792, 28.4202874934156, 28.4210310320703)),31.1092927460941
"1859",1989,1108.89010954714,"1000-2000m",list(c(95.0092822642037, 95.0101350928904, 95.061176709714, 95.060302261119, 95.0092822642037, 28.4202874934156, 28.4653931871792, 28.464629121927, 28.4195248563514, 28.4202874934156)),24.2023998870063
"1860",1990,534.307545037976,"0-1000m",list(c(95.060302261119, 95.061176709714, 95.1122163119642, 95.1113202470881, 95.060302261119, 28.4195248563514, 28.464629121927, 28.4638459252712, 28.4187431236231, 28.4195248563514)),25.0838026069928
"1861",1991,1338.42236509472,"1000-2000m",list(c(95.1113202470881, 95.1122163119642, 95.1632538498906, 95.1623361724498, 95.1113202470881, 28.4187431236231, 28.4638459252712, 28.4630436000324, 28.4179422980444, 28.4187431236231)),34.6912472073018
"1862",1992,1504.37405199588,"1000-2000m",list(c(95.1623361724498, 95.1632538498906, 95.2142892737547, 95.213349987555, 95.1623361724498, 28.4179422980444, 28.4630436000324, 28.4622221490999, 28.4171223824976, 28.4179422980444)),35.6581131757468
"1863",1993,936.082135459168,"0-1000m",list(c(95.213349987555, 95.2142892737547, 95.2653225338307, 95.2643616427671, 95.213349987555, 28.4171223824976, 28.4622221490999, 28.4613815754316, 28.4162833799335, 28.4171223824976)),25.4980913935493
"1864",1994,1526.86211416622,"1000-2000m",list(c(95.2643616427671, 95.2653225338307, 95.3163535804055, 95.3153710884621, 95.2643616427671, 28.4162833799335, 28.4613815754316, 28.460521882054, 28.4154252933712, 28.4162833799335)),34.0595160773514
"1865",1995,1976.77506944228,"1000-2000m",list(c(95.3153710884621, 95.3163535804055, 95.367382363779, 95.3663782750291, 95.3153710884621, 28.4154252933712, 28.460521882054, 28.4596430720622, 28.4145481258984, 28.4154252933712)),33.6546732034075
"1866",1996,1900.87596509949,"1000-2000m",list(c(95.3663782750291, 95.367382363779, 95.4184088342645, 95.4173831528705, 95.3663782750291, 28.4145481258984, 28.4596430720622, 28.4587451486198, 28.413651880671, 28.4145481258984)),34.1135867120735
"1867",1997,2220.13092600106,"2000-2500m",list(c(95.4173831528705, 95.4184088342645, 95.4694329421889, 95.4683856724023, 95.4173831528705, 28.413651880671, 28.4587451486198, 28.4578281149588, 28.4127365609133, 28.413651880671)),31.8052827918171
"1868",1998,1572.76882743984,"1000-2000m",list(c(95.4683856724023, 95.4694329421889, 95.5204546378932, 95.5193857840543, 95.4683856724023, 28.4127365609133, 28.4578281149588, 28.45689197438, 28.411802169918, 28.4127365609133)),31.2402621301289
"1869",1999,1714.12095913628,"1000-2000m",list(c(95.5193857840543, 95.5204546378932, 95.5714738717325, 95.5703834382705, 95.5193857840543, 28.411802169918, 28.45689197438, 28.4559367302524, 28.4108487110459, 28.411802169918)),31.6867850360633
"1870",2000,1912.73146905527,"1000-2000m",list(c(95.5703834382705, 95.5714738717325, 95.6224905940763, 95.6213785855095, 95.5703834382705, 28.4108487110459, 28.4559367302524, 28.4549623860134, 28.4098761877263, 28.4108487110459)),29.4040940014608
"1871",2001,1799.43097905808,"1000-2000m",list(c(95.6213785855095, 95.6224905940763, 95.6735047553091, 95.6723711762445, 95.6213785855095, 28.4098761877263, 28.4549623860134, 28.453968945169, 28.4088846034564, 28.4098761877263)),30.0304236796986
"1872",2002,1628.15692674659,"1000-2000m",list(c(95.6723711762445, 95.6735047553091, 95.7245163058304, 95.7233611609639, 95.6723711762445, 28.4088846034564, 28.453968945169, 28.4529564112932, 28.4078739618019, 28.4088846034564)),31.9559762477623
"1873",2003,1379.77023189039,"1000-2000m",list(c(95.7233611609639, 95.7245163058304, 95.7755251960551, 95.7743484901713, 95.7233611609639, 28.4078739618019, 28.4529564112932, 28.4519247880287, 28.4068442663965, 28.4078739618019)),32.7259800339411
"1874",2004,909.520645423052,"0-1000m",list(c(95.7743484901713, 95.7755251960551, 95.8265313764138, 95.825333114386, 95.7743484901713, 28.4068442663965, 28.4519247880287, 28.4508740790861, 28.405795520942, 28.4068442663965)),30.6699897601161
"1875",2005,937.749576297784,"0-1000m",list(c(95.825333114386, 95.8265313764138, 95.8775347973531, 95.876314984143, 95.825333114386, 28.405795520942, 28.4508740790861, 28.4498042882447, 28.4047277292083, 28.405795520942)),31.4849426101565
"1876",2006,1326.53600074904,"1000-2000m",list(c(95.876314984143, 95.8775347973531, 95.9285354093356, 95.9272940499939, 95.876314984143, 28.4047277292083, 28.4498042882447, 28.4487154193516, 28.4036408950334, 28.4047277292083)),32.3765608140534
"1877",2007,1915.05991463185,"1000-2000m",list(c(95.9272940499939, 95.9285354093356, 95.9795331628409, 95.9782702625064, 95.9272940499939, 28.4036408950334, 28.4487154193516, 28.4476074763223, 28.4025350223233, 28.4036408950334)),31.8857304612238
"1878",2008,1851.11301145407,"1000-2000m",list(c(95.9782702625064, 95.9795331628409, 96.030528008365, 96.0292435722652, 95.9782702625064, 28.4025350223233, 28.4476074763223, 28.4464804631403, 28.4014101150519, 28.4025350223233)),32.2323377898633
"1879",2009,2310.26300677257,"2000-2500m",list(c(96.0292435722652, 96.030528008365, 96.0815198964213, 96.080213929872, 96.0292435722652, 28.4014101150519, 28.4464804631403, 28.4453343838574, 28.400266177261, 28.4014101150519)),31.9362428761716
"1880",2010,2419.04315485531,"2000-2500m",list(c(96.5388061595842, 96.5403056464122, 96.5912652419929, 96.5897442827218, 96.5388061595842, 28.3891150642581, 28.4341623979511, 28.4328258954538, 28.3877810584943, 28.3891150642581)),34.548875239237
"1881",2011,2491.11920155671,"2000-2500m",list(c(93.631432002626, 93.631700667797, 93.6827995698295, 93.682509170725, 93.631432002626, 28.4787828574016, 28.5239132803323, 28.5236661160349, 28.4785361547389, 28.4787828574016)),35.2025273224044
"1882",2012,2375.45291969664,"2000-2500m",list(c(93.682509170725, 93.6827995698295, 93.7338978028806, 93.7335856710504, 93.682509170725, 28.4785361547389, 28.5236661160349, 28.5233997343203, 28.4782702705494, 28.4785361547389)),36.6392750797322
"1883",2013,2403.35578431988,"2000-2500m",list(c(93.7846614536337, 93.7849953168913, 93.8360920618069, 93.8357364685103, 93.7846614536337, 28.4779852057922, 28.5231141361499, 28.5228093225541, 28.4776809614954, 28.4779852057922)),36.5266407472982
"1884",2014,2053.22318121901,"2000-2500m",list(c(94.3464334048777, 94.3470062023351, 94.3980911851087, 94.3974966788427, 94.3464334048777, 28.4735839194523, 28.5187046144802, 28.5181885190398, 28.4730687878405, 28.4735839194523)),37.5505268242611
"1885",2015,1687.64198995038,"1000-2000m",list(c(94.3974966788427, 94.3980911851087, 94.4491747985708, 94.4485585859673, 94.3974966788427, 28.4730687878405, 28.5181885190398, 28.517653225944, 28.4725344944157, 28.4730687878405)),34.6984100610539
"1886",2016,1402.91389157642,"1000-2000m",list(c(94.4485585859673, 94.4491747985708, 94.5002569927492, 94.4996190763691, 94.4485585859673, 28.4725344944157, 28.517653225944, 28.5170987371231, 28.4719810411039, 28.4725344944157)),35.0013346466987
"1887",2017,2016.71800263637,"2000-2500m",list(c(94.4996190763691, 94.5002569927492, 94.5513377176797, 94.5506781001741, 94.4996190763691, 28.4719810411039, 28.5170987371231, 28.516525054577, 28.4714084299001, 28.4719810411039)),36.0161972265023
"1888",2018,1740.51602634125,"1000-2000m",list(c(94.5506781001741, 94.5513377176797, 94.6024169234072, 94.6017356075172, 94.5506781001741, 28.4714084299001, 28.516525054577, 28.5159321803745, 28.4708166628679, 28.4714084299001)),34.4685660433579
"1889",2019,1064.07072188758,"1000-2000m",list(c(94.6017356075172, 94.6024169234072, 94.6534945599854, 94.6527915485419, 94.6017356075172, 28.4708166628679, 28.5159321803745, 28.5153201166534, 28.4702057421401, 28.4708166628679)),36.3527776159805
"1890",2020,870.984244554642,"0-1000m",list(c(94.6527915485419, 94.6534945599854, 94.7045705774773, 94.7038458734013, 94.6527915485419, 28.4702057421401, 28.5153201166534, 28.5146888656207, 28.4695756699183, 28.4702057421401)),35.5121282319992
"1891",2021,1706.24278268469,"1000-2000m",list(c(94.7038458734013, 94.7045705774773, 94.7556449259554, 94.7548985322578, 94.7038458734013, 28.4695756699183, 28.5146888656207, 28.5140384295523, 28.4689264484731, 28.4695756699183)),37.1484556669774
"1892",2022,1548.10842358229,"1000-2000m",list(c(94.7548985322578, 94.7556449259554, 94.8067175555024, 94.8059494752838, 94.7548985322578, 28.4689264484731, 28.5140384295523, 28.5133688107933, 28.4682580801436, 28.4689264484731)),34.4467258287878
"1893",2023,1173.32662733036,"1000-2000m",list(c(94.8059494752838, 94.8067175555024, 94.8577884162108, 94.8569986526618, 94.8059494752838, 28.4682580801436, 28.5133688107933, 28.5126800117577, 28.4675705673381, 28.4682580801436)),34.6425611763077
"1894",2024,1307.87285041041,"1000-2000m",list(c(94.8569986526618, 94.8577884162108, 94.9088574581837, 94.9080460145846, 94.8569986526618, 28.4675705673381, 28.5126800117577, 28.5119720349285, 28.4668639125336, 28.4675705673381)),35.0637290314778
"1895",2025,1219.6151181299,"1000-2000m",list(c(94.9080460145846, 94.9088574581837, 94.9599246315351, 94.9590915112559, 94.9080460145846, 28.4668639125336, 28.5119720349285, 28.5112448828575, 28.4661381182758, 28.4668639125336)),34.967761342464
"1896",2026,1777.49435063712,"1000-2000m",list(c(94.9590915112559, 94.9599246315351, 95.0109898863898, 95.0101350928904, 94.9590915112559, 28.4661381182758, 28.5112448828575, 28.5104985581656, 28.4653931871792, 28.4661381182758)),33.8298270404517
"1897",2027,1466.23775787273,"1000-2000m",list(c(95.0101350928904, 95.0109898863898, 95.0620531728842, 95.061176709714, 95.0101350928904, 28.4653931871792, 28.5104985581656, 28.5097330635426, 28.464629121927, 28.4653931871792)),33.6343300876721
"1898",2028,629.524260875024,"0-1000m",list(c(95.061176709714, 95.0620531728842, 95.1131144411662, 95.1122163119642, 95.061176709714, 28.464629121927, 28.5097330635426, 28.508948401747, 28.4638459252712, 28.464629121927)),26.3007007775751
"1899",2029,1295.59642333261,"1000-2000m",list(c(95.1122163119642, 95.1131144411662, 95.1641736413956, 95.1632538498906, 95.1122163119642, 28.4638459252712, 28.508948401747, 28.5081445756063, 28.4630436000324, 28.4638459252712)),35.7732601271509
"1900",2030,1027.98907649574,"1000-2000m",list(c(95.1632538498906, 95.1641736413956, 95.2152307237446, 95.2142892737547, 95.1632538498906, 28.4630436000324, 28.5081445756063, 28.5073215880168, 28.4622221490999, 28.4630436000324)),27.8852209958648
"1901",2031,1181.82995417739,"1000-2000m",list(c(95.2142892737547, 95.2152307237446, 95.2662856383977, 95.2653225338307, 95.2142892737547, 28.4622221490999, 28.5073215880168, 28.5064794419437, 28.4613815754316, 28.4622221490999)),25.5791370461185
"1902",2032,1787.52145688337,"1000-2000m",list(c(95.2653225338307, 95.2662856383977, 95.3173383355523, 95.3163535804055, 95.2653225338307, 28.4613815754316, 28.5064794419437, 28.5056181404206, 28.460521882054, 28.4613815754316)),33.8046901189291
"1903",2033,2428.80180151905,"2000-2500m",list(c(95.367382363779, 95.3683887654191, 95.4194368782218, 95.4184088342645, 95.367382363779, 28.4596430720622, 28.5047376865502, 28.5038380835039, 28.4587451486198, 28.4596430720622)),37.4301699385913
"1904",2034,2173.24390624512,"2000-2500m",list(c(95.4184088342645, 95.4194368782218, 95.4704826241981, 95.4694329421889, 95.4184088342645, 28.4587451486198, 28.5038380835039, 28.5029193345214, 28.4578281149588, 28.4587451486198)),38.9752594227489
"1905",2035,1917.06447988515,"1000-2000m",list(c(95.4694329421889, 95.4704826241981, 95.5215259535997, 95.5204546378932, 95.4694329421889, 28.4578281149588, 28.5029193345214, 28.5019814429115, 28.45689197438, 28.4578281149588)),37.0500856442132
"1906",2036,2280.88588286988,"2000-2500m",list(c(95.5204546378932, 95.5215259535997, 95.5725668166924, 95.5714738717325, 95.5204546378932, 28.45689197438, 28.5019814429115, 28.5010244120514, 28.4559367302524, 28.45689197438)),29.6763185046188
"1907",2037,2477.83789519678,"2000-2500m",list(c(95.5714738717325, 95.5725668166924, 95.6236051637566, 95.6224905940763, 95.5714738717325, 28.4559367302524, 28.5010244120514, 28.5000482453868, 28.4549623860134, 28.4559367302524)),29.3666024033863
"1908",2038,2105.81639149839,"2000-2500m",list(c(95.6224905940763, 95.6236051637566, 95.6746409450877, 95.6735047553091, 95.6224905940763, 28.4549623860134, 28.5000482453868, 28.4990529464321, 28.453968945169, 28.4549623860134)),31.9050771361416
"1909",2039,1802.62008034649,"1000-2000m",list(c(95.6735047553091, 95.6746409450877, 95.725674110996, 95.7245163058304, 95.6735047553091, 28.453968945169, 28.4990529464321, 28.4980385187701, 28.4529564112932, 28.453968945169)),32.4522938769598
"1910",2040,1813.77238538123,"1000-2000m",list(c(95.7245163058304, 95.725674110996, 95.7767046118075, 95.7755251960551, 95.7245163058304, 28.4529564112932, 28.4980385187701, 28.4970049660523, 28.4519247880287, 28.4529564112932)),32.6825620520558
"1911",2041,1183.98860834556,"1000-2000m",list(c(95.7755251960551, 95.7767046118075, 95.8277323978638, 95.8265313764138, 95.7755251960551, 28.4519247880287, 28.4970049660523, 28.4959522919984, 28.4508740790861, 28.4519247880287)),31.2894080109744
"1912",2042,995.411650241667,"0-1000m",list(c(95.8265313764138, 95.8277323978638, 95.8787574195225, 95.8775347973531, 95.8265313764138, 28.4508740790861, 28.4959522919984, 28.4948805003966, 28.4498042882447, 28.4508740790861)),31.4314358763094
"1913",2043,2119.40042445617,"2000-2500m",list(c(95.8775347973531, 95.8787574195225, 95.9297796271575, 95.9285354093356, 95.8775347973531, 28.4498042882447, 28.4948805003966, 28.4937895951035, 28.4487154193516, 28.4498042882447)),33.8034651145211
"1914",2044,2410.2144560919,"2000-2500m",list(c(94.1426535778509, 94.143140636501, 94.1942523644406, 94.193743537989, 94.1426535778509, 28.5205769834944, 28.5657008678058, 28.5652607598144, 28.5201376965992, 28.5205769834944)),36.5897482367511
"1915",2045,2059.48652316627,"2000-2500m",list(c(94.193743537989, 94.1942523644406, 94.2453629209188, 94.2448323287831, 94.193743537989, 28.5201376965992, 28.5652607598144, 28.5648014112472, 28.5196792050175, 28.5201376965992)),36.5112023729417
"1916",2046,2000.48063523947,"2000-2500m",list(c(94.2448323287831, 94.2453629209188, 94.2964722558423, 94.2959199002304, 94.2448323287831, 28.5196792050175, 28.5648014112472, 28.5643228237622, 28.5192015104035, 28.5196792050175)),33.71463801144
"1917",2047,1761.32298662984,"1000-2000m",list(c(94.2959199002304, 94.2964722558423, 94.3475803191247, 94.3470062023351, 94.2959199002304, 28.5192015104035, 28.5643228237622, 28.5638249990866, 28.5187046144802, 28.5192015104035)),36.3863544133591
"1918",2048,1562.69776543366,"1000-2000m",list(c(94.3470062023351, 94.3475803191247, 94.3986870606875, 94.3980911851087, 94.3470062023351, 28.5187046144802, 28.5638249990866, 28.5633079390172, 28.5181885190398, 28.5187046144802)),29.6282603005716
"1919",2049,1824.9378883937,"1000-2000m",list(c(94.3980911851087, 94.3986870606875, 94.4497924304596, 94.4491747985708, 94.3980911851087, 28.5181885190398, 28.5633079390172, 28.5627716454198, 28.517653225944, 28.5181885190398)),32.1265550013829
"1920",2050,1753.97344799448,"1000-2000m",list(c(94.4491747985708, 94.4497924304596, 94.5008963783785, 94.5002569927492, 94.4491747985708, 28.517653225944, 28.5627716454198, 28.5622161202298, 28.5170987371231, 28.517653225944)),33.1807766291854
"1921",2051,1247.94975381896,"1000-2000m",list(c(94.5002569927492, 94.5008963783785, 94.5519988543899, 94.5513377176797, 94.5002569927492, 28.5170987371231, 28.5622161202298, 28.5616413654518, 28.516525054577, 28.5170987371231)),34.4095569683818
"1922",2052,1020.25450379763,"1000-2000m",list(c(94.5513377176797, 94.5519988543899, 94.6030998084481, 94.6024169234072, 94.5513377176797, 28.516525054577, 28.5616413654518, 28.5610473831594, 28.5159321803745, 28.516525054577)),35.5489909767102
"1923",2053,827.035873454271,"0-1000m",list(c(94.6024169234072, 94.6030998084481, 94.6541991905167, 94.6534945599854, 94.6024169234072, 28.5159321803745, 28.5610473831594, 28.5604341754958, 28.5153201166534, 28.5159321803745)),34.8697640415757
"1924",2054,1212.92554601692,"1000-2000m",list(c(94.6534945599854, 94.6541991905167, 94.7052969505685, 94.7045705774773, 94.6534945599854, 28.5153201166534, 28.5604341754958, 28.5598017446734, 28.5146888656207, 28.5153201166534)),37.6259757240166
"1925",2055,1933.29847467202,"1000-2000m",list(c(94.7045705774773, 94.7052969505685, 94.7563930385859, 94.7556449259554, 94.7045705774773, 28.5146888656207, 28.5598017446734, 28.5591500929735, 28.5140384295523, 28.5146888656207)),36.4101218842424
"1926",2056,2028.22610005649,"2000-2500m",list(c(94.7556449259554, 94.7563930385859, 94.8074874045612, 94.8067175555024, 94.7556449259554, 28.5140384295523, 28.5591500929735, 28.5584792227469, 28.5133688107933, 28.5140384295523)),34.3629098051065
"1927",2057,1731.82379118798,"1000-2000m",list(c(94.8067175555024, 94.8074874045612, 94.858579998497, 94.8577884162108, 94.8067175555024, 28.5133688107933, 28.5584792227469, 28.5577891364134, 28.5126800117577, 28.5133688107933)),35.1139338011868
"1928",2058,1819.75428410018,"1000-2000m",list(c(94.8577884162108, 94.858579998497, 94.9096707704062, 94.9088574581837, 94.8577884162108, 28.5126800117577, 28.5577891364134, 28.5570798364621, 28.5119720349285, 28.5126800117577)),32.7529979651118
"1929",2059,1567.29081664679,"1000-2000m",list(c(94.9088574581837, 94.9096707704062, 94.9607596703128, 94.9599246315351, 94.9088574581837, 28.5119720349285, 28.5570798364621, 28.5563513254509, 28.5112448828575, 28.5119720349285)),34.4452646912785
"1930",2060,1785.57445398308,"1000-2000m",list(c(94.9599246315351, 94.9607596703128, 95.0118466482516, 95.0109898863898, 94.9599246315351, 28.5112448828575, 28.5563513254509, 28.5556036060072, 28.5104985581656, 28.5112448828575)),31.5391348596783
"1931",2061,1059.93886133953,"1000-2000m",list(c(95.0109898863898, 95.0118466482516, 95.0629316542689, 95.0620531728842, 95.0109898863898, 28.5104985581656, 28.5556036060072, 28.5548366808272, 28.5097330635426, 28.5104985581656)),32.7512909257516
"1932",2062,668.124542355763,"0-1000m",list(c(95.0620531728842, 95.0629316542689, 95.1140146384228, 95.1131144411662, 95.0620531728842, 28.5097330635426, 28.5548366808272, 28.5540505526761, 28.508948401747, 28.5097330635426)),30.3093849299984
"1933",2063,1318.55621116063,"1000-2000m",list(c(95.1131144411662, 95.1140146384228, 95.1650955507833, 95.1641736413956, 95.1131144411662, 28.508948401747, 28.5540505526761, 28.5532452243884, 28.5081445756063, 28.508948401747)),34.8625846544382
"1934",2064,959.359487791099,"0-1000m",list(c(95.1641736413956, 95.1650955507833, 95.2161743414325, 95.2152307237446, 95.1641736413956, 28.5081445756063, 28.5532452243884, 28.5524206988672, 28.5073215880168, 28.5081445756063)),23.663749285508
"1935",2065,1499.55075116778,"1000-2000m",list(c(95.2152307237446, 95.2161743414325, 95.2672509604653, 95.2662856383977, 95.2152307237446, 28.5073215880168, 28.5524206988672, 28.5515769790849, 28.5064794419437, 28.5073215880168)),31.2590179445351
"1936",2066,2377.71207080535,"2000-2500m",list(c(95.2662856383977, 95.2672509604653, 95.3183253579893, 95.3173383355523, 95.2662856383977, 28.5064794419437, 28.5515769790849, 28.5507140680826, 28.5056181404206, 28.5064794419437)),33.6192805264211
"1937",2067,2485.75450379763,"2000-2500m",list(c(95.3173383355523, 95.3183253579893, 95.3693974841254, 95.3683887654191, 95.3173383355523, 28.5056181404206, 28.5507140680826, 28.5498319689704, 28.5047376865502, 28.5056181404206)),36.5617437298551
"1938",2068,1925.46117632289,"1000-2000m",list(c(95.5725668166924, 95.5736622776833, 95.6247222991727, 95.6236051637566, 95.5725668166924, 28.5010244120514, 28.5461117560348, 28.5451337654342, 28.5000482453868, 28.5010244120514)),30.730330368373
"1939",2069,1461.29113050028,"1000-2000m",list(c(95.6236051637566, 95.6247222991727, 95.6757797502916, 95.6746409450877, 95.6236051637566, 28.5000482453868, 28.5451337654342, 28.5441366068294, 28.4990529464321, 28.5000482453868)),31.4478099439725
"1940",2070,1192.77073601818,"1000-2000m",list(c(95.6746409450877, 95.6757797502916, 95.7268345812611, 95.725674110996, 95.6746409450877, 28.4990529464321, 28.5441366068294, 28.5431202838121, 28.4980385187701, 28.4990529464321)),31.0835455056757
"1941",2071,1034.8986253217,"1000-2000m",list(c(95.725674110996, 95.7268345812611, 95.7778867423178, 95.7767046118075, 95.725674110996, 28.4980385187701, 28.5431202838121, 28.5420848000425, 28.4970049660523, 28.4980385187701)),29.3935776426114
"1942",2072,911.640888833093,"0-1000m",list(c(95.7767046118075, 95.7778867423178, 95.8289361837141, 95.8277323978638, 95.7767046118075, 28.4970049660523, 28.5420848000425, 28.5410301592493, 28.4959522919984, 28.4970049660523)),27.2627149867641
"1943",2073,1246.55984092918,"1000-2000m",list(c(95.8277323978638, 95.8289361837141, 95.8799828557183, 95.8787574195225, 95.8277323978638, 28.4959522919984, 28.5410301592493, 28.5399563652299, 28.4948805003966, 28.4959522919984)),31.026533665529
"1944",2074,1769.32606239407,"1000-2000m",list(c(95.8787574195225, 95.8799828557183, 95.9310267086153, 95.9297796271575, 95.8787574195225, 28.4948805003966, 28.5399563652299, 28.5388634218503, 28.4937895951035, 28.4948805003966)),34.67692043099
"1945",2075,2458.12755531975,"2000-2500m",list(c(94.0409138666463, 94.0413584048443, 94.092494147277, 94.0920277872005, 94.0409138666463, 28.5665233557766, 28.6116484680343, 28.6112460959609, 28.566121733633, 28.5665233557766)),35.811922878038
"1946",2076,2176.66267026552,"2000-2500m",list(c(94.0920277872005, 94.092494147277, 94.1436288165131, 94.143140636501, 94.0920277872005, 28.566121733633, 28.6112460959609, 28.6108244442772, 28.5657008678058, 28.566121733633)),29.6193452875697
"1947",2077,2138.34580693486,"2000-2500m",list(c(94.143140636501, 94.1436288165131, 94.1947623623546, 94.1942523644406, 94.143140636501, 28.5657008678058, 28.6108244442772, 28.610383514506, 28.5652607598144, 28.5657008678058)),24.6255450084222
"1948",2078,2216.79216621681,"2000-2500m",list(c(94.3475803191247, 94.3481557576354, 94.3992843080581, 94.3986870606875, 94.3475803191247, 28.5638249990866, 28.6089450729397, 28.6084270474384, 28.5633079390172, 28.5638249990866)),35.524299725809
"1949",2079,2126.63905620923,"2000-2500m",list(c(94.3986870606875, 94.3992843080581, 94.4504114842031, 94.4497924304596, 94.3986870606875, 28.5633079390172, 28.6084270474384, 28.6078897525069, 28.5627716454198, 28.5633079390172)),37.2601902132969
"1950",2080,2165.95590358421,"2000-2500m",list(c(94.5008963783785, 94.5015372359169, 94.5526615130546, 94.5519988543899, 94.5008963783785, 28.5622161202298, 28.6073331900853, 28.606757362183, 28.5616413654518, 28.5622161202298)),32.1595755937551
"1951",2081,1656.82575450204,"1000-2000m",list(c(94.5519988543899, 94.5526615130546, 94.6037842654802, 94.6030998084481, 94.5519988543899, 28.5616413654518, 28.606757362183, 28.6061622708788, 28.5610473831594, 28.5616413654518)),34.3793803145871
"1952",2082,1113.35551324865,"1000-2000m",list(c(94.6030998084481, 94.6037842654802, 94.6549054430665, 94.6541991905167, 94.6030998084481, 28.5610473831594, 28.6061622708788, 28.605547918321, 28.5604341754958, 28.5610473831594)),32.5931913159319
"1953",2083,1058.45307890277,"1000-2000m",list(c(94.6541991905167, 94.6549054430665, 94.7060249956959, 94.7052969505685, 94.6541991905167, 28.5604341754958, 28.605547918321, 28.6049143067273, 28.5598017446734, 28.5604341754958)),36.1574234581398
"1954",2084,2127.83674042633,"2000-2500m",list(c(94.7052969505685, 94.7060249956959, 94.7571428732602, 94.7563930385859, 94.7052969505685, 28.5598017446734, 28.6049143067273, 28.6042614383846, 28.5591500929735, 28.5598017446734)),35.7455456350981
"1955",2085,1945.31472176274,"1000-2000m",list(c(94.7563930385859, 94.7571428732602, 94.8082590256614, 94.8074874045612, 94.7563930385859, 28.5591500929735, 28.6042614383846, 28.6035893156495, 28.5584792227469, 28.5591500929735)),37.6849495889941
"1956",2086,1957.46648044693,"1000-2000m",list(c(94.8074874045612, 94.8082590256614, 94.8593734028115, 94.858579998497, 94.8074874045612, 28.5584792227469, 28.6035893156495, 28.6028979409474, 28.5577891364134, 28.5584792227469)),37.3250378336807
"1957",2087,1882.62885053525,"1000-2000m",list(c(94.858579998497, 94.8593734028115, 94.9104859546333, 94.9096707704062, 94.858579998497, 28.5577891364134, 28.6028979409474, 28.6021873167736, 28.5570798364621, 28.5577891364134)),35.915235147756
"1958",2088,2111.5774476452,"2000-2500m",list(c(94.9096707704062, 94.9104859546333, 94.9615966310601, 94.9607596703128, 94.9096707704062, 28.5570798364621, 28.6021873167736, 28.6014574456923, 28.5563513254509, 28.5570798364621)),33.7231098008847
"1959",2089,1856.00517858264,"1000-2000m",list(c(94.9607596703128, 94.9615966310601, 95.0127053820367, 95.0118466482516, 94.9607596703128, 28.5563513254509, 28.6014574456923, 28.6007083303371, 28.5556036060072, 28.5563513254509)),30.5740578556853
"1960",2090,859.349770606411,"0-1000m",list(c(95.0118466482516, 95.0127053820367, 95.0638121575191, 95.0629316542689, 95.0118466482516, 28.5556036060072, 28.6007083303371, 28.5999399734107, 28.5548366808272, 28.5556036060072)),29.3912436517679
"1961",2091,852.606113866047,"0-1000m",list(c(95.0629316542689, 95.0638121575191, 95.114916907475, 95.1140146384228, 95.0629316542689, 28.5548366808272, 28.5999399734107, 28.5991523776851, 28.5540505526761, 28.5548366808272)),35.963099538115
"1962",2092,1218.02259604881,"1000-2000m",list(c(95.1140146384228, 95.114916907475, 95.1660195818843, 95.1650955507833, 95.1140146384228, 28.5540505526761, 28.5991523776851, 28.5983455460016, 28.5532452243884, 28.5540505526761)),31.7655517197445
"1963",2093,1520.97440779002,"1000-2000m",list(c(95.1650955507833, 95.1660195818843, 95.217120130739, 95.2161743414325, 95.1650955507833, 28.5532452243884, 28.5983455460016, 28.5975194812704, 28.5524206988672, 28.5532452243884)),32.6760288728638
"1964",2094,1437.42024982738,"1000-2000m",list(c(95.2161743414325, 95.217120130739, 95.2682185040439, 95.2672509604653, 95.2161743414325, 28.5524206988672, 28.5975194812704, 28.5966741864711, 28.5515769790849, 28.5524206988672)),34.5209189444369
"1965",2095,1773.87709497207,"1000-2000m",list(c(95.2672509604653, 95.2682185040439, 95.3193146518165, 95.3183253579893, 95.2672509604653, 28.5515769790849, 28.5966741864711, 28.5958096646521, 28.5507140680826, 28.5515769790849)),36.638602866286
"1966",2096,2263.78068724447,"2000-2500m",list(c(95.4715347227845, 95.4725892423169, 95.5236759884051, 95.5225997356175, 95.4715347227845, 28.5480102192012, 28.5931007685988, 28.5921593705678, 28.5470705751085, 28.5480102192012)),38.4192866426468
"1967",2097,1701.95433431674,"1000-2000m",list(c(95.5225997356175, 95.5236759884051, 95.574760259253, 95.5736622776833, 95.5225997356175, 28.5470705751085, 28.5921593705678, 28.5911987617954, 28.5461117560348, 28.5470705751085)),33.1929213870525
"1968",2098,1728.14787303767,"1000-2000m",list(c(95.5736622776833, 95.574760259253, 95.6258420049617, 95.6247222991727, 95.5736622776833, 28.5461117560348, 28.5911987617954, 28.5902189457441, 28.5451337654342, 28.5461117560348)),32.9865208514545
"1969",2099,1614.49021566118,"1000-2000m",list(c(95.6247222991727, 95.6258420049617, 95.6769211756475, 95.6757797502916, 95.6247222991727, 28.5451337654342, 28.5902189457441, 28.5892199259452, 28.5441366068294, 28.5451337654342)),31.8546758117907
"1970",2100,1928.26297784194,"1000-2000m",list(c(95.6757797502916, 95.6769211756475, 95.7279977214417, 95.7268345812611, 95.6757797502916, 28.5441366068294, 28.5892199259452, 28.588201705999, 28.5431202838121, 28.5441366068294)),30.1913524041535
"1971",2101,1944.87643956181,"1000-2000m",list(c(95.7268345812611, 95.7279977214417, 95.7790715924913, 95.7778867423178, 95.7268345812611, 28.5431202838121, 28.588201705999, 28.5871642895747, 28.5420848000425, 28.5431202838121)),29.9614120569985
"1972",2102,1478.11962797666,"1000-2000m",list(c(95.7778867423178, 95.7790715924913, 95.8301427389592, 95.8289361837141, 95.7778867423178, 28.5420848000425, 28.5871642895747, 28.5861076804099, 28.5410301592493, 28.5420848000425)),28.7259647638331
"1973",2103,1238.83271608813,"1000-2000m",list(c(95.8289361837141, 95.8301427389592, 95.8812111110242, 95.8799828557183, 95.8289361837141, 28.5410301592493, 28.5861076804099, 28.5850318823112, 28.5399563652299, 28.5410301592493)),30.4937028100431
"1974",2104,2421.53472113854,"2000-2500m",list(c(95.8799828557183, 95.8812111110242, 95.9322766588817, 95.9310267086153, 95.8799828557183, 28.5399563652299, 28.5850318823112, 28.583936899154, 28.5388634218503, 28.5399563652299)),34.6326598930578
"1975",2105,2336.23541712181,"2000-2500m",list(c(93.9902216394192, 93.9906453266697, 94.0418039660357, 94.0413584048443, 93.9902216394192, 28.6120315590442, 28.6571570790149, 28.6567732734099, 28.6116484680343, 28.6120315590442)),36.4253504658816
"1976",2106,2108.16625573484,"2000-2500m",list(c(94.0413584048443, 94.0418039660357, 94.0929615805511, 94.092494147277, 94.0413584048443, 28.6116484680343, 28.6567732734099, 28.656370150781, 28.6112460959609, 28.6116484680343)),25.3739209159412
"1977",2107,2287.59528592053,"2000-2500m",list(c(94.092494147277, 94.0929615805511, 94.1441181199207, 94.1436288165131, 94.092494147277, 28.6112460959609, 28.656370150781, 28.6559477125852, 28.6108244442772, 28.6112460959609)),24.8945864201829
"1978",2108,2468.47957304703,"2000-2500m",list(c(94.1436288165131, 94.1441181199207, 94.1952735338556, 94.1947623623546, 94.1436288165131, 28.6108244442772, 28.6559477125852, 28.6555059603488, 28.610383514506, 28.6108244442772)),35.0251049817226
"1979",2109,1770.40992404745,"1000-2000m",list(c(94.3481557576354, 94.3487325202637, 94.399882929708, 94.3992843080581, 94.3481557576354, 28.6089450729397, 28.6540648357083, 28.6535458439699, 28.6084270474384, 28.6089450729397)),29.180462881648
"1980",2110,1854.35270434755,"1000-2000m",list(c(94.5526615130546, 94.553325696433, 94.6044702973531, 94.6037842654802, 94.5526615130546, 28.606757362183, 28.6518730444301, 28.6512768431896, 28.6061622708788, 28.606757362183)),36.8233695652174
"1981",2111,1168.41097344028,"1000-2000m",list(c(94.6037842654802, 94.6044702973531, 94.6556133205749, 94.6549054430665, 94.6037842654802, 28.6061622708788, 28.6512768431896, 28.6506613447832, 28.605547918321, 28.6061622708788)),33.7751277735649
"1982",2112,1141.10507814952,"1000-2000m",list(c(94.6549054430665, 94.6556133205749, 94.7067547158899, 94.7060249956959, 94.6549054430665, 28.605547918321, 28.6506613447832, 28.650026551434, 28.6049143067273, 28.605547918321)),37.4290069069802
"1983",2113,1939.51568303112,"1000-2000m",list(c(94.7060249956959, 94.7067547158899, 94.7578944330994, 94.7571428732602, 94.7060249956959, 28.6049143067273, 28.650026551434, 28.6493724654346, 28.6042614383846, 28.6049143067273)),37.3938561257963
"1984",2114,1664.36013233045,"1000-2000m",list(c(94.7571428732602, 94.7578944330994, 94.8090324220144, 94.8082590256614, 94.7571428732602, 28.6042614383846, 28.6493724654346, 28.648699089147, 28.6035893156495, 28.6042614383846)),38.0684730195178
"1985",2115,1573.90198355408,"1000-2000m",list(c(94.8082590256614, 94.8090324220144, 94.8601686324562, 94.8593734028115, 94.8082590256614, 28.6035893156495, 28.648699089147, 28.6480064250028, 28.6028979409474, 28.6035893156495)),39.0646662714518
"1986",2116,1256.38341499953,"1000-2000m",list(c(94.8593734028115, 94.8601686324562, 94.9113030142571, 94.9104859546333, 94.8593734028115, 28.6028979409474, 28.6480064250028, 28.6472944755031, 28.6021873167736, 28.6028979409474)),36.3837210352771
"1987",2117,1524.24677756624,"1000-2000m",list(c(94.9104859546333, 94.9113030142571, 94.9624355172596, 94.9615966310601, 94.9104859546333, 28.6021873167736, 28.6472944755031, 28.6465632432185, 28.6014574456923, 28.6021873167736)),33.7918667530497
"1988",2118,984.202435503107,"0-1000m",list(c(94.9615966310601, 94.9624355172596, 95.013566091318, 95.0127053820367, 94.9615966310601, 28.6014574456923, 28.6465632432185, 28.6458127307888, 28.6007083303371, 28.6014574456923)),30.831459900181
"1989",2119,567.198776567523,"0-1000m",list(c(95.0127053820367, 95.013566091318, 95.0646946862977, 95.0638121575191, 95.0127053820367, 28.6007083303371, 28.6458127307888, 28.6450429409233, 28.5999399734107, 28.6007083303371)),25.8606966653779
"1990",2120,1328.68263134769,"1000-2000m",list(c(95.0638121575191, 95.0646946862977, 95.1158212520759, 95.114916907475, 95.0638121575191, 28.5999399734107, 28.6450429409233, 28.6442538764009, 28.5991523776851, 28.5999399734107)),35.4498369713027
"1991",2121,1624.67941075497,"1000-2000m",list(c(95.114916907475, 95.1158212520759, 95.1669457385419, 95.1660195818843, 95.114916907475, 28.5991523776851, 28.6442538764009, 28.6434455400695, 28.5983455460016, 28.5991523776851)),35.1749865110609
"1992",2122,2292.82160357043,"2000-2500m",list(c(95.1660195818843, 95.1669457385419, 95.2180680955974, 95.217120130739, 95.1660195818843, 28.5983455460016, 28.6434455400695, 28.6426179348465, 28.5975194812704, 28.5983455460016)),32.139696941964
"1993",2123,1606.34056242546,"1000-2000m",list(c(95.217120130739, 95.2180680955974, 95.2691882731568, 95.2682185040439, 95.217120130739, 28.5975194812704, 28.6426179348465, 28.6417710637187, 28.5966741864711, 28.5975194812704)),36.9299745915044
"1994",2124,1955.12721200961,"1000-2000m",list(c(95.2682185040439, 95.2691882731568, 95.3203062211473, 95.3193146518165, 95.2682185040439, 28.5966741864711, 28.6417710637187, 28.6409049297419, 28.5958096646521, 28.5966741864711)),35.5564222171242
"1995",2125,2335.6884616585,"2000-2500m",list(c(95.4215000709018, 95.4225352281972, 95.4736461871785, 95.4725892423169, 95.4215000709018, 28.5940229524948, 28.6391148858113, 28.6381909823155, 28.5931007685988, 28.5940229524948)),39.8544223592918
"1996",2126,1963.68456040698,"1000-2000m",list(c(95.4725892423169, 95.4736461871785, 95.5247547164354, 95.5236759884051, 95.4725892423169, 28.5931007685988, 28.6381909823155, 28.6372478288865, 28.5921593705678, 28.5931007685988)),40.4458702309283
"1997",2127,2439.33968363568,"2000-2500m",list(c(95.5236759884051, 95.5247547164354, 95.5758607659643, 95.574760259253, 95.5236759884051, 28.5921593705678, 28.6372478288865, 28.6362854289261, 28.5911987617954, 28.5921593705678)),33.3723542412665
"1998",2128,2034.89940995543,"2000-2500m",list(c(95.6769211756475, 95.6780652258975, 95.7291635363695, 95.7279977214417, 95.6769211756475, 28.5892199259452, 28.6343029033641, 28.6332827849112, 28.588201705999, 28.5892199259452)),28.5744549717214
"1999",2129,1467.06900533691,"1000-2000m",list(c(95.7279977214417, 95.7291635363695, 95.7802591672493, 95.7790715924913, 95.7279977214417, 28.588201705999, 28.6332827849112, 28.6322434342247, 28.5871642895747, 28.588201705999)),28.1045645079057
"2000",2130,1460.21188477264,"1000-2000m",list(c(95.7790715924913, 95.7802591672493, 95.8313520686098, 95.8301427389592, 95.7790715924913, 28.5871642895747, 28.6322434342247, 28.6311848550514, 28.5861076804099, 28.5871642895747)),29.2444453191708
"2001",2131,1182.98546858327,"1000-2000m",list(c(95.8301427389592, 95.8313520686098, 95.8824421905403, 95.8812111110242, 95.8301427389592, 28.5861076804099, 28.6311848550514, 28.6301070512072, 28.5850318823112, 28.5861076804099)),29.9772780335646
"2002",2132,1426.85696451422,"1000-2000m",list(c(95.8812111110242, 95.8824421905403, 95.9335294831464, 95.9322766588817, 95.8812111110242, 28.5850318823112, 28.6301070512072, 28.6290100265765, 28.583936899154, 28.5850318823112)),32.9056687442276
"2003",2133,1937.24687715774,"1000-2000m",list(c(95.9322766588817, 95.9335294831464, 95.9846138965503, 95.9833393327438, 95.9322766588817, 28.583936899154, 28.6290100265765, 28.6278937851131, 28.5828227348821, 28.583936899154)),34.7256348490924
"2004",2134,2199.12402858837,"2000-2500m",list(c(95.9833393327438, 95.9846138965503, 96.0356953808916, 96.0343990828395, 95.9833393327438, 28.5828227348821, 28.6278937851131, 28.6267583308391, 28.5816893935081, 28.5828227348821)),34.371282457155
"2005",2135,2371.40038290126,"2000-2500m",list(c(94.2464277720733, 94.2469620355297, 94.2981369617625, 94.2975807842986, 94.2464277720733, 28.6550448956683, 28.7001661732063, 28.6996849026407, 28.6545645202095, 28.6550448956683)),34.4532858273951
"2006",2136,1955.76360554893,"1000-2000m",list(c(94.2975807842986, 94.2981369617625, 94.349310609414, 94.3487325202637, 94.2975807842986, 28.6545645202095, 28.6996849026407, 28.6991842870617, 28.6540648357083, 28.6545645202095)),27.6091555668163
"2007",2137,1877.83930701149,"1000-2000m",list(c(94.553325696433, 94.5539914072933, 94.6051579069257, 94.6044702973531, 94.553325696433, 28.6518730444301, 28.6969884118533, 28.6963910997493, 28.6512768431896, 28.6518730444301)),34.1131153425686
"2008",2138,1498.11113552194,"1000-2000m",list(c(94.6044702973531, 94.6051579069257, 94.6563228259916, 94.6556133205749, 94.6044702973531, 28.6512768431896, 28.6963910997493, 28.6957744545373, 28.6506613447832, 28.6512768431896)),34.0264389744544
"2009",2139,1171.8080419139,"1000-2000m",list(c(94.6556133205749, 94.6563228259916, 94.7074861141912, 94.7067547158899, 94.6556133205749, 28.6506613447832, 28.6957744545373, 28.6951384784457, 28.650026551434, 28.6506613447832)),36.6587731657093
"2010",2140,1927.42615027305,"1000-2000m",list(c(94.7067547158899, 94.7074861141912, 94.7586477212347, 94.7578944330994, 94.7067547158899, 28.650026551434, 28.6951384784457, 28.6944831737727, 28.6493724654346, 28.650026551434)),36.3107777957769
"2011",2141,1381.27854497521,"1000-2000m",list(c(94.7578944330994, 94.7586477212347, 94.8098075968421, 94.8090324220144, 94.7578944330994, 28.6493724654346, 28.6944831737727, 28.6938085428859, 28.648699089147, 28.6493724654346)),38.4153866109998
"2012",2142,1663.59471657619,"1000-2000m",list(c(94.8090324220144, 94.8098075968421, 94.8609656907439, 94.8601686324562, 94.8090324220144, 28.648699089147, 28.6938085428859, 28.693114588223, 28.6480064250028, 28.648699089147)),36.7539128131005
"2013",2143,1465.28278199736,"1000-2000m",list(c(94.8601686324562, 94.8609656907439, 94.9121219526809, 94.9113030142571, 94.8601686324562, 28.6480064250028, 28.693114588223, 28.6924013122911, 28.6472944755031, 28.6480064250028)),34.6959892478926
"2014",2144,1026.60495260812,"1000-2000m",list(c(94.9113030142571, 94.9121219526809, 94.9632763324053, 94.9624355172596, 94.9113030142571, 28.6472944755031, 28.6924013122911, 28.6916687176667, 28.6465632432185, 28.6472944755031)),35.5253976305206
"2015",2145,507.533960358541,"0-1000m",list(c(94.9624355172596, 94.9632763324053, 95.01442877968, 95.013566091318, 94.9624355172596, 28.6465632432185, 28.6916687176667, 28.6909168069964, 28.6458127307888, 28.6465632432185)),28.783429927131
"2016",2146,1046.29652878037,"1000-2000m",list(c(95.013566091318, 95.01442877968, 95.0655792442797, 95.0646946862977, 95.013566091318, 28.6458127307888, 28.6909168069964, 28.690145582996, 28.6450429409233, 28.6458127307888)),33.760892238844
"2017",2147,1806.70322560283,"1000-2000m",list(c(95.0646946862977, 95.0655792442797, 95.1167276759909, 95.1158212520759, 95.0646946862977, 28.6450429409233, 28.690145582996, 28.6893550484509, 28.6442538764009, 28.6450429409233)),32.4377788963866
"2018",2148,2098.83996610382,"2000-2500m",list(c(95.1158212520759, 95.1167276759909, 95.1678740246121, 95.1669457385419, 95.1158212520759, 28.6442538764009, 28.6893550484509, 28.6885452062161, 28.6434455400695, 28.6442538764009)),33.6164955847416
"2019",2149,2451.78905906723,"2000-2500m",list(c(95.1669457385419, 95.1678740246121, 95.2190182399542, 95.2180680955974, 95.1669457385419, 28.6434455400695, 28.6885452062161, 28.687716059216, 28.6426179348465, 28.6434455400695)),37.0993399057008
"2020",2150,2160.49251988385,"2000-2500m",list(c(95.2180680955974, 95.2190182399542, 95.2701602718409, 95.2691882731568, 95.2180680955974, 28.6426179348465, 28.687716059216, 28.6868676104446, 28.6417710637187, 28.6426179348465)),35.6542520950567
"2021",2151,2309.45697068608,"2000-2500m",list(c(95.2691882731568, 95.2701602718409, 95.3213000701088, 95.3203062211473, 95.2691882731568, 28.6417710637187, 28.6868676104446, 28.6859998629652, 28.6409049297419, 28.6417710637187)),36.4939101407434
"2022",2152,2354.57805536376,"2000-2500m",list(c(95.4225352281972, 95.4235727652015, 95.4747055617671, 95.4736461871785, 95.4225352281972, 28.6391148858113, 28.6842064844825, 28.6832808599528, 28.6381909823155, 28.6391148858113)),40.4470552178577
"2023",2153,2031.19430669763,"2000-2500m",list(c(95.6269642857762, 95.628089146284, 95.6792119057993, 95.6780652258975, 95.6269642857762, 28.6353037859054, 28.6803882855074, 28.6793855386711, 28.6343029033641, 28.6353037859054)),28.8224674416704
"2024",2154,1638.07353869461,"1000-2000m",list(c(95.6780652258975, 95.6792119057993, 95.7303320308921, 95.7291635363695, 95.6780652258975, 28.6343029033641, 28.6793855386711, 28.6783635201293, 28.6332827849112, 28.6343029033641)),30.393979404832
"2025",2156,2157.31404180529,"2000-2500m",list(c(95.7802591672493, 95.7814494715291, 95.8325641776933, 95.8313520686098, 95.7802591672493, 28.6322434342247, 28.6773222335689, 28.6762616827458, 28.6311848550514, 28.6322434342247)),29.7442423804187
"2026",2157,1408.65446282035,"1000-2000m",list(c(95.8313520686098, 95.8325641776933, 95.8836760993837, 95.8824421905403, 95.8313520686098, 28.6311848550514, 28.6762616827458, 28.6751818714851, 28.6301070512072, 28.6311848550514)),29.2943400944792
"2027",2158,1857.19505994602,"1000-2000m",list(c(95.8824421905403, 95.8836760993837, 95.9347851866159, 95.9335294831464, 95.8824421905403, 28.6301070512072, 28.6751818714851, 28.6740828036807, 28.6290100265765, 28.6301070512072)),32.3430745188602
"2028",2159,1559.72853806338,"1000-2000m",list(c(95.9335294831464, 95.9347851866159, 95.9858913894224, 95.9846138965503, 95.9335294831464, 28.6290100265765, 28.6740828036807, 28.6729644832957, 28.6278937851131, 28.6290100265765)),29.3928606175587
"2029",2160,1468.84162952734,"1000-2000m",list(c(95.9846138965503, 95.9858913894224, 96.0369946578525, 96.0356953808916, 95.9846138965503, 28.6278937851131, 28.6729644832957, 28.6718269143621, 28.6267583308391, 28.6278937851131)),28.5571824514059
"2030",2161,1966.22748101186,"1000-2000m",list(c(96.0356953808916, 96.0369946578525, 96.0880949419735, 96.0867738863272, 96.0356953808916, 28.6267583308391, 28.6718269143621, 28.6706701009809, 28.6256036678455, 28.6267583308391)),33.1180839954597
"2031",2162,2173.97184698902,"2000-2500m",list(c(96.0867738863272, 96.0880949419735, 96.1391921918699, 96.1378493630314, 96.0867738863272, 28.6256036678455, 28.6706701009809, 28.6694940473219, 28.6244298002921, 28.6256036678455)),32.0354986243072
"2032",2163,2238.7029376687,"2000-2500m",list(c(96.1378493630314, 96.1391921918699, 96.1902863576443, 96.1889217611966, 96.1378493630314, 28.6244298002921, 28.6694940473219, 28.6682987576237, 28.6232367324075, 28.6244298002921)),33.1827183943332
"2033",2164,2301.57701964723,"2000-2500m",list(c(96.1889217611966, 96.1902863576443, 96.2413773894178, 96.2399910310336, 96.1889217611966, 28.6232367324075, 28.6682987576237, 28.6670842361939, 28.6220244684886, 28.6232367324075)),33.1491214246316
"2034",2165,2335.86161480603,"2000-2500m",list(c(94.2469620355297, 94.2474975272094, 94.298694417809, 94.2981369617625, 94.2469620355297, 28.7001661732063, 28.7452871405281, 28.7448049741064, 28.6996849026407, 28.7001661732063)),31.8267485887685
"2035",2166,2027.2338566212,"2000-2500m",list(c(94.2981369617625, 94.298694417809, 94.3498900274986, 94.349310609414, 94.2981369617625, 28.6996849026407, 28.7448049741064, 28.7443034266702, 28.6991842870617, 28.6996849026407)),21.5721814179412
"2036",2167,2286.86869947879,"2000-2500m",list(c(94.5539914072933, 94.5546586484126, 94.6058470970665, 94.6051579069257, 94.5539914072933, 28.6969884118533, 28.7421034641131, 28.7415050402161, 28.6963910997493, 28.6969884118533)),34.0757351323605
"2037",2168,1431.14531381667,"1000-2000m",list(c(94.6051579069257, 94.6058470970665, 94.6570339622762, 94.6563228259916, 94.6051579069257, 28.6963910997493, 28.7415050402161, 28.7408872472388, 28.6957744545373, 28.6963910997493)),37.472130305273
"2038",2169,1693.15774276568,"1000-2000m",list(c(94.6563228259916, 94.6570339622762, 94.7082191936504, 94.7074861141912, 94.6563228259916, 28.6957744545373, 28.7408872472388, 28.7402500874152, 28.6951384784457, 28.6957744545373)),35.2922280711756
"2039",2170,1585.01288973503,"1000-2000m",list(c(94.7074861141912, 94.7082191936504, 94.7594027408079, 94.7586477212347, 94.7074861141912, 28.6951384784457, 28.7402500874152, 28.7395935630489, 28.6944831737727, 28.6951384784457)),37.4572316981132
"2040",2171,1121.38091819856,"1000-2000m",list(c(94.7586477212347, 94.7594027408079, 94.8105845533774, 94.8098075968421, 94.7586477212347, 28.6944831737727, 28.7395935630489, 28.7389176765135, 28.6938085428859, 28.6944831737727)),38.1373622901439
"2041",2172,1363.63269725692,"1000-2000m",list(c(94.8098075968421, 94.8105845533774, 94.861764580998, 94.8609656907439, 94.8098075968421, 28.6938085428859, 28.7389176765135, 28.7382224302523, 28.693114588223, 28.6938085428859)),34.9061072449192
"2042",2173,1317.89532161918,"1000-2000m",list(c(94.8609656907439, 94.861764580998, 94.9129427733194, 94.9121219526809, 94.8609656907439, 28.693114588223, 28.7382224302523, 28.7375078267785, 28.6924013122911, 28.693114588223)),33.7293699381417
"2043",2174,1033.74476452046,"1000-2000m",list(c(94.9121219526809, 94.9129427733194, 94.9641190800024, 94.9632763324053, 94.9121219526809, 28.6924013122911, 28.7375078267785, 28.7367738686751, 28.6916687176667, 28.6924013122911)),33.3112129816157
"2044",2175,934.823582951478,"0-1000m",list(c(94.9632763324053, 94.9641190800024, 95.0152934507189, 95.01442877968, 94.9632763324053, 28.6916687176667, 28.7367738686751, 28.7360205585948, 28.6909168069964, 28.6916687176667)),35.9935755909772
"2045",2176,1464.21097968228,"1000-2000m",list(c(95.01442877968, 95.0152934507189, 95.0664658351523, 95.0655792442797, 95.01442877968, 28.6909168069964, 28.7360205585948, 28.7352478992602, 28.690145582996, 28.6909168069964)),35.7486787464081
"2046",2177,2277.7950222836,"2000-2500m",list(c(95.0655792442797, 95.0664658351523, 95.117636182998, 95.1167276759909, 95.0655792442797, 28.690145582996, 28.7352478992602, 28.7344558934633, 28.6893550484509, 28.690145582996)),35.5088951549253
"2047",2178,2414.21809556506,"2000-2500m",list(c(95.5769638023949, 95.5780693731378, 95.6292165911681, 95.628089146284, 95.5769638023949, 28.6813717570206, 28.7264577456728, 28.7254724441401, 28.6803882855074, 28.6813717570206)),27.9442145315082
"2048",2179,1946.92946537249,"1000-2000m",list(c(95.628089146284, 95.6292165911681, 95.6803612201263, 95.6792119057993, 95.628089146284, 28.6803882855074, 28.7254724441401, 28.7244678314519, 28.6793855386711, 28.6803882855074)),28.7065171147955
"2049",2180,1867.474360975,"1000-2000m",list(c(95.7814494715291, 95.7826425102846, 95.8337790712534, 95.8325641776933, 95.7814494715291, 28.6773222335689, 28.7224006871841, 28.7213381630654, 28.6762616827458, 28.6773222335689)),29.3397822001638
"2050",2181,1507.31200175758,"1000-2000m",list(c(95.8325641776933, 95.8337790712534, 95.8849128426882, 95.8836760993837, 95.8325641776933, 28.6762616827458, 28.7213381630654, 28.7202563427126, 28.6751818714851, 28.6762616827458)),28.2032548071897
"2051",2183,2327.43325738897,"2000-2500m",list(c(95.9858913894224, 95.9871718166736, 96.0382969191257, 96.0369946578525, 95.9858913894224, 28.6729644832957, 28.7180348289881, 28.7168951436307, 28.6718269143621, 28.6729644832957)),31.3248789687262
"2052",2184,2127.73078243501,"2000-2500m",list(c(96.0369946578525, 96.0382969191257, 96.0894190318474, 96.0880949419735, 96.0369946578525, 28.6718269143621, 28.7168951436307, 28.7157361780681, 28.6706701009809, 28.6718269143621)),28.7885830883374
"2053",2185,2306.68307074258,"2000-2500m",list(c(96.0880949419735, 96.0894190318474, 96.1405381048333, 96.1391921918699, 96.0880949419735, 28.6706701009809, 28.7157361780681, 28.71455793648, 28.6694940473219, 28.6706701009809)),28.9029834553838
"2054",2186,2112.94357229799,"2000-2500m",list(c(96.1391921918699, 96.1405381048333, 96.191654088096, 96.1902863576443, 96.1391921918699, 28.6694940473219, 28.71455793648, 28.7133604231155, 28.6682987576237, 28.6694940473219)),26.5879322452538
"2055",2187,2063.02425017946,"2000-2500m",list(c(94.2474975272094, 94.2480342493494, 94.2992531547669, 94.298694417809, 94.2474975272094, 28.7452871405281, 28.7904077973089, 28.7899247342795, 28.7448049741064, 28.7452871405281)),24.8089460367697
"2056",2188,2105.28566524141,"2000-2500m",list(c(94.5546586484126, 94.5553274225772, 94.6065378706533, 94.6058470970665, 94.5546586484126, 28.7421034641131, 28.7872182008711, 28.7866186642487, 28.7415050402161, 28.7421034641131)),35.7500790676345
"2057",2189,1715.11376049437,"1000-2000m",list(c(94.6058470970665, 94.6065378706533, 94.6577467323978, 94.6570339622762, 94.6058470970665, 28.7415050402161, 28.7866186642487, 28.7859997225439, 28.7408872472388, 28.7415050402161)),38.7271888087627
"2058",2190,2207.09271232189,"2000-2500m",list(c(94.6570339622762, 94.6577467323978, 94.7089539573279, 94.7082191936504, 94.6570339622762, 28.7408872472388, 28.7859997225439, 28.7853613779959, 28.7402500874152, 28.7408872472388)),33.9928959436589
"2059",2191,1409.66889298087,"1000-2000m",list(c(94.7082191936504, 94.7089539573279, 94.7601594949707, 94.7594027408079, 94.7082191936504, 28.7402500874152, 28.7853613779959, 28.784703632914, 28.7395935630489, 28.7402500874152)),34.5259660601104
"2060",2192,963.42548609594,"0-1000m",list(c(94.7594027408079, 94.7601594949707, 94.8113632948633, 94.8105845533774, 94.7594027408079, 28.7395935630489, 28.784703632914, 28.7840264896773, 28.7389176765135, 28.7395935630489)),35.8193650707667
"2061",2193,1254.05831397903,"1000-2000m",list(c(94.8105845533774, 94.8113632948633, 94.8625653065531, 94.861764580998, 94.8105845533774, 28.7389176765135, 28.7840264896773, 28.7833299507353, 28.7382224302523, 28.7389176765135)),33.4503099874798
"2062",2194,647.554757966356,"0-1000m",list(c(94.861764580998, 94.8625653065531, 94.9137654795983, 94.9129427733194, 94.861764580998, 28.7382224302523, 28.7833299507353, 28.7826140186072, 28.7375078267785, 28.7382224302523)),30.8066197992891
"2063",2195,922.753909054025,"0-1000m",list(c(94.9129427733194, 94.9137654795983, 94.964963763568, 94.9641190800024, 94.9129427733194, 28.7375078267785, 28.7826140186072, 28.7818786958822, 28.7367738686751, 28.7375078267785)),34.9541531823085
"2064",2196,1537.04990270542,"1000-2000m",list(c(94.9641190800024, 94.964963763568, 95.0161601080428, 95.0152934507189, 94.9641190800024, 28.7367738686751, 28.7818786958822, 28.7811239852194, 28.7360205585948, 28.7367738686751)),35.4964464657365
"2065",2197,2444.05861240286,"2000-2500m",list(c(95.271134504146, 95.2721109741354, 95.3232946234994, 95.3222962028415, 95.271134504146, 28.7319638262664, 28.7770597108019, 28.7761887322678, 28.7310944639357, 28.7319638262664)),42.806138265675
"2066",2198,2120.06321009353,"2000-2500m",list(c(95.5269196161899, 95.5280057969337, 95.5791774828006, 95.5780693731378, 95.5269196161899, 28.727423732493, 28.7725111769777, 28.7715433944773, 28.7264577456728, 28.727423732493)),37.3920490462061
"2067",2199,2283.12537061889,"2000-2500m",list(c(95.5780693731378, 95.5791774828006, 95.630346625127, 95.6292165911681, 95.5780693731378, 28.7264577456728, 28.7715433944773, 28.7705562613936, 28.7254724441401, 28.7264577456728)),31.70872817203
"2068",2200,1577.78909045258,"1000-2000m",list(c(95.8337790712534, 95.8349967543503, 95.8861524256042, 95.8849128426882, 95.8337790712534, 28.7213381630654, 28.7664142955827, 28.7653304644578, 28.7202563427126, 28.7213381630654)),27.9943669897034
"2069",2201,2408.98433257389,"2000-2500m",list(c(95.8849128426882, 95.8861524256042, 95.9373052520819, 95.9360437745142, 95.8849128426882, 28.7202563427126, 28.7653304644578, 28.7642273051858, 28.7191552300293, 28.7202563427126)),34.1666857352755
"2070",2202,2260.27026259311,"2000-2500m",list(c(94.1968141112284, 94.1973299984608, 94.2485722041942, 94.2480342493494, 94.1968141112284, 28.7908714415444, 28.8359926487553, 28.8355281432243, 28.7904077973089, 28.7908714415444)),35.2940648022402
"2071",2203,2149.67010859331,"2000-2500m",list(c(94.2480342493494, 94.2485722041942, 94.2998131749723, 94.2992531547669, 94.2480342493494, 28.7904077973089, 28.8355281432243, 28.8350441828337, 28.7899247342795, 28.7904077973089)),26.0024641051993
"2072",2204,2166.34909924047,"2000-2500m",list(c(94.5553274225772, 94.5559977325827, 94.6072302305732, 94.6065378706533, 94.5553274225772, 28.7872182008711, 28.8323326217892, 28.8317319715068, 28.7866186642487, 28.7872182008711)),36.7266019478185
"2073",2205,1917.24985876593,"1000-2000m",list(c(94.6065378706533, 94.6072302305732, 94.6584611393354, 94.6577467323978, 94.6065378706533, 28.7866186642487, 28.8317319715068, 28.8311118801095, 28.7859997225439, 28.7866186642487)),33.8326651635626
"2074",2206,1765.69656609014,"1000-2000m",list(c(94.6577467323978, 94.6584611393354, 94.7096904082945, 94.7089539573279, 94.6577467323978, 28.7859997225439, 28.8311118801095, 28.830472349842, 28.7853613779959, 28.7859997225439)),36.6947070380979
"2075",2207,1254.35531353964,"1000-2000m",list(c(94.7089539573279, 94.7096904082945, 94.7609179868856, 94.7601594949707, 94.7089539573279, 28.7853613779959, 28.830472349842, 28.8298133830191, 28.784703632914, 28.7853613779959)),36.1944983089064
"2076",2208,791.669951666562,"0-1000m",list(c(94.7601594949707, 94.7609179868856, 94.8121438245537, 94.8113632948633, 94.7601594949707, 28.784703632914, 28.8298133830191, 28.8291349820259, 28.7840264896773, 28.784703632914)),31.9147884301247
"2077",2209,753.290619871228,"0-1000m",list(c(94.8113632948633, 94.8121438245537, 94.8633678707546, 94.8625653065531, 94.8113632948633, 28.7840264896773, 28.8291349820259, 28.8284371493175, 28.7833299507353, 28.7840264896773)),32.0207982119443
"2078",2210,767.598047831272,"0-1000m",list(c(94.8625653065531, 94.8633678707546, 94.9145900749544, 94.9137654795983, 94.8625653065531, 28.7833299507353, 28.8284371493175, 28.8277198874194, 28.7826140186072, 28.7833299507353)),32.2861307056263
"2079",2211,928.536563931957,"0-1000m",list(c(94.9137654795983, 94.9145900749544, 94.9658103866306, 94.964963763568, 94.9137654795983, 28.7826140186072, 28.8277198874194, 28.8269831989271, 28.7818786958822, 28.7826140186072)),35.0409942714082
"2080",2212,2017.70641333165,"2000-2500m",list(c(94.964963763568, 94.9658103866306, 95.0170287552717, 95.0161601080428, 94.964963763568, 28.7818786958822, 28.8269831989271, 28.826227086506, 28.7811239852194, 28.7818786958822)),34.1829461396399
"2081",2213,2271.01120439338,"2000-2500m",list(c(95.0673544626147, 95.0682451303781, 95.1194594614619, 95.1185467768875, 95.0673544626147, 28.780349889348, 28.8254515528919, 28.8246566008906, 28.7795564110668, 28.780349889348)),38.3693064010155
"2082",2214,2324.26109472098,"2000-2500m",list(c(95.1185467768875, 95.1194594614619, 95.1706716980477, 95.1697370004774, 95.1185467768875, 28.7795564110668, 28.8246566008906, 28.8238422333776, 28.7787435532447, 28.7795564110668)),37.3624071964759
"2083",2215,1936.38453329986,"1000-2000m",list(c(95.1697370004774, 95.1706716980477, 95.2218817896723, 95.2209250830129, 95.1697370004774, 28.7787435532447, 28.8238422333776, 28.8230084532988, 28.7779113188203, 28.7787435532447)),39.4629681669159
"2084",2216,2143.42469385179,"2000-2500m",list(c(95.2209250830129, 95.2218817896723, 95.2730896858855, 95.2721109741354, 95.2209250830129, 28.7779113188203, 28.8230084532988, 28.8221552636698, 28.7770597108019, 28.7779113188203)),42.5788541266039
"2085",2217,2317.41378444542,"2000-2500m",list(c(95.4768316177872, 95.4778983080863, 95.5290944709595, 95.5280057969337, 95.4768316177872, 28.7734596053987, 28.8185484724131, 28.8175982827152, 28.7725111769777, 28.7734596053987)),38.915438654802
"2086",2218,2441.20896982704,"2000-2500m",list(c(95.5280057969337, 95.5290944709595, 95.5802881360063, 95.5791774828006, 95.5280057969337, 28.7725111769777, 28.8175982827152, 28.8166287030289, 28.7715433944773, 28.7725111769777)),37.6986792691675
"2087",2219,2268.01089071621,"2000-2500m",list(c(95.7838382884855, 95.785036811118, 95.8362172320608, 95.8349967543503, 95.7838382884855, 28.7674787946475, 28.8125565555366, 28.8114900798708, 28.7664142955827, 28.7674787946475)),32.4866172580951
"2088",2220,1510.7339351092,"1000-2000m",list(c(95.8349967543503, 95.8362172320608, 95.8873948532993, 95.8861524256042, 95.8349967543503, 28.7664142955827, 28.8114900798708, 28.8104042362891, 28.7653304644578, 28.7664142955827)),25.5047255849885
"2089",2221,1587.28438265018,"1000-2000m",list(c(95.8861524256042, 95.8873948532993, 95.938569624577, 95.9373052520819, 95.8861524256042, 28.7653304644578, 28.8104042362891, 28.8092990287138, 28.7642273051858, 28.7653304644578)),23.6414311079765
"2090",2222,2426.02269160756,"2000-2500m",list(c(94.1973299984608, 94.1978470700072, 94.2491113939955, 94.2485722041942, 94.1973299984608, 28.8359926487553, 28.8811135455025, 28.8806481779506, 28.8355281432243, 28.8359926487553)),35.5114008878782
"2091",2223,2216.41624793234,"2000-2500m",list(c(94.5559977325827, 94.5566695812338, 94.607924179723, 94.6072302305732, 94.5559977325827, 28.8323326217892, 28.8774467265301, 28.8768449616503, 28.8317319715068, 28.8323326217892)),33.9152750569175
"2092",2224,1302.12224961768,"1000-2000m",list(c(94.6072302305732, 94.607924179723, 94.6591771860777, 94.6584611393354, 94.6072302305732, 28.8317319715068, 28.8768449616503, 28.8762237195929, 28.8311118801095, 28.8317319715068)),36.7450093889497
"2093",2225,1163.23416609127,"1000-2000m",list(c(94.6584611393354, 94.6591771860777, 94.7104285496308, 94.7096904082945, 94.6584611393354, 28.8311118801095, 28.8762237195929, 28.8755830026081, 28.830472349842, 28.8311118801095)),34.4743796559787
"2094",2226,860.063418744733,"0-1000m",list(c(94.7096904082945, 94.7104285496308, 94.761678219725, 94.7609179868856, 94.7096904082945, 28.830472349842, 28.8755830026081, 28.8749228130162, 28.8298133830191, 28.830472349842)),34.1952685959219
"2095",2227,739.900720951281,"0-1000m",list(c(94.7609179868856, 94.761678219725, 94.8129261457133, 94.8121438245537, 94.7609179868856, 28.8298133830191, 28.8749228130162, 28.8742431532081, 28.8291349820259, 28.8298133830191)),32.0509386519387
"2096",2228,1135.3041868056,"1000-2000m",list(c(94.8121438245537, 94.8129261457133, 94.8641722769589, 94.8633678707546, 94.8121438245537, 28.8291349820259, 28.8742431532081, 28.8735440256449, 28.8284371493175, 28.8291349820259)),34.8330330637424
"2097",2229,1316.68028463531,"1000-2000m",list(c(94.8633678707546, 94.8641722769589, 94.9154165628361, 94.9145900749544, 94.8633678707546, 28.8284371493175, 28.8735440256449, 28.8728254328582, 28.8277198874194, 28.8284371493175)),33.8118982586365
"2098",2230,1706.39237227303,"1000-2000m",list(c(94.9145900749544, 94.9154165628361, 94.9666589527301, 94.9658103866306, 94.9145900749544, 28.8277198874194, 28.8728254328582, 28.8720873774496, 28.8269831989271, 28.8277198874194)),35.2736526449361
"2099",2231,2219.59911493315,"2000-2500m",list(c(94.9658103866306, 94.9666589527301, 95.0178993960373, 95.0170287552717, 94.9658103866306, 28.8269831989271, 28.8720873774496, 28.8713298620912, 28.826227086506, 28.8269831989271)),37.0110122015458
"2100",2232,1944.62360725321,"1000-2000m",list(c(95.0170287552717, 95.0178993960373, 95.0691378421661, 95.0682451303781, 95.0170287552717, 28.826227086506, 28.8713298620912, 28.8705528895253, 28.8254515528919, 28.826227086506)),39.6065150242245
"2101",2233,1619.06120143117,"1000-2000m",list(c(95.0682451303781, 95.0691378421661, 95.1203742405366, 95.1194594614619, 95.0682451303781, 28.8254515528919, 28.8705528895253, 28.8697564625644, 28.8246566008906, 28.8254515528919)),41.2251150341343
"2102",2234,1723.76773508942,"1000-2000m",list(c(95.1194594614619, 95.1203742405366, 95.1716085405813, 95.1706716980477, 95.1194594614619, 28.8246566008906, 28.8697564625644, 28.8689405840912, 28.8238422333776, 28.8246566008906)),41.2864152294312
"2103",2235,2152.08885490465,"2000-2500m",list(c(95.1706716980477, 95.1716085405813, 95.2228406917452, 95.2218817896723, 95.1706716980477, 28.8238422333776, 28.8689405840912, 28.8681052570585, 28.8230084532988, 28.8238422333776)),40.2027813693358
"2104",2236,2449.34658718517,"2000-2500m",list(c(95.4778983080863, 95.4789674458474, 95.5301856428143, 95.5290944709595, 95.4778983080863, 28.8185484724131, 28.8636370017598, 28.8626850493053, 28.8175982827152, 28.8185484724131)),41.1942004308011
"2105",2237,2372.50366717643,"2000-2500m",list(c(95.785036811118, 95.7862380831847, 95.8374405094786, 95.8362172320608, 95.785036811118, 28.8125565555366, 28.8576339694297, 28.8565655155033, 28.8114900798708, 28.8125565555366)),34.7210279516463
"2106",2238,1766.53709748289,"1000-2000m",list(c(95.8362172320608, 95.8374405094786, 95.8886401309578, 95.8873948532993, 95.8362172320608, 28.8114900798708, 28.8565655155033, 28.8554776577754, 28.8104042362891, 28.8114900798708)),29.7426892453161
"2107",2239,2113.36337817172,"2000-2500m",list(c(95.8873948532993, 95.8886401309578, 95.939836897275, 95.938569624577, 95.8873948532993, 28.8104042362891, 28.8554776577754, 28.8543704001777, 28.8092990287138, 28.8104042362891)),28.3063020407671
"2108",2240,1800.52925114557,"1000-2000m",list(c(95.938569624577, 95.939836897275, 95.9910307580997, 95.9897414956549, 95.938569624577, 28.8092990287138, 28.8543704001777, 28.8532437467119, 28.808174461137, 28.8092990287138)),26.1096729356281
"2109",2241,1972.43995982675,"1000-2000m",list(c(94.5054134412866, 94.5060646773986, 94.5573429713443, 94.5566695812338, 94.5054134412866, 28.8780290120527, 28.9231438797189, 28.9225605147572, 28.8774467265301, 28.8780290120527)),37.0212402226182
"2110",2242,1507.14634374707,"1000-2000m",list(c(94.5566695812338, 94.5573429713443, 94.6086197210089, 94.607924179723, 94.5566695812338, 28.8774467265301, 28.9225605147572, 28.9219576343401, 28.8768449616503, 28.8774467265301)),39.7519546396854
"2111",2243,2013.69070877938,"2000-2500m",list(c(94.607924179723, 94.6086197210089, 94.6598948756233, 94.6591771860777, 94.607924179723, 28.8768449616503, 28.9219576343401, 28.9213352406524, 28.8762237195929, 28.8768449616503)),35.1993888647461
"2112",2244,2318.81611323834,"2000-2500m",list(c(94.6591771860777, 94.6598948756233, 94.7111683844277, 94.7104285496308, 94.6591771860777, 28.8762237195929, 28.9213352406524, 28.9206933359496, 28.8755830026081, 28.8762237195929)),32.405577065149
"2113",2245,1208.93598826504,"1000-2000m",list(c(94.7104285496308, 94.7111683844277, 94.7624401966722, 94.761678219725, 94.7104285496308, 28.8755830026081, 28.9206933359496, 28.9200319225578, 28.8749228130162, 28.8755830026081)),31.2950483688365
"2114",2246,840.724290752473,"0-1000m",list(c(94.761678219725, 94.7624401966722, 94.8137102616172, 94.8129261457133, 94.761678219725, 28.8749228130162, 28.9200319225578, 28.9193510028736, 28.8742431532081, 28.8749228130162)),33.2287783210544
"2115",2247,1418.83111543531,"1000-2000m",list(c(94.8129261457133, 94.8137102616172, 94.8649785285336, 94.8641722769589, 94.8129261457133, 28.8742431532081, 28.9193510028736, 28.9186505793641, 28.8735440256449, 28.8742431532081)),36.9221362480385
"2116",2248,1851.91080178521,"1000-2000m",list(c(94.8641722769589, 94.8649785285336, 94.916244946703, 94.9154165628361, 94.8641722769589, 28.8735440256449, 28.9186505793641, 28.9179306545669, 28.8728254328582, 28.8735440256449)),36.6472900395784
"2117",2249,1758.77038794045,"1000-2000m",list(c(94.9154165628361, 94.916244946703, 94.9675094654182, 94.9666589527301, 94.9154165628361, 28.8728254328582, 28.9179306545669, 28.9171912310901, 28.8720873774496, 28.8728254328582)),38.9675262855993
"2118",2250,1735.96965036721,"1000-2000m",list(c(94.9666589527301, 94.9675094654182, 95.0187720339834, 95.0178993960373, 94.9666589527301, 28.8720873774496, 28.9171912310901, 28.9164323116121, 28.8713298620912, 28.8720873774496)),38.1999472706501
"2119",2251,1260.69036546924,"1000-2000m",list(c(95.0178993960373, 95.0187720339834, 95.0700326017144, 95.0691378421661, 95.0178993960373, 28.8713298620912, 28.9164323116121, 28.9156538988819, 28.8705528895253, 28.8713298620912)),35.689289035625
"2120",2252,1605.63222647668,"1000-2000m",list(c(95.0691378421661, 95.0700326017144, 95.1212911179392, 95.1203742405366, 95.0691378421661, 28.8705528895253, 28.9156538988819, 28.9148559957187, 28.8697564625644, 28.8705528895253)),36.2558950936146
"2121",2253,2162.44592865391,"2000-2500m",list(c(95.1203742405366, 95.1212911179392, 95.1725475319979, 95.1716085405813, 95.1203742405366, 28.8697564625644, 28.9148559957187, 28.9140386050123, 28.8689405840912, 28.8697564625644)),40.1183816397123
"2122",2254,2178.5233294841,"2000-2500m",list(c(95.7350329024405, 95.7362148682097, 95.7874421097046, 95.7862380831847, 95.7350329024405, 28.8586830156924, 28.9037620261673, 28.9027110359051, 28.8576339694297, 28.8586830156924)),33.5083679807117
"2123",2255,1814.88158921382,"1000-2000m",list(c(95.7862380831847, 95.7874421097046, 95.8386665917137, 95.8374405094786, 95.7862380831847, 28.8576339694297, 28.9027110359051, 28.9016406020541, 28.8565655155033, 28.8576339694297)),30.306664133349
"2124",2256,2047.90239156362,"2000-2500m",list(c(95.8374405094786, 95.8386665917137, 95.8898882637812, 95.8886401309578, 95.8374405094786, 28.8565655155033, 28.9016406020541, 28.900550728486, 28.8554776577754, 28.8565655155033)),30.5219806887071
"2125",2257,2043.919496579,"2000-2500m",list(c(95.939836897275, 95.9411070754682, 95.9923229763529, 95.9910307580997, 95.939836897275, 28.8543704001777, 28.899441419142, 28.8983126780332, 28.8532437467119, 28.8543704001777)),24.6435588395615
"2126",2258,2389.21169751256,"2000-2500m",list(c(95.9910307580997, 95.9923229763529, 96.0435359160308, 96.042221663119, 95.9910307580997, 28.8532437467119, 28.8983126780332, 28.8971645092407, 28.8520977014489, 28.8532437467119)),32.6557401717221
"2127",2259,2349.65011612579,"2000-2500m",list(c(94.4547848899504, 94.4554154120496, 94.5067174070144, 94.5060646773986, 94.4547848899504, 28.9237077271107, 28.9688233230565, 28.9682584314474, 28.9231438797189, 28.9237077271107)),35.136489521702
"2128",2260,1837.48819593486,"1000-2000m",list(c(94.5060646773986, 94.5067174070144, 94.5580179057373, 94.5573429713443, 94.5060646773986, 28.9231438797189, 28.9682584314474, 28.9676739861346, 28.9225605147572, 28.9231438797189)),39.6184860485504
"2129",2261,2117.81510890716,"2000-2500m",list(c(94.5573429713443, 94.5580179057373, 94.6093168573468, 94.6086197210089, 94.5573429713443, 28.9225605147572, 28.9676739861346, 28.9670699892376, 28.9219576343401, 28.9225605147572)),39.2304368889146
"2130",2262,2082.82473803813,"2000-2500m",list(c(94.6598948756233, 94.6606142109806, 94.7119099157861, 94.7111683844277, 94.6598948756233, 28.9213352406524, 28.9664464429466, 28.9658033495225, 28.9206933359496, 28.9213352406524)),31.0813917997762
"2131",2263,1531.18630343356,"1000-2000m",list(c(94.7111683844277, 94.7119099157861, 94.7632039209205, 94.7624401966722, 94.7111683844277, 28.9206933359496, 28.9658033495225, 28.965140711297, 28.9200319225578, 28.9206933359496)),31.9380893822639
"2132",2264,951.504770573096,"0-1000m",list(c(94.7624401966722, 94.7632039209205, 94.8144961755515, 94.8137102616172, 94.7624401966722, 28.9200319225578, 28.965140711297, 28.9644585306726, 28.9193510028736, 28.9200319225578)),33.0515133594295
"2133",2265,773.96165256912,"0-1000m",list(c(94.8137102616172, 94.8144961755515, 94.865786628857, 94.8649785285336, 94.8137102616172, 28.9193510028736, 28.9644585306726, 28.9637568101223, 28.9186505793641, 28.9193510028736)),31.5888291968772
"2134",2266,1123.48007030318,"1000-2000m",list(c(94.8649785285336, 94.865786628857, 94.917075230026, 94.916244946703, 94.8649785285336, 28.9186505793641, 28.9637568101223, 28.9630355521898, 28.9179306545669, 28.9186505793641)),33.5946727071513
"2135",2267,1115.05677609692,"1000-2000m",list(c(94.916244946703, 94.917075230026, 94.9683619282583, 94.9675094654182, 94.916244946703, 28.9179306545669, 28.9630355521898, 28.9622947594896, 28.9171912310901, 28.9179306545669)),35.4134452664152
"2136",2268,1059.90354753188,"1000-2000m",list(c(94.9675094654182, 94.9683619282583, 95.0196466727656, 95.0187720339834, 94.9675094654182, 28.9171912310901, 28.9622947594896, 28.9615344347064, 28.9164323116121, 28.9171912310901)),33.1847681137946
"2137",2269,1439.4377000816,"1000-2000m",list(c(95.0187720339834, 95.0196466727656, 95.0709294127711, 95.0700326017144, 95.0187720339834, 28.9164323116121, 28.9615344347064, 28.960754580596, 28.9156538988819, 28.9164323116121)),36.8361216867036
"2138",2270,2357.77461810377,"2000-2500m",list(c(95.0700326017144, 95.0709294127711, 95.1222100975099, 95.1212911179392, 95.0700326017144, 28.9156538988819, 28.960754580596, 28.9599551999845, 28.9148559957187, 28.9156538988819)),37.7554753882215
"2139",2271,2493.6680057749,"2000-2500m",list(c(95.1212911179392, 95.1222100975099, 95.1734886762298, 95.1725475319979, 95.1212911179392, 28.9148559957187, 28.9599551999845, 28.9591362957683, 28.9140386050123, 28.9148559957187)),39.1968036515346
"2140",2272,2424.63658904024,"2000-2500m",list(c(95.4287962976068, 95.4298482041146, 95.4811130816509, 95.4800390355406, 95.4287962976068, 28.90965944439, 28.9547490269354, 28.9538130458675, 28.9087251930431, 28.90965944439)),44.346291112561
"2141",2273,2438.46165256912,"2000-2500m",list(c(95.6849849177013, 95.6861474763036, 95.737399542995, 95.7362148682097, 95.6849849177013, 28.9047935690393, 28.9498741429881, 28.9488406904422, 28.9037620261673, 28.9047935690393)),35.7645040324035
"2142",2274,2339.65011612579,"2000-2500m",list(c(95.7362148682097, 95.737399542995, 95.788648895713, 95.7874421097046, 95.7362148682097, 28.9037620261673, 28.9488406904422, 28.9477877545417, 28.9027110359051, 28.9037620261673)),33.6991850373825
"2143",2275,1772.30472035654,"1000-2000m",list(c(95.7874421097046, 95.788648895713, 95.8398954838931, 95.8386665917137, 95.7874421097046, 28.9027110359051, 28.9477877545417, 28.9467153390976, 28.9016406020541, 28.9027110359051)),25.914755333253
"2144",2276,2196.44075874258,"2000-2500m",list(c(95.9411070754682, 95.9423801644667, 95.9936181558157, 95.9923229763529, 95.9411070754682, 28.899441419142, 28.9445120851715, 28.9433812546612, 28.8983126780332, 28.899441419142)),26.161001582787
"2145",2277,2295.66351766995,"2000-2500m",list(c(94.5067174070144, 94.5073716328736, 94.5586943872454, 94.5580179057373, 94.5067174070144, 28.9682584314474, 29.0133726669053, 29.0127871403268, 28.9676739861346, 28.9682584314474)),36.9721736992612
"2146",2278,1693.16875253581,"1000-2000m",list(c(94.7632039209205, 94.7639693956742, 94.8152838908131, 94.8144961755515, 94.7632039209205, 28.965140711297, 29.0102491788877, 29.0095657362561, 28.9644585306726, 28.965140711297)),35.2968251741712
"2147",2279,954.254346870881,"0-1000m",list(c(94.8144961755515, 94.8152838908131, 94.8665965813189, 94.865786628857, 94.8144961755515, 28.9644585306726, 29.0095657362561, 29.0088627175674, 28.9637568101223, 28.9644585306726)),35.0823427273941
"2148",2280,625.227957928904,"0-1000m",list(c(94.865786628857, 94.8665965813189, 94.9179074162874, 94.917075230026, 94.865786628857, 28.9637568101223, 29.0088627175674, 29.0081401253717, 28.9630355521898, 28.9637568101223)),24.7045131450509
"2149",2281,1141.1074248619,"1000-2000m",list(c(94.917075230026, 94.9179074162874, 94.9692163448255, 94.9683619282583, 94.917075230026, 28.9630355521898, 29.0081401253717, 29.0073979622895, 28.9622947594896, 28.9630355521898)),34.5178536479614
"2150",2282,1300.78416295273,"1000-2000m",list(c(94.9683619282583, 94.9692163448255, 95.0205233160518, 95.0196466727656, 94.9683619282583, 28.9622947594896, 29.0073979622895, 29.0066362310125, 28.9615344347064, 28.9622947594896)),35.8323953993134
"2151",2283,1653.77244780125,"1000-2000m",list(c(95.0196466727656, 95.0205233160518, 95.0718282790964, 95.0709294127711, 95.0196466727656, 28.9615344347064, 29.0066362310125, 29.0058549343027, 28.960754580596, 28.9615344347064)),38.5376904534771
"2152",2284,2012.40565563995,"2000-2500m",list(c(95.0709294127711, 95.0718282790964, 95.1231311831018, 95.1222100975099, 95.0709294127711, 28.960754580596, 29.0058549343027, 29.0050540749931, 28.9599551999845, 28.960754580596)),39.7956730119954
"2153",2285,2080.17802190943,"2000-2500m",list(c(95.737399542995, 95.7385869317566, 95.7898584462618, 95.788648895713, 95.737399542995, 28.9488406904422, 28.9939190081007, 28.9928641249191, 28.9477877545417, 28.9488406904422)),32.5365518070117
"2154",2286,1960.57928903592,"1000-2000m",list(c(95.788648895713, 95.7898584462618, 95.8411271911608, 95.8398954838931, 95.788648895713, 28.9477877545417, 28.9928641249191, 28.9917897262085, 28.9467153390976, 28.9477877545417)),27.267668262351
"2155",2287,2294.59446990145,"2000-2500m",list(c(95.9423801644667, 95.9436561695978, 95.9949163019073, 95.9936181558157, 95.9423801644667, 28.9445120851715, 28.9895823978316, 28.9884494761562, 28.9433812546612, 28.9445120851715)),26.0466046157656
"2156",2288,2426.83895633719,"2000-2500m",list(c(94.4560473795116, 94.4566807949915, 94.5080273577247, 94.5073716328736, 94.4560473795116, 29.0139386036159, 29.0590535684591, 29.0584865857607, 29.0133726669053, 29.0139386036159)),36.8010692662511
"2157",2289,1767.85540401361,"1000-2000m",list(c(94.7639693956742, 94.7647366241477, 94.8160734107096, 94.8152838908131, 94.7639693956742, 29.0102491788877, 29.0553573249843, 29.0546726192753, 29.0095657362561, 29.0102491788877)),34.0814463316189
"2158",2290,2073.45317305882,"2000-2500m",list(c(94.8152838908131, 94.8160734107096, 94.86740838932, 94.8665965813189, 94.8152838908131, 29.0095657362561, 29.0546726192753, 29.0539683013478, 29.0088627175674, 29.0095657362561)),33.7723503296312
"2159",2291,909.076027589651,"0-1000m",list(c(94.8665965813189, 94.86740838932, 94.918741508981, 94.9179074162874, 94.8665965813189, 29.0088627175674, 29.0539683013478, 29.0532443737577, 29.0081401253717, 29.0088627175674)),31.8467959805486
"2160",2292,1409.88767516619,"1000-2000m",list(c(94.9179074162874, 94.918741508981, 94.9700727187065, 94.9692163448255, 94.9179074162874, 29.0081401253717, 29.0532443737577, 29.0525008391322, 29.0073979622895, 29.0081401253717)),37.7172249309403
"2161",2293,2086.93104638755,"2000-2500m",list(c(94.9692163448255, 94.9700727187065, 95.0214019675215, 95.0205233160518, 94.9692163448255, 29.0073979622895, 29.0525008391322, 29.0517377001691, 29.0066362310125, 29.0073979622895)),35.4776582481275
"2162",2294,1790.11866046628,"1000-2000m",list(c(95.0205233160518, 95.0214019675215, 95.072729204463, 95.0718282790964, 95.0205233160518, 29.0066362310125, 29.0517377001691, 29.0509549596374, 29.0058549343027, 29.0066362310125)),39.863621093047
"2163",2295,1914.9539890779,"1000-2000m",list(c(95.0718282790964, 95.072729204463, 95.1240543785802, 95.1231311831018, 95.0718282790964, 29.0058549343027, 29.0509549596374, 29.0501526203767, 29.0050540749931, 29.0058549343027)),40.3473778466882
"2164",2296,2316.16029462251,"2000-2500m",list(c(95.1231311831018, 95.1240543785802, 95.1753774389347, 95.1744319772226, 95.1231311831018, 29.0050540749931, 29.0501526203767, 29.0493306852979, 29.0042336559874, 29.0050540749931)),40.180696611751
"2165",2297,2355.57984432867,"2000-2500m",list(c(95.6873126983016, 95.6884805885793, 95.7397770394707, 95.7385869317566, 95.6873126983016, 28.9949543719335, 29.0400342554643, 29.0389969787273, 28.9939190081007, 28.9949543719335)),36.5337176657809
"2166",2298,2178.2041134796,"2000-2500m",list(c(95.7898584462618, 95.7910707664197, 95.8423617186773, 95.8411271911608, 95.7898584462618, 28.9928641249191, 29.0379401466168, 29.036863762962, 28.9917897262085, 28.9928641249191)),34.69602847791
"2167",2299,2433.98766555772,"2000-2500m",list(c(95.9436561695978, 95.9449350962063, 95.9962174200644, 95.9949163019073, 95.9436561695978, 28.9895823978316, 29.0346523566881, 29.0335173420793, 28.9884494761562, 28.9895823978316)),28.8353538593762
"2168",2300,1936.51707363003,"1000-2000m",list(c(94.86740838932, 94.8682220562722, 94.9195775116123, 94.918741508981, 94.86740838932, 29.0539683013478, 29.0990735611125, 29.098348296994, 29.0532443737577, 29.0539683013478)),34.2686638295587
"2169",2301,1015.3665494947,"1000-2000m",list(c(94.918741508981, 94.9195775116123, 94.9709310534999, 94.9700727187065, 94.918741508981, 29.0532443737577, 29.098348296994, 29.0976033896602, 29.0525008391322, 29.0532443737577)),33.9855225833923
"2170",2302,1807.8030551698,"1000-2000m",list(c(94.9700727187065, 94.9709310534999, 95.0222826308667, 95.0214019675215, 94.9700727187065, 29.0525008391322, 29.0976033896602, 29.0968388418158, 29.0517377001691, 29.0525008391322)),35.8701416630862
"2171",2303,2085.33921285544,"2000-2500m",list(c(95.0214019675215, 95.0222826308667, 95.0736321926561, 95.072729204463, 95.0214019675215, 29.0517377001691, 29.0968388418158, 29.0960546562362, 29.0509549596374, 29.0517377001691)),39.7100211109645
"2172",2304,2402.70063754576,"2000-2500m",list(c(95.072729204463, 95.0736321926561, 95.1249796878236, 95.1240543785802, 95.072729204463, 29.0509549596374, 29.0960546562362, 29.0952508357681, 29.0501526203767, 29.0509549596374)),36.1611297736075
"2173",2305,2212.61074872819,"2000-2500m",list(c(94.8682220562722, 94.8690375855986, 94.9204154276978, 94.9195775116123, 94.8682220562722, 29.0990735611125, 29.1441784965113, 29.143451894727, 29.098348296994, 29.0990735611125)),38.8704846854061
"2174",2306,1259.07081551762,"1000-2000m",list(c(94.9195775116123, 94.9204154276978, 94.9717913528162, 94.9709310534999, 94.9195775116123, 29.098348296994, 29.143451894727, 29.1427056135171, 29.0976033896602, 29.098348296994)),33.0993151750973
"2175",2307,1051.580213129,"1000-2000m",list(c(94.9709310534999, 94.9717913528162, 95.0231653097915, 95.0222826308667, 94.9709310534999, 29.0976033896602, 29.1427056135171, 29.1419396555926, 29.0968388418158, 29.0976033896602)),33.9198395533649
"2176",2308,1422.59093037046,"1000-2000m",list(c(95.0222826308667, 95.0231653097915, 95.0745372474731, 95.0736321926561, 95.0222826308667, 29.0968388418158, 29.1419396555926, 29.1411540237358, 29.0960546562362, 29.0968388418158)),36.9290377270835
"2177",2311,2479.2901261691,"2000-2500m",list(c(95.8435990716203, 95.8448392551845, 95.8961719386191, 95.8949094513506, 95.8435990716203, 29.0819374489338, 29.1270107836998, 29.1259108053568, 29.0808394949712, 29.0819374489338)),34.6448476874994
