fid,mean_elev,elev_band,slope,_populationmean
2.000000000000000,1272.310812227073939,1000-2000m,21.298593031753438,29.8770395129796
3.000000000000000,1519.512156188605104,1000-2000m,24.052932100381753,16.3761787414551
6.000000000000000,1159.856091924091061,1000-2000m,19.987412637248138,82.5652152268014
7.000000000000000,1124.035673043912539,1000-2000m,23.268983267777251,30.5288730750355
8.000000000000000,1119.755633670202769,1000-2000m,22.651084928075303,16.3761787414551
9.000000000000000,1727.985122511244526,1000-2000m,28.661204620878252,8.40892855808684
12.000000000000000,1101.731488233344407,1000-2000m,20.145149992887795,36.4737256198844
13.000000000000000,939.586560793421654,"0-1000m",20.319855705242855,38.7757650417316
14.000000000000000,848.390765054917324,"0-1000m",21.662623061927945,51.0843753814697
15.000000000000000,1159.577553198167152,1000-2000m,27.247721497948039,62.9848541970377
16.000000000000000,1490.335306053432532,1000-2000m,25.263366721359269,51.1232432279589
19.000000000000000,873.959988764395575,"0-1000m",22.270655779184860,33.8535564619316
20.000000000000000,940.278986298804625,"0-1000m",19.713107070247030,43.8685741894169
21.000000000000000,670.114022974075738,"0-1000m",19.719950019609669,51.0843753814697
22.000000000000000,1350.800692862270125,1000-2000m,23.657784217306681,70.9988864498044
23.000000000000000,1720.944976748540967,1000-2000m,24.483221724794177,55.1069754602435
24.000000000000000,2228.634970182631605,2000-2500m,24.132748720740647,13.723856771326
31.000000000000000,795.630734229575978,"0-1000m",22.622549291685814,27.4221348582435
32.000000000000000,1099.192423576674400,1000-2000m,23.968614146077424,38.2459495536309
33.000000000000000,797.406032264138958,"0-1000m",20.996349215633177,102.308170889308
34.000000000000000,592.199659133947762,"0-1000m",18.124295825037155,100.839668273926
35.000000000000000,864.261220262381471,"0-1000m",22.651208944232835,81.2548857738482
36.000000000000000,1496.767183478752031,1000-2000m,27.712154087068701,55.3692520211327
37.000000000000000,1750.543081681605827,1000-2000m,23.487123429894861,16.2808055268214
38.000000000000000,1982.204792883696200,1000-2000m,28.339577781386446,22.1100545070615
39.000000000000000,1730.454561089708250,1000-2000m,25.898091041637819,29.2694454193115
42.000000000000000,375.576267848350540,"0-1000m",17.135111523274247,55.0772503634482
43.000000000000000,464.617146780687222,"0-1000m",19.683600003763647,51.5618798080757
44.000000000000000,446.740775602409656,"0-1000m",17.183238331869234,34.3372707366943
45.000000000000000,374.645006016847162,"0-1000m",15.340513320812992,70.0125627052297
51.000000000000000,327.856402164111785,"0-1000m",8.503479537693266,62.1966918657846
52.000000000000000,295.676948248697101,"0-1000m",8.846798608356764,69.4238285664933
58.000000000000000,730.183620581990795,"0-1000m",21.133223945093452,38.704458783551
59.000000000000000,698.614525139664806,"0-1000m",17.541874615757273,104.760508714196
60.000000000000000,623.077929822358897,"0-1000m",18.688252638838179,113.27848815918
61.000000000000000,744.494366592802976,"0-1000m",21.800245374258807,76.4282917812124
62.000000000000000,1204.542898161730363,1000-2000m,26.209898791741740,56.5944896737073
63.000000000000000,1720.657366141485227,1000-2000m,26.027337705585289,29.6956902218911
64.000000000000000,1401.495989513435916,1000-2000m,24.645429096944444,31.310799918637
65.000000000000000,1480.972940919446955,1000-2000m,26.678657564066103,36.3925323486328
66.000000000000000,1903.967787572096995,1000-2000m,27.164661871364647,11.7198813062146
67.000000000000000,1839.819966642840427,1000-2000m,27.160755742912929,2.57686884248827
70.000000000000000,782.975492125984260,"0-1000m",26.861596602958528,13.4861774682391
71.000000000000000,1069.607690146999175,1000-2000m,26.111484747130216,11.4773589922939
72.000000000000000,886.245778670516643,"0-1000m",22.543701006989785,0.447302132844925
73.000000000000000,719.422583564807496,"0-1000m",21.943608410173805,14.1421067082524
74.000000000000000,655.221611951541036,"0-1000m",20.893449715386584,16.2476529497053
75.000000000000000,470.835523235854055,"0-1000m",18.352519945869759,20.6503398512281
76.000000000000000,382.195954686213781,"0-1000m",14.794290124685601,0.944755971431732
77.000000000000000,482.367932056543566,"0-1000m",13.050821747323024,7.91956916903437
78.000000000000000,314.722144777456947,"0-1000m",13.885497890285791,21.0883086736546
79.000000000000000,281.568202502844144,"0-1000m",12.470833618587184,31.2450259530346
82.000000000000000,267.117298669333138,"0-1000m",8.917106975899426,1.54890084266663
83.000000000000000,228.014637495708627,"0-1000m",8.913655652928725,18.6800502083376
84.000000000000000,304.597609313067608,"0-1000m",11.562073108248317,18.6502006415802
85.000000000000000,374.261220262381528,"0-1000m",12.056222735166219,18.1193220665467
86.000000000000000,267.256140569894796,"0-1000m",10.628684494469775,19.6139972417969
87.000000000000000,262.926149587972589,"0-1000m",15.512672778858562,9.71827030181885
88.000000000000000,385.258734973598450,"0-1000m",22.525960588030902,28.2471470328725
89.000000000000000,536.174378957622935,"0-1000m",22.073226949293517,23.4914151593277
90.000000000000000,478.839859084046282,"0-1000m",17.513544977082930,33.1917633540966
91.000000000000000,382.182420554428688,"0-1000m",18.874066754015960,17.3946876525879
92.000000000000000,315.354645831040614,"0-1000m",19.741060771835318,67.1233981859419
93.000000000000000,219.045989000568937,"0-1000m",11.955008802764773,70.6737378972544
94.000000000000000,188.239230358097274,"0-1000m",9.853553556105709,84.4077280351889
95.000000000000000,161.570496196403866,"0-1000m",8.625772561850400,99.454354136017
99.000000000000000,477.424300115477081,"0-1000m",18.102065690550145,31.5521483410796
100.000000000000000,592.685559127368037,"0-1000m",19.743977111164043,57.8349311081398
101.000000000000000,509.183007971878737,"0-1000m",16.995227599266929,64.6211681365967
102.000000000000000,944.254798539371336,"0-1000m",25.232926971870086,40.9917101401238
103.000000000000000,1301.653381604818833,1000-2000m,27.584402084828589,70.2394963172041
104.000000000000000,1292.705511267340398,1000-2000m,25.305998908678635,114.931677830984
105.000000000000000,1549.134421522424418,1000-2000m,24.451585878836369,67.9146239532632
106.000000000000000,1220.229362379451231,1000-2000m,25.871436391515555,23.0828113555908
107.000000000000000,1340.646036030381083,1000-2000m,26.482414292157603,21.2623865811058
108.000000000000000,1414.202646609032172,1000-2000m,26.482889031531386,19.593816859764
111.000000000000000,1280.187496076831394,1000-2000m,28.013925692972929,16.2614299911115
112.000000000000000,1445.198637875839495,1000-2000m,32.011448005128642,7.543240874015
113.000000000000000,1646.369524049993743,1000-2000m,31.690686845176355,4.32669854164124
114.000000000000000,1616.058565061829086,1000-2000m,30.888502036080187,0.678592161605373
115.000000000000000,1191.949059462189098,1000-2000m,30.401166738589083,0.439192347036601
116.000000000000000,837.176197351076553,"0-1000m",25.860701814014213,1.53004597909866
117.000000000000000,856.802146757893411,"0-1000m",22.423307115592458,4.51047325134277
118.000000000000000,902.108572149981001,"0-1000m",19.453276047367495,5.89937459418605
119.000000000000000,699.449312660849955,"0-1000m",19.801169229991530,14.1246659037448
120.000000000000000,363.421881865545174,"0-1000m",19.338838446645561,20.2985193379022
121.000000000000000,250.422893177909430,"0-1000m",11.478833676197514,31.9604293395989
126.000000000000000,238.118658060642446,"0-1000m",8.616236803862742,1.31169763443139
127.000000000000000,393.503598030551700,"0-1000m",18.168978406082758,0.934026837348938
128.000000000000000,590.915385098236129,"0-1000m",20.800404594191082,3.96843215275217
129.000000000000000,303.236896616659351,"0-1000m",12.884262053374560,6.09129980794577
130.000000000000000,419.995423557631625,"0-1000m",12.213003442529914,4.58116630485411
131.000000000000000,474.659343418492199,"0-1000m",15.565821348595078,4.43321161197877
132.000000000000000,392.586654949469562,"0-1000m",15.551409941162982,5.86630415916443
133.000000000000000,382.700669107435942,"0-1000m",20.926295062310690,8.27610258813882
134.000000000000000,432.241321950913289,"0-1000m",19.849650332270528,10.3143548787037
135.000000000000000,516.067100113622018,"0-1000m",20.669824189784535,11.8073705175534
136.000000000000000,323.512585525076872,"0-1000m",17.736988752051971,15.0939912796021
137.000000000000000,312.662325026677479,"0-1000m",19.849759433946073,18.116613400029
138.000000000000000,467.635588940790285,"0-1000m",22.838380903156363,20.6023974544362
139.000000000000000,473.177013370158875,"0-1000m",23.976218564568327,112.03447061159
140.000000000000000,358.439771514656968,"0-1000m",22.182418172555455,171.929067009871
141.000000000000000,289.055927281908851,"0-1000m",20.134497855024740,220.509895324707
142.000000000000000,199.145796811086058,"0-1000m",10.132906296774223,206.254102729271
144.000000000000000,304.379658703071698,"0-1000m",15.717552259513806,64.8679717471247
145.000000000000000,404.679524198104332,"0-1000m",18.172484347677749,50.2201691647339
146.000000000000000,432.539137530600726,"0-1000m",18.138992956181287,37.5693165540567
147.000000000000000,363.345600302992068,"0-1000m",15.655978195143067,32.1829566955566
148.000000000000000,550.237838177138883,"0-1000m",18.070531470383827,22.9228406556415
149.000000000000000,668.766147762224591,"0-1000m",18.825328028193351,73.7858328748713
150.000000000000000,875.304349198333512,"0-1000m",18.796455637026654,144.906579913501
151.000000000000000,1071.966511832276638,1000-2000m,24.978196151452565,74.8580136299133
152.000000000000000,1653.125918021467669,1000-2000m,29.366534261548569,15.8658956655096
153.000000000000000,1140.683467996465197,1000-2000m,28.680309111112258,26.1312709296347
154.000000000000000,1166.627863913125339,1000-2000m,26.527279894217479,27.1061244554952
155.000000000000000,1714.449977309295036,1000-2000m,25.810216682030990,5.5134367933291
157.000000000000000,2114.976358590648942,2000-2500m,20.668758614418607,35.95809904093
158.000000000000000,1258.788052807340591,1000-2000m,25.985886029889272,44.0409815871764
159.000000000000000,1835.742361349520934,1000-2000m,25.109025593616337,20.53180966525
160.000000000000000,2221.485782436758655,2000-2500m,25.206861712017300,10.1457931995392
161.000000000000000,2384.930089572735142,2000-2500m,26.179447022522218,1.77533557685542
162.000000000000000,1797.400382901261764,1000-2000m,32.214441792787774,0.223284941839682
163.000000000000000,1419.139259074310985,1000-2000m,31.051119334669171,0.827795421343775
164.000000000000000,1600.284198370837430,1000-2000m,27.199158363360425,9.85904946923256
165.000000000000000,1434.048333437951214,1000-2000m,27.411639778449054,17.3262516538183
166.000000000000000,971.031865422427472,"0-1000m",28.409705998737707,21.3905385629082
167.000000000000000,576.749508442308297,"0-1000m",27.789383914845057,22.2074308474298
168.000000000000000,523.129789590254745,"0-1000m",21.507795372317830,9.8156208555214
169.000000000000000,302.939675682444260,"0-1000m",14.242045950213811,0.0358773171901703
170.000000000000000,282.335975781030527,"0-1000m",14.033240871091055,1.85693584381175
171.000000000000000,232.020369091707977,"0-1000m",10.890950094249167,1.02842834275528
172.000000000000000,411.667956680503096,"0-1000m",15.970930714151539,0.163239776556992
173.000000000000000,675.240566773821001,"0-1000m",23.120572594895457,0.150469170443323
174.000000000000000,744.188186554516392,"0-1000m",25.405383522731096,0.0117158619686961
175.000000000000000,702.824849411691275,"0-1000m",25.556204077917911,0.458139221103962
176.000000000000000,752.094410286819993,"0-1000m",27.446974372575252,0.704592439599926
177.000000000000000,1042.042024982737985,1000-2000m,25.719313757919931,0.662480590091157
178.000000000000000,862.355201148528408,"0-1000m",27.590272645611005,0.679179318234158
179.000000000000000,1071.580662276458270,1000-2000m,29.746204454195631,0.0883547980338335
180.000000000000000,722.883026803088342,"0-1000m",25.732478396985499,1.36984001386877
181.000000000000000,838.348740676009015,"0-1000m",25.753593480389448,3.71452507968734
182.000000000000000,571.639005712133553,"0-1000m",23.523053214196963,6.04856070380813
183.000000000000000,586.836209856121855,"0-1000m",23.763988597526840,11.6429471969604
184.000000000000000,521.998408289379199,"0-1000m",21.620408376403866,15.514162384287
185.000000000000000,337.610570585650635,"0-1000m",15.429186758333675,18.8184197936953
186.000000000000000,381.208233201210930,"0-1000m",14.538036426055998,270.484935445846
187.000000000000000,277.253206828750649,"0-1000m",12.631805730710298,414.109130579116
188.000000000000000,266.843136024103956,"0-1000m",14.969308013280193,402.081649780273
189.000000000000000,330.838051246839996,"0-1000m",21.828138125295297,322.158360759382
190.000000000000000,224.839734965693538,"0-1000m",14.210405336958011,155.84144291826
194.000000000000000,288.811651990917653,"0-1000m",14.155097837101220,147.0182762146
195.000000000000000,355.134421522424475,"0-1000m",15.592842539533825,45.0101877267795
196.000000000000000,341.679492812755029,"0-1000m",17.265107468000807,29.7798976898193
197.000000000000000,390.651977154271094,"0-1000m",15.694607821478781,20.8343110906528
198.000000000000000,486.454261727162020,"0-1000m",15.948677950624051,49.5646426917683
199.000000000000000,558.609126859581920,"0-1000m",16.355126085063212,88.0802632375968
200.000000000000000,707.633001466870610,"0-1000m",18.959184050741239,59.7281322479248
201.000000000000000,1230.242439374551395,1000-2000m,26.818072740401590,23.7986509465775
202.000000000000000,1245.951823488795753,1000-2000m,28.257532539922945,20.5174368764155
203.000000000000000,1030.271277425798189,1000-2000m,25.904509714178655,18.9834966421294
204.000000000000000,1390.427265066633481,1000-2000m,24.695396427860040,11.7181198374114
205.000000000000000,1725.198117504174888,1000-2000m,26.740239871000064,6.25345826148987
206.000000000000000,1391.712559484930580,1000-2000m,25.048237986374055,4.13501116180144
209.000000000000000,1585.324022346368793,1000-2000m,25.770630624692338,32.9362071569458
210.000000000000000,1602.352985237664143,1000-2000m,27.126783183237954,40.8831949908001
211.000000000000000,2222.457320308355065,2000-2500m,22.109030569361380,20.1253751058083
212.000000000000000,2299.076203628146231,2000-2500m,21.114200571194637,11.0481886863708
213.000000000000000,2431.986985424924114,2000-2500m,22.194874956070752,7.47589612994363
215.000000000000000,2255.497425173995907,2000-2500m,28.283579701510305,8.98941077351511
216.000000000000000,2416.914734246746320,2000-2500m,28.605036507464160,15.2287120819092
217.000000000000000,2106.587282656455955,2000-2500m,33.714419282518350,20.6890412930876
218.000000000000000,1297.136606223276431,1000-2000m,29.701568799173518,21.3064186504893
219.000000000000000,560.337442651602601,"0-1000m",27.157461632339071,20.1541199417552
220.000000000000000,857.557341033205716,"0-1000m",24.444098187797533,8.09981601788959
221.000000000000000,660.624231453450420,"0-1000m",25.053175659449533,2.29400992393494
222.000000000000000,458.211666302549872,"0-1000m",20.524650088705194,0.641399744914644
223.000000000000000,357.480195844579725,"0-1000m",15.534562744009550,0.0248365957144966
224.000000000000000,638.649355513248679,"0-1000m",27.307445743271821,2.32616106119191e-05
225.000000000000000,929.803689023438665,"0-1000m",26.886680969671517,0.00326776731994047
226.000000000000000,742.259086058627872,"0-1000m",24.714124285145282,0.00954603683203459
227.000000000000000,789.347492275521972,"0-1000m",25.808255820542161,0.0152151121853421
228.000000000000000,839.899971910989052,"0-1000m",26.802800552864102,0.0647039305710605
229.000000000000000,1257.119421254158624,1000-2000m,26.484566108069220,1.22406592209707
230.000000000000000,1315.498236634312207,1000-2000m,27.477914681324332,2.19119145436403
231.000000000000000,1459.879373302955628,1000-2000m,28.394687216478417,3.4885538816452
232.000000000000000,1107.347153348816846,1000-2000m,25.310410310698721,4.26200745714986
233.000000000000000,982.403233357261001,"0-1000m",25.041458060200672,3.41143848335464
234.000000000000000,813.519239219132601,"0-1000m",26.228014868686046,4.9976561161393
235.000000000000000,1076.697294091944741,1000-2000m,27.161462189502608,9.73782730102539
236.000000000000000,931.785868106488579,"0-1000m",25.702552002492627,12.6322356603599
237.000000000000000,688.662544724122768,"0-1000m",25.682478502620413,15.4516097750314
238.000000000000000,862.069411067070291,"0-1000m",26.564831693499013,240.776709357535
239.000000000000000,451.638619269061508,"0-1000m",18.863232753902839,369.348361538514
240.000000000000000,316.207865168539342,"0-1000m",14.746938498145621,327.272659301758
241.000000000000000,196.679317124933675,"0-1000m",11.026426624309687,290.348048977162
242.000000000000000,245.219000655410269,"0-1000m",13.287595032004708,152.978267895931
243.000000000000000,190.251072825949763,"0-1000m",10.584676837444363,180.846478336243
247.000000000000000,263.120562298656068,"0-1000m",11.928713499754211,44.8779290517171
248.000000000000000,338.045847507880524,"0-1000m",16.405388946552460,25.9565591812134
249.000000000000000,380.041166006054766,"0-1000m",14.883333422204377,35.6977834701538
250.000000000000000,468.392850417425166,"0-1000m",16.790864036387990,48.8802851136603
251.000000000000000,809.678193564495473,"0-1000m",19.644684100767112,37.0333127975464
252.000000000000000,895.609718797790379,"0-1000m",20.926778195832149,30.0388760990666
253.000000000000000,1005.409139413721618,1000-2000m,23.495481176379620,21.8367152806431
254.000000000000000,799.897599950063977,"0-1000m",21.341495177529119,19.5006654565092
255.000000000000000,1108.683343216503772,1000-2000m,24.589125883002435,20.1192580749648
256.000000000000000,1571.070742577364626,1000-2000m,26.113348441639094,13.3072962760925
257.000000000000000,1077.127555319746534,1000-2000m,23.652520007349871,4.27910501199344
258.000000000000000,1175.943945753955404,1000-2000m,22.845389706328142,1.38301788632268
260.000000000000000,2090.505689789555618,2000-2500m,26.210709783511646,7.59990456016249
261.000000000000000,1910.265433657366430,1000-2000m,27.283943983983480,3.83866956496499
262.000000000000000,2077.497834410897212,2000-2500m,29.708248220852667,2.83781221056379
263.000000000000000,2442.407966165887956,2000-2500m,23.212385619771609,14.6577711105347
264.000000000000000,2335.043186240662635,2000-2500m,25.628573213040955,31.6733908658595
265.000000000000000,2323.273962714205027,2000-2500m,26.926551469523364,45.5353324519524
266.000000000000000,2339.479800530235934,2000-2500m,28.372337219868012,27.8116893768311
267.000000000000000,2016.628146381269289,2000-2500m,30.494642819376459,16.826690507553
268.000000000000000,1028.767591488293192,1000-2000m,30.560918962998144,10.6258676987033
269.000000000000000,646.701710642595685,"0-1000m",27.446486649313488,13.0372679135832
270.000000000000000,629.820287489799625,"0-1000m",22.737876904759585,11.3265404701233
271.000000000000000,805.568451446864628,"0-1000m",24.699739704055258,2.9820906145528
272.000000000000000,786.096641838151754,"0-1000m",25.050489443495103,2.06374070494755e-13
273.000000000000000,1056.285104513213128,1000-2000m,28.100734518243261,5.52100718160432e-13
274.000000000000000,1117.811970372230235,1000-2000m,26.651957075913550,0.000299995135134099
275.000000000000000,925.306306021966975,"0-1000m",25.702551707706267,0.000866734713781625
276.000000000000000,1129.128397464063710,1000-2000m,28.232918003622672,0.000617576502269287
277.000000000000000,1310.708900885066896,1000-2000m,28.310689236875220,0.195352020356948
278.000000000000000,1268.935992930185648,1000-2000m,27.656018922852464,5.15426590289635
279.000000000000000,1346.594752369593834,1000-2000m,23.216229781579020,9.6489489247485
280.000000000000000,1485.306069926558393,1000-2000m,21.292068626959949,17.0893502235413
281.000000000000000,1468.425861633632167,1000-2000m,23.935044314678844,18.7128675145271
282.000000000000000,1389.838647919151299,1000-2000m,25.561167501779430,5.56034964293562
283.000000000000000,1585.182016159575824,1000-2000m,26.709951059132333,3.81072131864075
284.000000000000000,1536.961741259180144,1000-2000m,24.698632517389814,2.11734890937805
285.000000000000000,1354.412246563304279,1000-2000m,27.938233988094090,2.27284071033573
286.000000000000000,1525.693188991288935,1000-2000m,30.807299492319380,2.4214167504694
287.000000000000000,1174.212949595128975,1000-2000m,27.866399637329710,3.18443288277304
288.000000000000000,895.407538760906391,"0-1000m",28.457776280007476,8.22489223216703
289.000000000000000,715.579093548794390,"0-1000m",26.543641926207748,28.0367422103882
290.000000000000000,330.928410018203522,"0-1000m",19.311835496917251,66.0404300918611
291.000000000000000,172.762569832402221,"0-1000m",8.161974674563202,203.327538497867
292.000000000000000,190.470537818727223,"0-1000m",9.339224682422859,253.238419432952
296.000000000000000,282.391727405247821,"0-1000m",10.383787206676253,66.5219505972696
297.000000000000000,481.502524933720508,"0-1000m",15.677546961581168,65.0864582061768
298.000000000000000,772.969462055112672,"0-1000m",18.306420380259166,43.628719329834
299.000000000000000,815.147824995292240,"0-1000m",21.567918122191909,29.3235607147217
300.000000000000000,838.788631485923474,"0-1000m",21.281804225225653,74.5865211486816
301.000000000000000,558.845552696001505,"0-1000m",15.988647520276189,64.9380491940079
302.000000000000000,703.499121210219187,"0-1000m",20.138358941003300,37.9593444021298
303.000000000000000,970.921285191263564,"0-1000m",25.511099337548298,17.5835776329041
304.000000000000000,1335.547046638629126,1000-2000m,24.250178522428179,7.98309092462739
305.000000000000000,807.968911753566431,"0-1000m",24.301142585097178,4.39499148456578
306.000000000000000,1167.228575844216039,1000-2000m,23.036549115862378,4.63286258321809
310.000000000000000,2458.942133641440250,2000-2500m,29.320529000009287,2.46780599348939
311.000000000000000,2332.951478249952743,2000-2500m,26.829398905203373,14.6577711105347
312.000000000000000,2248.768328079647745,2000-2500m,28.692320116830036,28.5855426824243
313.000000000000000,2151.799322076454700,2000-2500m,28.966804407774774,38.1374782861809
314.000000000000000,1827.031896632439611,1000-2000m,25.946903590753600,57.2131668235544
315.000000000000000,2008.112668143940709,2000-2500m,25.300500022289601,36.7073640823364
316.000000000000000,1640.627706986378826,1000-2000m,25.401522592666556,29.5581265407432
317.000000000000000,1622.309884210854761,1000-2000m,28.460240689587543,17.0869982100403
318.000000000000000,1368.025654630005192,1000-2000m,26.354480574821487,9.9214284705528
319.000000000000000,1400.553009854999573,1000-2000m,29.534583318571620,12.6847985293183
320.000000000000000,977.303704628444848,"0-1000m",26.211027483221205,11.3265404701233
321.000000000000000,640.204893729908576,"0-1000m",25.535715858079165,4.01579867373897
322.000000000000000,794.385192392191357,"0-1000m",30.570937642618762,1.99506824042556
323.000000000000000,908.137324053556426,"0-1000m",33.355195727196786,5.30446228059093
324.000000000000000,712.894354108798098,"0-1000m",29.540954169303912,3.83192558592265
325.000000000000000,1086.243518925365606,1000-2000m,28.682665963085075,0.000866734713781625
326.000000000000000,1399.583876907712011,1000-2000m,27.654433275954418,3.32756305580255
327.000000000000000,1360.210886052245542,1000-2000m,28.282087470933593,5.28178234028896
328.000000000000000,1542.980038917833326,1000-2000m,25.279224130751448,9.8329625533021
329.000000000000000,1457.075247339346788,1000-2000m,18.182670733801594,12.810043460705
330.000000000000000,1735.900003121001191,1000-2000m,23.579486114667620,17.0893502235413
331.000000000000000,1673.855752934530074,1000-2000m,17.938343209665760,15.9623604315899
332.000000000000000,1549.233794201179535,1000-2000m,19.877580711424574,6.99347286910957
333.000000000000000,1463.783754943192207,1000-2000m,21.946256654072833,5.90690004801569
334.000000000000000,1465.584407477918830,1000-2000m,20.380796769024737,2.11734890937805
335.000000000000000,1661.624075403389497,1000-2000m,22.787135184874874,6.84606853226273
336.000000000000000,1452.468771577427560,1000-2000m,22.600089181830270,8.47385336805191
337.000000000000000,1530.215317873974072,1000-2000m,29.248520663357837,6.00810252585775
338.000000000000000,1032.433725539152874,1000-2000m,27.477268725540853,8.30743971746057
339.000000000000000,815.212102190697351,"0-1000m",26.770582869973047,28.0367422103882
340.000000000000000,834.058487562810114,"0-1000m",27.647430850129872,57.7515196304149
341.000000000000000,485.837052526450407,"0-1000m",24.058940917013324,187.099655982035
342.000000000000000,255.439112422321273,"0-1000m",14.945450140600707,231.110434077759
343.000000000000000,239.580649955414657,"0-1000m",10.840163019167660,322.050528160679
346.000000000000000,403.331774527650509,"0-1000m",16.516904804590865,73.7568273958659
347.000000000000000,601.617177990699361,"0-1000m",21.336419286356968,48.0256567001343
348.000000000000000,579.142411285540447,"0-1000m",19.415458357179439,28.7708110809326
349.000000000000000,693.342979097357329,"0-1000m",20.544556612221722,103.221256646336
350.000000000000000,938.909116444555366,"0-1000m",23.936514730217556,116.552703857422
351.000000000000000,550.835242345744518,"0-1000m",17.035009214161022,60.3579940795898
352.000000000000000,596.919088569455766,"0-1000m",19.121875376151490,34.6887044906616
353.000000000000000,860.961143534845974,"0-1000m",23.575057023149931,11.9823241804688
354.000000000000000,674.067509886384983,"0-1000m",22.234567837932502,8.07829706805649
355.000000000000000,1079.340313972722470,1000-2000m,23.540688942747476,10.0593809876446
359.000000000000000,1948.724674981851877,1000-2000m,22.753194721090910,0
360.000000000000000,2340.282319265078058,2000-2500m,26.410255156713674,0
361.000000000000000,2330.575324838365304,2000-2500m,29.759012460702564,9.11905336380005
362.000000000000000,2412.860803345713521,2000-2500m,26.454456975141060,8.69926092482656
363.000000000000000,2170.224185550185211,2000-2500m,28.191618442789714,35.2728581213827
364.000000000000000,2221.152273649386643,2000-2500m,29.029697041269749,121.966232299805
365.000000000000000,2060.702599794014077,2000-2500m,24.418593947476818,80.3120880126953
366.000000000000000,1865.272926997677587,1000-2000m,25.033019308802650,38.6579437255859
367.000000000000000,1984.639867669548494,1000-2000m,24.396445409453253,18.2395481420449
368.000000000000000,1728.434318529384200,1000-2000m,27.842428257012333,6.42538022077269
369.000000000000000,1489.223934467390563,1000-2000m,29.454175422992456,10.9938322257011
370.000000000000000,1180.265690833619374,1000-2000m,28.192301073933407,12.0331931114197
371.000000000000000,1393.261290221903209,1000-2000m,27.945960200322570,8.76201248957756
372.000000000000000,1324.493063837800491,1000-2000m,31.072346533116747,11.1827095650771
373.000000000000000,1255.924253300458759,1000-2000m,30.213195270250484,29.494530268706
374.000000000000000,725.694672450922212,"0-1000m",28.976169894010720,21.2157119479325
375.000000000000000,959.959450128679919,"0-1000m",26.115773384753567,5.28377151489258
376.000000000000000,879.993570737492632,"0-1000m",23.667226491727188,18.3050349995879
377.000000000000000,838.608876127461713,"0-1000m",16.130285861141299,28.1975602077824
378.000000000000000,1203.877502981608131,1000-2000m,19.357724746012732,30.9866736065435
379.000000000000000,1412.784463655940499,1000-2000m,15.892956744476892,27.1521466822546
380.000000000000000,1690.730720014980761,1000-2000m,21.653486126473137,10.4319216609001
381.000000000000000,1915.073881112296704,1000-2000m,22.769064713222225,3.2076334874612
382.000000000000000,1597.991604506725707,1000-2000m,22.460995146884429,13.9109160881128
383.000000000000000,1312.573630029502283,1000-2000m,19.994360248962614,16.0266146638681
384.000000000000000,1333.061202833868947,1000-2000m,21.459431380608379,19.3832244873047
385.000000000000000,1229.142629755625649,1000-2000m,19.888643740551341,29.9077447662472
386.000000000000000,1112.088632226476648,1000-2000m,22.365616641245698,39.7627929928948
387.000000000000000,975.907805624044158,"0-1000m",19.895707199452019,20.9250166513688
388.000000000000000,1111.483318248494015,1000-2000m,25.412099218262814,9.98423224298771
389.000000000000000,1009.546293390245410,1000-2000m,27.428802287283705,10.9252424240112
390.000000000000000,698.532130707530996,"0-1000m",25.811426460043023,20.9448979862439
391.000000000000000,605.083986142754611,"0-1000m",25.554875190775984,73.7484924743164
392.000000000000000,412.444353775657532,"0-1000m",21.430487633100491,67.6652576486119
393.000000000000000,290.897943260197849,"0-1000m",17.965984406205848,4.87154817581177
396.000000000000000,238.043123469964229,"0-1000m",8.670477466724900,51.1931576463393
397.000000000000000,409.589528428307062,"0-1000m",18.676859118395726,81.3320198059082
398.000000000000000,361.436357526881636,"0-1000m",14.097927141457559,81.9999151030635
399.000000000000000,460.316803716025333,"0-1000m",17.289582082363456,391.037129772062
400.000000000000000,466.222090446615255,"0-1000m",18.735848877197846,361.180305014711
401.000000000000000,623.226709528416677,"0-1000m",21.603709545772382,98.0719354914579
402.000000000000000,623.112045697068652,"0-1000m",22.678054768972789,45.7085304260254
403.000000000000000,428.705502325145915,"0-1000m",16.413459570168957,10.0253093242645
404.000000000000000,424.595411461929586,"0-1000m",15.791090325353654,10.7043590545654
405.000000000000000,793.463468680752840,"0-1000m",22.528535017301206,11.7229332923889
406.000000000000000,1308.688845135447082,1000-2000m,20.982772999366038,20.5752207438151
409.000000000000000,1407.146075243845871,1000-2000m,20.253487700317731,7.68321908080076
410.000000000000000,1373.903777277258769,1000-2000m,16.827573801484444,19.4439830780029
411.000000000000000,1447.992946537249054,1000-2000m,17.659058381056134,8.0483217644074
412.000000000000000,1948.295053668947276,1000-2000m,29.561531058620442,0
413.000000000000000,2381.416891595003563,2000-2500m,29.466511312014273,94.4866628337809
414.000000000000000,2428.782405373172423,2000-2500m,26.010635715481342,80.3120880126953
415.000000000000000,2058.411848251483207,2000-2500m,27.419208457096818,31.3836409837721
416.000000000000000,1628.568765300357882,1000-2000m,29.629446249095320,20.9884345475583
417.000000000000000,1536.295493063837739,1000-2000m,28.769402556546304,14.4792171688336
418.000000000000000,1126.510131296553482,1000-2000m,28.902236233096254,11.5036426143555
419.000000000000000,982.585901701085959,"0-1000m",28.728134957595376,12.0331931114197
420.000000000000000,879.877628523005455,"0-1000m",27.348301999246303,11.8666841413957
421.000000000000000,1062.553970458275444,1000-2000m,29.811952006267184,14.2134870498285
422.000000000000000,759.618762161822815,"0-1000m",25.385750336334738,23.6728157623426
423.000000000000000,638.472694746092543,"0-1000m",25.384875171866081,17.7357652147857
424.000000000000000,655.193062744602912,"0-1000m",21.143546561342134,5.28377151489258
425.000000000000000,1093.161791475739165,1000-2000m,23.371931579962816,52.091654756074
426.000000000000000,983.078902768187959,"0-1000m",18.835257617007407,84.7930942865413
427.000000000000000,876.315648276732759,"0-1000m",15.637337070938415,44.0026680739479
428.000000000000000,1109.766775469210870,1000-2000m,23.452007457196487,20.3287172964962
429.000000000000000,1657.509290063398339,1000-2000m,21.968241505032264,10.4319216609001
430.000000000000000,2100.466386819845866,2000-2500m,20.825096381901972,3.13673730774921
431.000000000000000,2013.603414726006122,2000-2500m,21.306387614350513,10.3250358535721
432.000000000000000,1655.789168034339127,1000-2000m,21.242829091709471,11.853995724899
433.000000000000000,1803.100464503169860,1000-2000m,20.020435902363353,19.3832244873047
434.000000000000000,1709.488983742388882,1000-2000m,21.871422882704309,24.3268220240954
435.000000000000000,1385.546774397172157,1000-2000m,16.259178760362985,33.5805708458742
436.000000000000000,1557.715272110978503,1000-2000m,18.738111283105280,17.0559260405001
437.000000000000000,1641.137373673968796,1000-2000m,22.080128472050703,7.66187955215346
438.000000000000000,1303.311040272692935,1000-2000m,25.128737092539843,10.9252424240112
439.000000000000000,1364.762130437512042,1000-2000m,27.365777795315594,17.8133547189787
440.000000000000000,1182.656079342163139,1000-2000m,27.887083784136561,64.6792736942222
441.000000000000000,702.809462189117539,"0-1000m",25.592725763572769,59.1536403286951
442.000000000000000,584.245276504927460,"0-1000m",24.519886553586861,5.58908566984503
443.000000000000000,280.431637846552633,"0-1000m",17.951450189056878,51.5916197299957
450.000000000000000,282.958792525155729,"0-1000m",13.653519790790561,524.866715264745
451.000000000000000,384.833698030634650,"0-1000m",16.060251353720759,117.423498153687
452.000000000000000,373.511362201742202,"0-1000m",17.097517741271158,43.2284060842478
453.000000000000000,475.487422292901556,"0-1000m",18.043969705625081,17.0125804717164
454.000000000000000,480.234017313241395,"0-1000m",17.104873844948447,13.4047793795055
455.000000000000000,407.349099240474573,"0-1000m",15.603924940761747,14.2492269237281
456.000000000000000,570.660849915259519,"0-1000m",19.344544741337810,10.1994380950928
457.000000000000000,652.445490741325898,"0-1000m",20.220527093355379,8.60356616973877
458.000000000000000,721.754657996748620,"0-1000m",20.950556251684329,55.2568168640137
461.000000000000000,1665.138358165351974,1000-2000m,19.776908355173710,13.0063378580275
462.000000000000000,1325.176808483777222,1000-2000m,17.101774716837564,10.6891348431172
463.000000000000000,1344.246657460297456,1000-2000m,11.978534016630094,6.55645275115967
464.000000000000000,1881.952357039734125,1000-2000m,25.845336303242000,2.98325845398348
465.000000000000000,2246.251459418743252,2000-2500m,28.184002217691948,49.7239055633545
466.000000000000000,2101.296963265815521,2000-2500m,26.716246676094485,32.2538185682637
467.000000000000000,2003.165275249513570,2000-2500m,27.659895624032373,25.748663521332
468.000000000000000,1732.156892731188236,1000-2000m,26.728588268222342,23.535933616905
469.000000000000000,1569.932149433538370,1000-2000m,27.445918757933430,23.8456768989563
470.000000000000000,1548.433337518046528,1000-2000m,26.605122896734574,13.2952419677284
471.000000000000000,1478.252395368434236,1000-2000m,27.480583463232019,27.408179211177
472.000000000000000,1092.059673543272766,1000-2000m,25.365885275219107,33.9308206656557
473.000000000000000,1533.592021844203373,1000-2000m,28.774270347463577,12.7754388343147
474.000000000000000,1517.400174776068070,1000-2000m,25.266350888887729,7.78517580032349
475.000000000000000,992.001342030523347,"0-1000m",24.184424101307194,19.0743356691325
476.000000000000000,793.756794928127533,"0-1000m",24.181797543762663,21.2600373679384
477.000000000000000,1082.539215380294081,1000-2000m,27.746320146713579,10.3205921261969
478.000000000000000,1069.936550045254535,1000-2000m,28.186987626862489,9.70674879568697
479.000000000000000,966.300640261126091,"0-1000m",24.188626086596987,8.39029312133789
480.000000000000000,701.379139227864243,"0-1000m",19.138451274401007,129.320371715923
481.000000000000000,673.036016354046410,"0-1000m",20.812013145490106,214.207968648797
482.000000000000000,1363.479160128052172,1000-2000m,22.779786340349332,73.7702529208231
483.000000000000000,1823.714365968602806,1000-2000m,21.076461348477455,4.66016096991834
484.000000000000000,1474.131831091413915,1000-2000m,23.244568174422430,4.33040273189545
485.000000000000000,1991.136181030694843,1000-2000m,21.036510761433522,2.95936713453377
486.000000000000000,2215.078337130551517,2000-2500m,18.094413182437481,1.8439392988358
487.000000000000000,2079.477936099428916,2000-2500m,20.726595559567293,1.91619576114746
488.000000000000000,2180.964389376111740,2000-2500m,20.377511417753880,3.87664484977722
489.000000000000000,1808.996067538466377,1000-2000m,20.092420309218539,10.6276401823085
490.000000000000000,1568.817400037662310,1000-2000m,20.603181330073006,18.2525788363254
491.000000000000000,1756.179301519927549,1000-2000m,18.645478336422343,7.56046304350944
492.000000000000000,2011.680940045566558,2000-2500m,18.418125709849154,1.69682714826625
493.000000000000000,1915.382336325403230,1000-2000m,19.901736120539454,3.77715992927551
494.000000000000000,1585.509815548828101,1000-2000m,24.527780912132236,9.24237953317077
495.000000000000000,1418.409943509878076,1000-2000m,27.252259302041310,39.0080116307499
496.000000000000000,977.487948025861556,"0-1000m",26.510102273957269,36.2631477769007
497.000000000000000,998.458319028744427,"0-1000m",29.124367416332522,7.67937447858908
498.000000000000000,677.491651321744030,"0-1000m",25.088566143191230,31.8858735561371
499.000000000000000,348.693831884809981,"0-1000m",21.487708315699528,61.0008070165068
505.000000000000000,331.289725423618165,"0-1000m",14.492428438283897,44.1218313572359
506.000000000000000,271.115196154926480,"0-1000m",11.334142155955407,37.5222501754761
507.000000000000000,365.374678300169478,"0-1000m",15.116337234309254,15.206467527365
508.000000000000000,405.987079054960816,"0-1000m",15.498006657490963,28.3022019727037
509.000000000000000,499.065572235573200,"0-1000m",19.018921063034146,28.4002580507096
510.000000000000000,611.033535444269774,"0-1000m",20.129378255783244,10.8577756881714
511.000000000000000,543.032310588714154,"0-1000m",16.129250858495794,7.25348460674286
517.000000000000000,1195.437921313886363,1000-2000m,17.073091300327832,11.8600038718314
518.000000000000000,1292.543782562299839,1000-2000m,16.495720139330444,9.66626196403479
519.000000000000000,1909.308760650416616,1000-2000m,24.829731459674388,6.55645275115967
520.000000000000000,2341.276489497830880,2000-2500m,25.208594384420593,42.6618172019925
521.000000000000000,1923.775814449814789,1000-2000m,24.339106107562600,59.8751182556152
522.000000000000000,2048.187634593177336,2000-2500m,24.090025843521406,30.8896476915656
524.000000000000000,2048.873849130801318,2000-2500m,24.114680045240373,7.1194096055278
525.000000000000000,2247.196498236634397,2000-2500m,24.215844374068137,6.89550828933716
526.000000000000000,1781.284037411336385,1000-2000m,25.513290050689282,9.99664449691772
527.000000000000000,1343.188290003433167,1000-2000m,27.012520811331587,25.8792791366577
528.000000000000000,1579.083798882681549,1000-2000m,23.312994650768530,29.8499374389648
529.000000000000000,1852.206044818278770,1000-2000m,29.749614937423146,13.3068051338196
530.000000000000000,2268.344308854280371,2000-2500m,22.546859461728396,6.0168052315712
531.000000000000000,1486.429324927436710,1000-2000m,26.011073558307068,20.9718255996704
532.000000000000000,898.476209905216251,"0-1000m",24.130073423416285,18.0988035202026
533.000000000000000,892.275209887331812,"0-1000m",22.893732916608734,6.60671615600586
534.000000000000000,1807.933116943915593,1000-2000m,24.968103997569049,6.60671615600586
535.000000000000000,1421.769066599711323,1000-2000m,20.120249457213504,8.25787758827209
536.000000000000000,1130.448082144752107,1000-2000m,21.940897746452759,155.536037445068
537.000000000000000,633.499578664835667,"0-1000m",22.009238121521889,192.355575561523
538.000000000000000,1293.409829891406616,1000-2000m,22.340049370866144,83.8682441711426
539.000000000000000,1971.747698261602409,1000-2000m,22.249070757102206,11.5433570146561
540.000000000000000,2158.332792359788982,2000-2500m,21.991994671823289,6.46332800388336
541.000000000000000,1955.287458414412185,1000-2000m,21.868555335504823,3.42893815040588
542.000000000000000,2236.735307886769988,2000-2500m,19.796468939086598,0
543.000000000000000,2344.177397709185243,2000-2500m,23.349772509202065,0
544.000000000000000,1896.138291563933763,1000-2000m,21.996517755019426,9.46847820281982
545.000000000000000,1919.636526269537171,1000-2000m,19.395833335048270,11.8355979919434
546.000000000000000,1518.749446022284019,1000-2000m,21.532649647715719,7.19944477081299
547.000000000000000,1788.687525358134963,1000-2000m,19.474604303982034,4.10867585241795
548.000000000000000,1731.252181281777666,1000-2000m,19.401012232313903,1.99013930559158
549.000000000000000,1388.477045036047457,1000-2000m,23.046600186539742,13.4287398352645
550.000000000000000,919.106738241627909,"0-1000m",24.479925523277544,45.224324496994
551.000000000000000,1229.365074383277715,1000-2000m,27.859707491465688,40.4476737238925
552.000000000000000,852.865203957429685,"0-1000m",27.807595688839235,5.99705748279008
553.000000000000000,710.982803283293265,"0-1000m",29.276115558052840,26.9594373703003
554.000000000000000,596.692329420626379,"0-1000m",23.424727090767885,39.8584880464343
555.000000000000000,391.790822537849238,"0-1000m",18.468078543585246,51.6668062491861
556.000000000000000,252.838762948506229,"0-1000m",11.760056540450540,68.3012870292637
558.000000000000000,211.249638796406771,"0-1000m",5.640969622507590,44.1534690856934
559.000000000000000,511.414286611009970,"0-1000m",15.320447396549376,21.7224385999499
560.000000000000000,376.120189756874026,"0-1000m",15.840930756696885,7.81049333881346
561.000000000000000,480.066196435816551,"0-1000m",17.094468161852138,5.53852757594813
562.000000000000000,489.354371979160135,"0-1000m",16.749762149393852,4.62408429530537
563.000000000000000,516.915046346868053,"0-1000m",16.188794455463782,12.1834082603455
564.000000000000000,690.705377485097188,"0-1000m",17.451576290448983,27.4925699234009
565.000000000000000,840.626828196597785,"0-1000m",17.454007554370854,16.4955425262451
566.000000000000000,714.897687478310218,"0-1000m",17.410892260364058,0
567.000000000000000,920.640338691539341,"0-1000m",18.907754062925903,0
568.000000000000000,1414.800149798098118,1000-2000m,17.195071736295315,0
570.000000000000000,1474.350112031681647,1000-2000m,20.617304663592140,1.21475295608245
571.000000000000000,1239.737648637682923,1000-2000m,18.810132300159399,2.70422139243477
572.000000000000000,1806.923921913250979,1000-2000m,26.657402557002271,2.04611634645623
573.000000000000000,2425.862500784633539,2000-2500m,26.970007098396351,23.6271104812622
574.000000000000000,2183.478093026175429,2000-2500m,24.917859609439116,26.4191970825195
575.000000000000000,2253.533329125110413,2000-2500m,24.078729442933579,26.5778999328613
576.000000000000000,1928.936695750423723,1000-2000m,24.524563320239473,19.7671489715576
577.000000000000000,2337.038094937508049,2000-2500m,26.974174276752159,16.2663221359253
578.000000000000000,2388.239752683447477,2000-2500m,25.352100330226904,5.43007706029143
579.000000000000000,1769.435614190127581,1000-2000m,26.365412633229017,10.4948167800903
580.000000000000000,1717.642583641956207,1000-2000m,30.165459579407749,10.7758797851629
581.000000000000000,2240.327976900382964,2000-2500m,25.485536442476590,10.4491805296933
582.000000000000000,1848.674125741699299,1000-2000m,25.440501053170287,5.08103005426137
583.000000000000000,2325.099271859895907,2000-2500m,23.829739990902077,4.36861777305603
584.000000000000000,1632.482141736237509,1000-2000m,24.456093854124688,10.7575434326516
585.000000000000000,1072.380854690064325,1000-2000m,28.361312798738755,11.6562535107657
586.000000000000000,1105.796309082920061,1000-2000m,24.796480988167080,4.85997408007537
587.000000000000000,1680.743895549557465,1000-2000m,22.647355982779992,5.42617933200209
588.000000000000000,1569.662132306526928,1000-2000m,21.042160563276344,6.13677072525024
589.000000000000000,810.332182537191670,"0-1000m",21.129036381933702,51.4881067526285
590.000000000000000,968.403113426652453,"0-1000m",25.763921405458589,83.7128539058945
591.000000000000000,941.820792829188235,"0-1000m",24.514436079405595,47.5023726205048
592.000000000000000,1602.592429853744306,1000-2000m,22.686830026972508,25.6765465947882
593.000000000000000,2343.454334316741097,2000-2500m,21.312480359899357,14.999372959137
594.000000000000000,2435.121417750283854,2000-2500m,20.398879817066724,4.90061011750252
595.000000000000000,2456.087408197853165,2000-2500m,24.482790447956340,2.41813567467366
596.000000000000000,1902.684509531624599,1000-2000m,21.876510718902288,4.61244942934377
597.000000000000000,1412.249827380578836,1000-2000m,20.416415325787405,8.78236234218293
598.000000000000000,1572.281997363630580,1000-2000m,20.509338769517921,11.7150448747306
599.000000000000000,1161.916898118924337,1000-2000m,20.238975928862533,15.1621901988983
600.000000000000000,921.808361057058505,"0-1000m",18.136660024009178,28.4511795043945
601.000000000000000,881.944667629150672,"0-1000m",21.074317586338964,73.8399429321289
602.000000000000000,1458.324706476455276,1000-2000m,25.482595440655690,73.8399429321289
603.000000000000000,1747.277948653568501,1000-2000m,31.319669455804554,1.61903035640717
604.000000000000000,1119.919904588537975,1000-2000m,32.050231997215285,5.77088640630245
605.000000000000000,952.461463199090986,"0-1000m",28.320345411586967,11.9986705780029
606.000000000000000,1098.024166718975493,1000-2000m,31.062773042856019,14.7317755222321
607.000000000000000,514.692711113902533,"0-1000m",22.878661258596424,16.5538461208344
611.000000000000000,299.788595321342314,"0-1000m",10.439206759834409,89.655517578125
612.000000000000000,483.217396793334160,"0-1000m",15.202905914612169,71.5027125408035
613.000000000000000,238.358138221078406,"0-1000m",6.720888617325756,36.5625276011185
614.000000000000000,346.927405687025271,"0-1000m",12.598122416185054,26.7226545925493
615.000000000000000,636.205687413205396,"0-1000m",15.991024572657427,10.4536943209132
616.000000000000000,800.367020274935498,"0-1000m",16.851548304416692,10.4011878967285
617.000000000000000,1015.323426024731702,1000-2000m,19.562622118104905,18.2090466704816
618.000000000000000,1341.235260699406581,1000-2000m,17.035687960102710,11.3252519139663
619.000000000000000,1045.095819471470804,1000-2000m,16.012354608647026,0.0059069801763718
620.000000000000000,1243.646130186428991,1000-2000m,18.986573416285594,0.00225416827015579
621.000000000000000,1272.577925766948510,1000-2000m,18.445486895165512,9.5553685135804e-14
622.000000000000000,1510.413004077933920,1000-2000m,17.567344469707471,0.525311946868896
623.000000000000000,1752.593304091943764,1000-2000m,20.415496105811123,0.407174922043565
624.000000000000000,1867.400936511797681,1000-2000m,19.160289728367172,0.0585556170159354
626.000000000000000,1266.687074514888991,1000-2000m,21.851810464196220,0.0443408090953309
627.000000000000000,1210.675255790597021,1000-2000m,19.596017949662038,0.241025690214267
628.000000000000000,1720.244021090954675,1000-2000m,26.121781948128422,0.587122586768269
629.000000000000000,2356.608729958338699,2000-2500m,35.883344110157338,0.342832315265763
631.000000000000000,2401.168288243048664,2000-2500m,22.517664343623110,10.9521570205688
632.000000000000000,2270.888174000376694,2000-2500m,29.077723214945166,10.5272691723366
633.000000000000000,2038.880840173527758,2000-2500m,28.692407516843868,3.35030384910103
634.000000000000000,1923.277477873328735,1000-2000m,27.869073148072118,6.38814735412598
635.000000000000000,1882.034986423644568,1000-2000m,26.652172306583022,5.27094389938989
636.000000000000000,2328.571213357604847,2000-2500m,26.338469022645839,2.53720454315852
637.000000000000000,1933.455447707624671,1000-2000m,23.441020228546517,9.61972811326536
638.000000000000000,1263.853461804029848,1000-2000m,25.831120270407652,10.6816354520149
639.000000000000000,1757.020099247838743,1000-2000m,24.028161985597254,5.34333804778458
640.000000000000000,1466.735619986891834,1000-2000m,23.866382213303595,7.54804985286723
641.000000000000000,1657.017983805159702,1000-2000m,24.672260361271441,15.171238899231
642.000000000000000,1222.144221466246336,1000-2000m,25.132231958394811,29.991069937021
643.000000000000000,857.864298867076513,"0-1000m",23.536468660236185,43.2036008053803
644.000000000000000,1206.789247379323342,1000-2000m,24.638584681105520,34.4253156999835
645.000000000000000,1345.220685996067687,1000-2000m,25.032500508828502,25.9711107651846
646.000000000000000,1825.318435754189977,1000-2000m,26.335836527952132,11.3910415172577
647.000000000000000,2095.732126043562857,2000-2500m,28.158483528368777,4.50492633764679
648.000000000000000,2095.232233700571214,2000-2500m,26.003201917840233,4.63894675171213
649.000000000000000,1667.274590421191533,1000-2000m,21.895989809227391,8.16654290863061
650.000000000000000,1452.018195437096210,1000-2000m,20.441183253296987,12.7918062151895
651.000000000000000,1105.281451889766231,1000-2000m,19.811208658751220,15.7905309485263
652.000000000000000,949.856537568263093,"0-1000m",15.684891905504767,19.1867685317993
653.000000000000000,897.678942604787608,"0-1000m",15.867900806165443,30.7742506213151
654.000000000000000,1134.989700695983174,1000-2000m,13.445261372498299,86.3210968002003
655.000000000000000,1334.878946707676960,1000-2000m,20.144465732777707,80.686481408364
656.000000000000000,1842.301519927593063,1000-2000m,25.231813990627074,35.745384091433
657.000000000000000,2194.160918822758504,2000-2500m,30.064478325642597,36.90500831604
658.000000000000000,1742.040926495512167,1000-2000m,33.384809454597217,2.57288173727023
659.000000000000000,1446.752629443525393,1000-2000m,25.661832135282136,1.02489665047467
660.000000000000000,1022.888392996473272,1000-2000m,28.229852795907739,2.9392649155414
661.000000000000000,563.969437691409098,"0-1000m",24.423827116587326,9.65521574020386
664.000000000000000,154.796876768133984,"0-1000m",2.434859353747115,165.402925967006
666.000000000000000,167.917864260988154,"0-1000m",2.445142551349004,101.285264696551
667.000000000000000,178.569926032271155,"0-1000m",2.420068736594891,119.990215301514
668.000000000000000,225.893258426966298,"0-1000m",5.758490472852338,124.736946589137
669.000000000000000,231.733404076027597,"0-1000m",4.778964230173008,72.1618357412068
670.000000000000000,291.965325676476994,"0-1000m",8.644683220826781,55.0787128127848
671.000000000000000,458.012303056933035,"0-1000m",13.561673435734749,19.1178278923035
672.000000000000000,891.803907493523866,"0-1000m",16.452062773692415,9.01987902565281
673.000000000000000,1209.554882806404294,1000-2000m,19.443931155022881,4.5794302327672
674.000000000000000,1146.369939112422344,1000-2000m,18.070243541093227,2.2960711851164
675.000000000000000,1092.543085421803426,1000-2000m,18.275548899070110,0.0150312743912375
676.000000000000000,1448.527917355887666,1000-2000m,18.599705136753428,0.00751389423385262
677.000000000000000,1337.424549620237258,1000-2000m,17.369449632433355,1.72856707267177e-13
678.000000000000000,1313.124996098748397,1000-2000m,17.976942625307991,1.18837999448725
679.000000000000000,1408.635529477856608,1000-2000m,19.235619980644518,1.40083181858063
680.000000000000000,1350.154510074697328,1000-2000m,20.495516395656360,0.280166365206242
681.000000000000000,1150.469211322992351,1000-2000m,20.583023672860151,0.005178468922774
682.000000000000000,1130.120331429288854,1000-2000m,20.200784214397217,0.0130600081564898
683.000000000000000,1582.290409163259483,1000-2000m,27.266620213031462,0.0767149836295732
684.000000000000000,2457.698729752504732,2000-2500m,36.392823204769677,0.179492624398903
686.000000000000000,1517.059821153253097,1000-2000m,31.313312852570846,36.0318918612598
687.000000000000000,1683.206264348966897,1000-2000m,28.071266368611727,33.776645193611
688.000000000000000,2374.169292574226347,2000-2500m,32.363733412469621,39.366584777832
689.000000000000000,2370.029910237900822,2000-2500m,28.911503480960764,0.228143751621246
690.000000000000000,2116.822914390936603,2000-2500m,28.880433242545781,1.5419952418478
691.000000000000000,2485.559158578071674,2000-2500m,26.623184139745138,1.15957050347274
692.000000000000000,2472.907649573983235,2000-2500m,26.348448887548191,3.15647435188293
693.000000000000000,1938.018757217315397,1000-2000m,26.606152454697646,11.6790105955479
694.000000000000000,1278.637122591174375,1000-2000m,28.344254095096115,13.7027220495547
695.000000000000000,1239.726163353203674,1000-2000m,26.801335075813476,7.80689240723105
696.000000000000000,1135.338971942199123,1000-2000m,25.825129102082968,13.5690842180448
697.000000000000000,878.178519866926081,"0-1000m",26.466408257161625,28.7229404449463
698.000000000000000,851.173995817858327,"0-1000m",24.684627151313581,25.3465708918345
699.000000000000000,1031.833775475172388,1000-2000m,25.542712082491622,25.4309606496031
700.000000000000000,1129.989485907978178,1000-2000m,25.491578582043314,20.1453712504389
701.000000000000000,1587.931618863331323,1000-2000m,25.729572563116776,15.3323373746484
702.000000000000000,2281.210917262257681,2000-2500m,25.811431686004124,5.97854495048523
703.000000000000000,2075.484441808932388,2000-2500m,28.175871395101726,2.53288745880127
704.000000000000000,1723.600823944321291,1000-2000m,24.910529859941487,12.5523872238576
705.000000000000000,1410.450913313665069,1000-2000m,22.765690929509233,21.7240534631533
706.000000000000000,1440.250304297618641,1000-2000m,22.393788814298627,20.2689400466959
707.000000000000000,1521.930276832807976,1000-2000m,18.803089321319092,19.3287198219343
708.000000000000000,1118.845521310652202,1000-2000m,18.991919819351221,20.2841176986694
709.000000000000000,1347.761399456945810,1000-2000m,17.664995546612349,34.2523637076505
710.000000000000000,1226.044817577478852,1000-2000m,15.114248620343673,110.037560613631
711.000000000000000,1566.211913878601536,1000-2000m,17.408970912850243,120.171378847627
712.000000000000000,1735.849474111294967,1000-2000m,15.076910641743517,121.686635036518
713.000000000000000,2297.400549296214194,2000-2500m,20.530889805408346,91.5518970489502
714.000000000000000,2040.826878062482365,2000-2500m,30.856073313469111,0.296103984912055
715.000000000000000,1140.442027402390750,1000-2000m,27.662533014549268,0.908263767242496
716.000000000000000,773.296466009666688,"0-1000m",27.240681540080882,0.377595171332359
717.000000000000000,563.986946011281248,"0-1000m",26.227046613831138,12.926804031276
718.000000000000000,365.525203159629484,"0-1000m",13.405518442189194,55.0984884237936
720.000000000000000,157.390112661846302,"0-1000m",2.278193127874602,196.829529434023
721.000000000000000,163.084646287113173,"0-1000m",2.398340777628320,147.371198562686
722.000000000000000,168.236665522299546,"0-1000m",1.992501041044808,105.925114860529
723.000000000000000,179.324958646733876,"0-1000m",1.961972964501205,139.89408493042
724.000000000000000,193.187527462180668,"0-1000m",2.262014551197425,162.270911591929
725.000000000000000,213.423925595330985,"0-1000m",2.811964671804179,88.8680723820831
726.000000000000000,252.939983146593420,"0-1000m",4.598518297197316,72.5813681859885
727.000000000000000,585.149457033456770,"0-1000m",15.482467171703391,45.2609233856201
728.000000000000000,703.447270684435580,"0-1000m",17.635331455527087,23.7502085262443
729.000000000000000,896.100277769108402,"0-1000m",20.718943870227495,7.43460579032798
730.000000000000000,874.126451572406040,"0-1000m",21.485957599099130,2.76886138199028
731.000000000000000,600.805311944071605,"0-1000m",18.485395504827260,0.39509834253476
732.000000000000000,921.118441996192360,"0-1000m",18.814848362349380,0.347695104777813
733.000000000000000,966.992655828259331,"0-1000m",21.524505960613801,0.125995675414065
734.000000000000000,755.466340001872595,"0-1000m",17.478381538087344,1.14438054746513
735.000000000000000,782.352298617396514,"0-1000m",19.112815512495988,1.11555475856153
736.000000000000000,958.217092461239076,"0-1000m",21.127999384805388,0.167709309206539
737.000000000000000,1456.136106863081750,1000-2000m,27.994007345019700,0
738.000000000000000,1945.534021718661734,1000-2000m,32.041278453563294,0
739.000000000000000,2417.724883742704606,2000-2500m,31.598578771049713,0
740.000000000000000,1773.577647354215060,1000-2000m,29.970538965875502,38.6944289482422
741.000000000000000,2366.596541334505673,2000-2500m,31.030135896160719,36.9265308824972
742.000000000000000,2334.282445398308482,2000-2500m,29.505508349519147,36.1912136077881
743.000000000000000,2147.454459858138307,2000-2500m,30.838940013635359,40.5905468413566
744.000000000000000,2154.713577302115482,2000-2500m,26.185213171577168,42.622875611814
745.000000000000000,2417.743435172326826,2000-2500m,27.417132835877400,45.7901529731284
746.000000000000000,2432.370723393511071,2000-2500m,31.712734987695082,0.182514995336533
747.000000000000000,2431.267434561546452,2000-2500m,29.288492698616775,2.67702120542526
748.000000000000000,1735.198700646537873,1000-2000m,28.704588228773808,10.4826185762245
749.000000000000000,1226.155788410554123,1000-2000m,28.976299107855695,12.4191517959578
750.000000000000000,1513.179712510200261,1000-2000m,29.953218297752244,7.19012273680403
751.000000000000000,1070.603383340656592,1000-2000m,26.013894027779418,13.207187842948
752.000000000000000,1092.221089508900377,1000-2000m,27.480529149807008,24.1797828674316
753.000000000000000,922.620645282781993,"0-1000m",26.245880867687408,23.6095420283028
754.000000000000000,1585.013715397652277,1000-2000m,25.748911992233467,22.2113531879218
755.000000000000000,1216.934067668223634,1000-2000m,23.807274706107300,15.9331749851163
756.000000000000000,1348.454083233946449,1000-2000m,25.028658225044332,11.268068289581
757.000000000000000,1648.350919590734748,1000-2000m,26.432018415803473,5.23425555229187
758.000000000000000,2074.129876278247593,2000-2500m,27.980251998744006,1.79352479036928
759.000000000000000,2155.470089762099178,2000-2500m,28.889458970339994,2.02630996704102
760.000000000000000,1818.499027054171165,1000-2000m,26.289341624695837,12.7154776907259
761.000000000000000,1743.584395909607338,1000-2000m,22.902603035883132,21.9619763677096
762.000000000000000,2072.246783001694894,2000-2500m,21.760140410976845,19.4029120026645
763.000000000000000,1570.255131504613701,1000-2000m,17.687316953281442,18.2073088592659
764.000000000000000,1266.259121323065301,1000-2000m,19.210857554991907,19.7936754226685
765.000000000000000,1673.164019835540785,1000-2000m,18.321955515151007,33.4040455763139
766.000000000000000,1605.593748038415697,1000-2000m,16.126163861226814,101.736729442465
767.000000000000000,1676.473172579219863,1000-2000m,15.770022398964437,120.204227781354
768.000000000000000,1661.781212729897788,1000-2000m,10.764931952700408,152.160263061523
769.000000000000000,2097.473604921222886,2000-2500m,18.294361604621564,80.0009153179036
770.000000000000000,2413.203099356142047,2000-2500m,12.793452576922631,6.99229568516472
771.000000000000000,2241.846619797878247,2000-2500m,20.927236257986142,0.0120508552141611
772.000000000000000,1786.156299039608257,1000-2000m,32.913516651931744,0.0735232104139069
773.000000000000000,909.143005933594281,"0-1000m",29.185231921250235,0.321231290698051
774.000000000000000,649.678488481576778,"0-1000m",27.643590328178423,5.71321686606228
775.000000000000000,500.256250789241051,"0-1000m",26.675952199606527,35.1349977621794
778.000000000000000,160.399065774523422,"0-1000m",2.160947250045854,169.556813917458
779.000000000000000,166.615780553637563,"0-1000m",2.307086789593281,112.726112365723
780.000000000000000,175.683007971878766,"0-1000m",1.928000222239385,176.624878990515
781.000000000000000,192.338151748516594,"0-1000m",1.971698387667666,211.952322102995
782.000000000000000,218.104324901136152,"0-1000m",2.673317310700074,107.021163018163
783.000000000000000,282.170610758897737,"0-1000m",7.238980544984162,96.2032500371731
784.000000000000000,377.538126499179384,"0-1000m",14.410477775794508,84.4755668640137
785.000000000000000,351.950913313665126,"0-1000m",10.354910132466493,52.5989607424895
786.000000000000000,360.722019961082140,"0-1000m",9.292196719486695,19.3276931320109
787.000000000000000,443.876372932710524,"0-1000m",11.152307397970951,8.0284143337448
788.000000000000000,703.560322641391053,"0-1000m",16.299734969058061,1.17500284191345
789.000000000000000,578.697947398154497,"0-1000m",10.900644978297271,0.857966929674149
790.000000000000000,621.015591465724015,"0-1000m",11.405138760009971,0.404895153971332
791.000000000000000,828.551597514280502,"0-1000m",12.562147365575212,0.326286802361206
792.000000000000000,1354.779486535685010,1000-2000m,20.329538104697928,0.28439402080568
793.000000000000000,1718.419391490973339,1000-2000m,26.127933515024068,0
794.000000000000000,2070.057246877157922,2000-2500m,28.998413099789040,0
795.000000000000000,2384.641585658376243,2000-2500m,28.850093635059011,0
796.000000000000000,2392.223903082041488,2000-2500m,28.738343558785441,0
797.000000000000000,1970.164227084048662,1000-2000m,33.556449906422515,15.0956210657882
798.000000000000000,2429.796434624317499,2000-2500m,25.560589257272110,0.451664789170611
799.000000000000000,1972.042258356480716,1000-2000m,26.140521490857381,0.759208381175995
800.000000000000000,1638.955869042788891,1000-2000m,25.939509104120891,2.13994078239034
801.000000000000000,1570.983240223463781,1000-2000m,29.966216553666261,2.29339132349129
802.000000000000000,1944.604881245903698,1000-2000m,28.474473098480178,0.934225360587196
803.000000000000000,1365.318997534408936,1000-2000m,28.945405747076681,3.40709144724616
804.000000000000000,1234.983616847655412,1000-2000m,26.682813638016619,6.00715208053589
805.000000000000000,1151.816890858587385,1000-2000m,24.732020053204405,21.8265008874573
806.000000000000000,976.084360662900622,"0-1000m",22.767215332727453,31.3466553700469
807.000000000000000,1442.044347498587740,1000-2000m,23.025968207430886,15.7679795087462
808.000000000000000,1617.658437626790601,1000-2000m,25.364153920216399,6.90833552408892
809.000000000000000,2355.171467806872442,2000-2500m,30.205777152586695,2.25709795951843
810.000000000000000,2308.314253612558787,2000-2500m,29.454554109346681,0
811.000000000000000,2444.368715083799088,2000-2500m,27.375421289555796,1.71977862003515
812.000000000000000,2371.870629590107455,2000-2500m,23.761368572161906,3.03458419498535
813.000000000000000,2179.751974033270017,2000-2500m,23.407800579965667,4.29135865147433
814.000000000000000,1755.276707967916082,1000-2000m,19.836641927064122,7.58763974889827
815.000000000000000,1329.050624568451440,1000-2000m,14.441751488026711,17.8319053649902
816.000000000000000,1543.236228582129115,1000-2000m,19.300767394842516,23.412061153794
817.000000000000000,1954.549421054274262,1000-2000m,20.364453152539522,21.9157024729565
818.000000000000000,1743.860084112736104,1000-2000m,14.618391833369351,53.8802652353956
819.000000000000000,1687.831216254174251,1000-2000m,11.743071703394904,150.460723876953
820.000000000000000,2210.245435535719935,2000-2500m,19.667910735600749,78.3408084290702
821.000000000000000,2367.455464189316444,2000-2500m,21.305449035395522,6.69361583828096
822.000000000000000,2371.061077993820618,2000-2500m,19.180873343148534,0.00234343869079378
823.000000000000000,1941.468243812615128,1000-2000m,25.766662476059594,0.0286451717420115
824.000000000000000,1456.164647542527064,1000-2000m,31.500070028983476,0.0957757756114006
825.000000000000000,813.748946662089224,"0-1000m",30.605062683208356,1.38504437521962
826.000000000000000,439.540869565217406,"0-1000m",24.177026490551810,8.22267422441847
828.000000000000000,584.462183145663062,"0-1000m",27.645973294689572,13.8845778157393
829.000000000000000,609.093419818055736,"0-1000m",27.647791705625838,0.156079068779945
830.000000000000000,576.418085234818250,"0-1000m",26.106147277091260,16.4766244781455
831.000000000000000,417.725970719287091,"0-1000m",20.684245428904632,33.6562858407544
832.000000000000000,414.718919466828822,"0-1000m",15.495302404429047,52.8673419600488
835.000000000000000,153.629666935267267,"0-1000m",2.206361794501570,228.128817117178
836.000000000000000,158.419841817839426,"0-1000m",2.781609183003530,148.809740204482
837.000000000000000,164.853749882962461,"0-1000m",2.215319846245291,97.6883201599121
838.000000000000000,178.991042726506663,"0-1000m",2.450078653191191,130.378541355349
839.000000000000000,227.339526708932283,"0-1000m",4.162032702109061,154.675115713071
840.000000000000000,356.242564214600065,"0-1000m",13.767333055984173,77.0378570888775
841.000000000000000,480.523891264317569,"0-1000m",17.236515809313087,73.4991518852382
842.000000000000000,650.022691607557590,"0-1000m",17.087977168338416,67.9757308959961
843.000000000000000,560.644486751349859,"0-1000m",13.451803804924443,44.7686148045559
844.000000000000000,496.949564620330193,"0-1000m",11.609255344441973,16.8556877023097
845.000000000000000,547.003232690979871,"0-1000m",8.552582253321509,7.33810610701459
846.000000000000000,681.769295590025308,"0-1000m",8.997954519530564,1.19221644932607
847.000000000000000,1010.818045629037783,1000-2000m,17.389946232531624,0.72712180018425
848.000000000000000,794.148735170422583,"0-1000m",17.483278500314146,0.409591327300692
849.000000000000000,1078.055241721544235,1000-2000m,23.158337588585404,0.0351675994234286
850.000000000000000,1479.811241846384291,1000-2000m,29.169768702925136,0
851.000000000000000,1550.998305191136751,1000-2000m,29.787617193356155,0
852.000000000000000,1853.599887643956208,1000-2000m,27.196646873164102,0
853.000000000000000,2046.829357855752960,2000-2500m,26.553439151506293,0
854.000000000000000,2220.350738116787852,2000-2500m,33.034486806133835,0
855.000000000000000,2355.515472977214358,2000-2500m,36.078117781130345,5.50276052925235
856.000000000000000,2441.961458791036421,2000-2500m,27.501539841632486,0.0382353180471507
857.000000000000000,1959.665320035349168,1000-2000m,28.514973144916475,0.485111553068976
858.000000000000000,1532.795524449187042,1000-2000m,27.038363382997868,0.759208381175995
859.000000000000000,1601.998650429979307,1000-2000m,30.024478200483973,0.935465250113204
860.000000000000000,2040.148402979421689,2000-2500m,24.374213995212667,0.854351137304203
861.000000000000000,1920.412089636557766,1000-2000m,26.776079042793786,0.0727435456584863
862.000000000000000,1780.706484213169233,1000-2000m,29.293862450224871,2.02927528197116
863.000000000000000,1792.851849513950356,1000-2000m,30.279896794119647,6.00715208053589
864.000000000000000,1230.059098612767457,1000-2000m,26.362066598008862,21.1320670935796
865.000000000000000,846.392003012993541,"0-1000m",25.452897060284315,31.9168176946822
866.000000000000000,1016.079787905567514,1000-2000m,24.205040867242612,15.8828190122728
867.000000000000000,1595.870441278011413,1000-2000m,23.146541101952611,6.74615058768905
868.000000000000000,2082.681375933714207,2000-2500m,23.459243326787234,2.25709795951872
869.000000000000000,2454.696376720110948,2000-2500m,28.236984798310488,0.0890874529128917
870.000000000000000,2349.176542589918881,2000-2500m,25.962002328990557,0.277487615928608
871.000000000000000,2120.525564953919911,2000-2500m,24.676508700356244,0.0437236119728715
872.000000000000000,1956.085650618291311,1000-2000m,24.558698237401824,1.97270512496636
873.000000000000000,1460.791977904714031,1000-2000m,22.887207626446475,5.83499735489382
874.000000000000000,1616.592254765812413,1000-2000m,18.905569946229615,17.8319053649902
875.000000000000000,1513.990647165903056,1000-2000m,18.706136917443455,21.5261991058098
876.000000000000000,1758.208555646224340,1000-2000m,22.273516441744061,6.44661560109711
877.000000000000000,1637.545890670369999,1000-2000m,18.995244355759397,41.5443772401703
878.000000000000000,1749.586780490866886,1000-2000m,20.239721394558856,150.460723876953
879.000000000000000,1816.192517732722536,1000-2000m,21.169429012586736,77.2961341526219
880.000000000000000,1653.041408913016085,1000-2000m,22.853077530069644,6.44912665617305
881.000000000000000,1691.037756575230787,1000-2000m,21.032016086621002,2.52582702293189e-12
882.000000000000000,2122.352363316803803,2000-2500m,20.739187230468278,0.0174672031737177
883.000000000000000,1597.343012245928549,1000-2000m,28.369047009729702,0.0957757756114006
884.000000000000000,1400.430104827066771,1000-2000m,29.854142959149549,0.171147901569937
885.000000000000000,648.506657506461238,"0-1000m",28.532988702175157,0.361170298548181
886.000000000000000,487.591505524861873,"0-1000m",25.765962882018080,0.30981721734406
887.000000000000000,535.029000062770706,"0-1000m",26.638253149060869,3.72959044256753e-14
888.000000000000000,403.054917308420670,"0-1000m",22.668454472286800,0.156079068779968
889.000000000000000,341.558439520431875,"0-1000m",22.489723316062143,0.36999421298448
890.000000000000000,279.548615906095051,"0-1000m",20.026976310297638,5.05193990053699
891.000000000000000,385.266475192526116,"0-1000m",24.260128168161621,14.8810024884863
892.000000000000000,443.779829635751014,"0-1000m",24.642482411936253,50.3566951751709
893.000000000000000,422.546210596914818,"0-1000m",17.496572032063764,171.222236199418
896.000000000000000,147.717618106824716,"0-1000m",2.142965101597941,212.156159787965
897.000000000000000,149.314795053668973,"0-1000m",2.300309223916372,197.110673769846
898.000000000000000,154.951836889281651,"0-1000m",2.102762407438377,109.835960506833
899.000000000000000,168.849726947460937,"0-1000m",3.046492238675617,37.5371570587158
900.000000000000000,252.353524574728510,"0-1000m",7.288724992102348,17.154213832452
901.000000000000000,378.215692463072855,"0-1000m",13.681326248085773,7.96813170779467
902.000000000000000,514.029470843010472,"0-1000m",16.372674668276492,0.0094839829419496
903.000000000000000,581.612798945452255,"0-1000m",14.141308032341382,0.628544125392554
904.000000000000000,501.490152758490069,"0-1000m",9.367926905101132,1.97639560699463
905.000000000000000,428.357479128742682,"0-1000m",7.458536610050636,1.45919518532697
906.000000000000000,683.423043123469938,"0-1000m",9.235914416792411,0.729875087354699
907.000000000000000,950.107183436434866,"0-1000m",20.792412729145774,0.731050126085809
908.000000000000000,1345.285826376247542,1000-2000m,28.163235216848776,0.441901326179504
909.000000000000000,1687.636620425585306,1000-2000m,30.106987124763751,0.216186977483181
910.000000000000000,1547.935487943441558,1000-2000m,33.358588379826649,0.0604471374286766
911.000000000000000,2003.655545791224768,2000-2500m,33.165899172617429,0.00437493760702601
912.000000000000000,2139.903898060385472,2000-2500m,32.326727187451752,0
913.000000000000000,2208.819277868955851,2000-2500m,30.843913329629224,0
914.000000000000000,2323.514311719289253,2000-2500m,31.474273053844424,0.267350696214201
915.000000000000000,1744.920882619144550,1000-2000m,30.369067019293237,0.288147926330566
916.000000000000000,2055.128522830123984,2000-2500m,30.964520875579922,0.0814288857042179
917.000000000000000,2473.900477057309672,2000-2500m,28.669390012924030,0.0310259900930929
919.000000000000000,2139.244648797940954,2000-2500m,30.301656481634598,2.16203045845032
920.000000000000000,1466.875659311507206,1000-2000m,28.117450708297834,5.63001616288986
921.000000000000000,1113.858649854873420,1000-2000m,26.987413561171504,8.80370847146603
922.000000000000000,1229.694965789969046,1000-2000m,27.489407983703391,21.1138648717763
923.000000000000000,1363.795137480103676,1000-2000m,26.711318701528768,22.9460687504883
924.000000000000000,2017.470522143503558,2000-2500m,27.503640499370785,10.2476193904877
925.000000000000000,2054.857008348502859,2000-2500m,23.836088699827545,3.830663233906
926.000000000000000,2057.902031771792281,2000-2500m,26.019781733540604,7.35041813327812
927.000000000000000,2120.157648609629177,2000-2500m,26.186889281557097,18.3012246379739
928.000000000000000,2010.433132548921776,2000-2500m,26.780967909819768,43.6280784606934
929.000000000000000,2173.539340220342638,2000-2500m,23.073008424339150,21.86676054785
930.000000000000000,1684.117726445295375,1000-2000m,22.728369976351090,3.89767306153611
931.000000000000000,1959.493149402328299,1000-2000m,20.692239554465221,47.4612593920759
932.000000000000000,1288.364220842046052,1000-2000m,17.959498952118757,64.2665833579436
933.000000000000000,1279.497238089260009,1000-2000m,18.854642795315169,45.7667808532715
934.000000000000000,1542.031272432196147,1000-2000m,18.072079949794841,30.7012198296809
935.000000000000000,1787.555382166598974,1000-2000m,20.211239468726923,4.55573669101142
936.000000000000000,1494.086309710627120,1000-2000m,19.464045787034610,6.22368312790969
937.000000000000000,1278.729939764676601,1000-2000m,23.196920493099991,15.0149040222168
938.000000000000000,1151.966854967073459,1000-2000m,21.848652584933053,23.9525492357907
939.000000000000000,1116.608875776787499,1000-2000m,22.881537359229100,27.6331298594648
940.000000000000000,1639.065915545706957,1000-2000m,23.937083363329073,14.955415539702
941.000000000000000,1889.370556474516889,1000-2000m,22.050951548395417,6.82466123440356
942.000000000000000,1772.040800954114729,1000-2000m,27.338979184704833,2.74017518758774
943.000000000000000,1095.023469929153180,1000-2000m,29.284203872850675,0.315005611497448
944.000000000000000,1302.853053794488687,1000-2000m,33.493875692121996,0.199594355479543
945.000000000000000,748.675821603570398,"0-1000m",29.805381078935252,0.194067850901156
946.000000000000000,495.146624637183606,"0-1000m",24.892415902123229,0.224345021620048
947.000000000000000,788.047831272362032,"0-1000m",26.601677106414947,0.95246247947216
948.000000000000000,690.838831497144270,"0-1000m",26.985936436928416,1.71363015507927
949.000000000000000,670.966293186854386,"0-1000m",25.526973715860191,1.51218997989149
950.000000000000000,659.650900759525484,"0-1000m",24.169601389673534,2.50522199597242
951.000000000000000,580.902343871914127,"0-1000m",23.440369285361196,0.0847688056528568
952.000000000000000,420.886426765706460,"0-1000m",22.997420217116975,31.603989225104
953.000000000000000,392.006859148189506,"0-1000m",24.506710236378272,150.150632283845
954.000000000000000,369.339107207899929,"0-1000m",18.236329968151747,163.116645320454
958.000000000000000,144.924172996045485,"0-1000m",2.158508705263638,185.107968831787
959.000000000000000,150.429855497643644,"0-1000m",2.139814546537381,193.235666141526
960.000000000000000,159.191795869688036,"0-1000m",2.682306182036126,101.534066959334
961.000000000000000,249.674947723229621,"0-1000m",7.360275245083256,37.5371570587158
962.000000000000000,304.773883461814535,"0-1000m",6.269425936207208,12.7205951810448
963.000000000000000,394.539922164333689,"0-1000m",8.804969363737371,5.82788586162723
964.000000000000000,418.030429761867595,"0-1000m",9.045990775740027,2.70523748692841
965.000000000000000,373.431977778471321,"0-1000m",5.381758621547912,2.46285885150725
966.000000000000000,315.792323143556587,"0-1000m",3.711232540483253,1.97639560699463
967.000000000000000,373.831060204113498,"0-1000m",4.343300413400393,2.25195122847094
968.000000000000000,896.345026684560366,"0-1000m",20.186046323838610,1.72501944193024
969.000000000000000,1818.367616596572816,1000-2000m,29.916184737770006,0.919045756517172
970.000000000000000,2059.592272400986076,2000-2500m,30.874251397118115,0.441901326179504
971.000000000000000,2314.334883430604350,2000-2500m,31.951916751661440,0.151544257721717
972.000000000000000,2380.180873768124911,2000-2500m,32.953181285323183,0.2661670277836
973.000000000000000,2308.213975843450498,2000-2500m,33.169438516156703,0.288147926330566
974.000000000000000,2388.802378202927684,2000-2500m,28.524540021761862,0.735385309790537
975.000000000000000,1596.120174502542113,1000-2000m,28.033668114645359,2.16203045845032
976.000000000000000,1220.822727130863541,1000-2000m,29.149726715540965,4.93808311992865
977.000000000000000,1396.566055990761924,1000-2000m,29.038488797639022,7.73863670000278
978.000000000000000,1785.301362124160505,1000-2000m,28.557747874447635,18.1950522840163
979.000000000000000,1370.142099185418601,1000-2000m,26.370068941310148,19.7486909033417
980.000000000000000,1867.422614774819749,1000-2000m,27.719275563096001,10.2476193904877
981.000000000000000,1919.688877032201390,1000-2000m,25.262951618774007,3.52709536836987
982.000000000000000,1668.063824474891589,1000-2000m,26.211448740260487,6.60177005382943
983.000000000000000,1495.001067101876743,1000-2000m,27.501294714505768,16.2435108515334
984.000000000000000,1333.573047033488365,1000-2000m,25.214781936529803,43.6280784606934
985.000000000000000,1443.623856933304296,1000-2000m,28.869527937601212,22.7337351277162
986.000000000000000,1521.201085933086460,1000-2000m,28.956089946907735,10.0005093565939
987.000000000000000,1601.795730470334775,1000-2000m,24.767624137486099,48.6172472387594
988.000000000000000,1348.659124247058344,1000-2000m,23.079290077257355,63.2855464256404
989.000000000000000,989.281777666185462,"0-1000m",23.677620716786770,45.7667808532715
990.000000000000000,1152.670297431415975,1000-2000m,21.503422169570609,32.577184585752
991.000000000000000,1514.976561280858959,1000-2000m,19.964869211330434,7.83347554562242
992.000000000000000,1636.207551315046203,1000-2000m,19.170574064704276,8.16392531302958
993.000000000000000,1532.569020941918097,1000-2000m,24.830238578925556,15.0149040222168
994.000000000000000,1320.585062888174434,1000-2000m,25.839619252900615,22.2660426180445
995.000000000000000,926.109566254472270,"0-1000m",26.662767843626849,28.2412012961277
996.000000000000000,865.344090384195283,"0-1000m",25.852953232328026,17.7866340413645
997.000000000000000,926.340782122905011,"0-1000m",28.595701272739323,10.1283174304156
998.000000000000000,1202.625855250768836,1000-2000m,30.790285547407859,2.74017518758774
999.000000000000000,1239.907649573983235,1000-2000m,35.024987661562889,0.675020105699048
1000.000000000000000,992.605988324650070,"0-1000m",31.617795810629719,0.655441940053908
1001.000000000000000,1162.994413407821412,1000-2000m,31.566176866196933,0.510424155365138
1002.000000000000000,583.115445835023820,"0-1000m",29.997196295779407,0.246849240703097
1003.000000000000000,349.511643964597340,"0-1000m",20.828601078501219,0.95246247947216
1004.000000000000000,447.971161948753149,"0-1000m",23.822510950077326,1.93462868457577
1005.000000000000000,537.082550482194733,"0-1000m",25.121397898551667,0.948569529044916
1006.000000000000000,685.101437448998809,"0-1000m",23.994840728259504,0.175225528829684
1007.000000000000000,849.330794919010032,"0-1000m",24.325015130005365,0.0847688056528568
1008.000000000000000,565.376923317000092,"0-1000m",23.939752073014983,0.312372033899758
1009.000000000000000,369.561107275123959,"0-1000m",18.461082477715706,1.83105934460639
1010.000000000000000,398.015261695952063,"0-1000m",18.217199516988806,6.09504137713203
1011.000000000000000,351.783308885490442,"0-1000m",22.374708430393341,23.0976428985596
1012.000000000000000,381.882694839600504,"0-1000m",22.737485565528242,94.4634256362915
1014.000000000000000,138.646525237746886,"0-1000m",1.840224943216613,89.0602569580078
1015.000000000000000,142.422164333689039,"0-1000m",1.851467942240213,143.954784010617
1016.000000000000000,145.954058862082945,"0-1000m",1.891081205274282,188.348013373749
1017.000000000000000,172.730180151905074,"0-1000m",2.879587104550021,87.2985978692156
1018.000000000000000,273.545769482850119,"0-1000m",8.242903182486469,12.2746706008911
1019.000000000000000,231.940357666739487,"0-1000m",4.363885622164937,3.26417341039124
1020.000000000000000,259.293735484275942,"0-1000m",3.918396039704670,0.618280346772627
1021.000000000000000,271.042788926687706,"0-1000m",3.881227297658928,11.1862926483154
1022.000000000000000,254.353671857932028,"0-1000m",3.472335276538930,8.76385644408404
1023.000000000000000,270.595474232628192,"0-1000m",3.246250625866818,4.53182744979858
1024.000000000000000,355.383321369495320,"0-1000m",2.833096932273822,6.56054028688941
1025.000000000000000,733.071720607971088,"0-1000m",21.602965393250088,9.23541205954741
1026.000000000000000,1636.096258866361268,1000-2000m,32.058653663341985,4.25566134139991
1027.000000000000000,1396.937767235729325,1000-2000m,24.451551102462204,0.145136915147305
1028.000000000000000,1393.572329203208483,1000-2000m,29.829127312646555,0.0453880996942884
1029.000000000000000,1994.339526708932453,1000-2000m,29.265794676741805,0
1030.000000000000000,2200.284354420898126,2000-2500m,31.893234251418004,0
1031.000000000000000,2244.716176149308922,2000-2500m,34.740783834866214,0
1032.000000000000000,2091.221360868746615,2000-2500m,31.394902157520782,0.0282366154756672
1033.000000000000000,2101.506496767308818,2000-2500m,29.675139837838540,0.155495767616628
1034.000000000000000,1775.485923494508370,1000-2000m,34.307076074032864,0.513682186603546
1035.000000000000000,2383.296591551064012,2000-2500m,34.689586644893090,1.58513443967932
1036.000000000000000,1954.878978093026262,1000-2000m,31.394890368514428,2.54030104338558
1037.000000000000000,2435.956886756722724,2000-2500m,31.293877111427474,3.94370523988967
1038.000000000000000,1994.554296654321661,1000-2000m,31.611424546971666,4.13136112085958
1039.000000000000000,1778.510137467829963,1000-2000m,25.312992322129016,3.12824076414108
1040.000000000000000,2327.921285191263905,2000-2500m,25.678407907997006,1.99994660423543
1041.000000000000000,2059.634705919276712,2000-2500m,26.197602788635972,2.76452228697888
1042.000000000000000,2060.969795480368703,2000-2500m,26.916518029932902,5.08043169474251
1043.000000000000000,1583.133858514845542,1000-2000m,26.198163345323508,12.2437562942505
1044.000000000000000,1297.742828447680722,1000-2000m,25.868561952247131,28.2099201902077
1045.000000000000000,1231.532319151622232,1000-2000m,29.264771935973009,43.1703867554731
1046.000000000000000,1325.495135270855599,1000-2000m,27.607947180363947,54.5380688471801
1047.000000000000000,1114.513621241604369,1000-2000m,29.989383654704017,57.5672720615264
1048.000000000000000,1491.643163741951639,1000-2000m,27.657671498072112,50.2423667907715
1049.000000000000000,1300.743393383968623,1000-2000m,28.233928152386962,44.1628518256713
1050.000000000000000,1014.793578557529372,1000-2000m,29.429485181169195,31.0742970130731
1051.000000000000000,984.726202499684405,"0-1000m",27.036911773555889,27.9059690039255
1052.000000000000000,901.344736676919183,"0-1000m",27.015883308814310,22.2280387878418
1053.000000000000000,988.459136275186779,"0-1000m",25.229610745965843,23.5638968782786
1054.000000000000000,699.174946345158446,"0-1000m",24.477233682124055,24.4681009270697
1055.000000000000000,759.586027242483169,"0-1000m",26.125362961216990,38.2357465823183
1056.000000000000000,875.801895675098876,"0-1000m",24.964627987986511,39.6474063445275
1057.000000000000000,771.035980305517000,"0-1000m",28.119022457049173,16.3169026374817
1058.000000000000000,756.513527085556461,"0-1000m",31.464025361152306,5.20416804638411
1059.000000000000000,753.153547531877280,"0-1000m",31.556118042501414,7.80194921707562
1060.000000000000000,712.113395267089459,"0-1000m",31.757118182881129,6.20124814348801
1061.000000000000000,609.556650555520719,"0-1000m",32.947828737436083,0.138568818569183
1062.000000000000000,982.486649412952943,"0-1000m",28.825732535966164,1.36026236892502
1063.000000000000000,679.452200112987271,"0-1000m",19.924116037564612,2.58515683561479
1064.000000000000000,540.066976335446611,"0-1000m",19.221892852416286,7.36600033339986
1065.000000000000000,493.994539830829467,"0-1000m",21.650703258217909,9.9005634607582
1066.000000000000000,672.315297219258014,"0-1000m",27.681446480010500,8.80025482177734
1067.000000000000000,843.382807105643110,"0-1000m",28.635749803368299,7.56074186949856
1068.000000000000000,901.536138113874472,"0-1000m",25.346100842631028,4.0461971342232
1069.000000000000000,713.723149833657544,"0-1000m",26.431636475858021,4.04772378302362
1070.000000000000000,797.232031887515063,"0-1000m",26.228991541857905,6.56353081543337
1071.000000000000000,603.552802676429792,"0-1000m",26.840341299166411,19.3679871559143
1072.000000000000000,350.584774760634104,"0-1000m",23.657187061900615,53.626482128021
1073.000000000000000,237.389983579638738,"0-1000m",10.435784319039843,70.5578662329448
1078.000000000000000,136.339508900391365,"0-1000m",1.894952319869188,110.65213394165
1079.000000000000000,140.330738811122956,"0-1000m",1.965566263564009,139.647285461426
1080.000000000000000,181.308073475571263,"0-1000m",3.401773915563572,91.0758762359619
1081.000000000000000,205.545100746971315,"0-1000m",3.847895344565968,15.7827841440837
1082.000000000000000,186.194965789969245,"0-1000m",3.165152896663419,37.72116406092
1083.000000000000000,198.832375962630977,"0-1000m",3.261316506588567,39.3537910044207
1084.000000000000000,207.874678300169478,"0-1000m",3.373435450138530,23.0455690275596
1085.000000000000000,225.560950348377389,"0-1000m",3.424681765829727,8.22875261306763
1086.000000000000000,266.616462567857582,"0-1000m",3.115993312474441,8.49714421453504
1087.000000000000000,320.366015943757532,"0-1000m",3.149205332014811,12.7953247563499
1088.000000000000000,596.292950850542979,"0-1000m",15.876395379728235,17.0803503102123
1089.000000000000000,876.840897613937614,"0-1000m",30.261402411002010,7.18833200334322
1090.000000000000000,1122.957912246563410,1000-2000m,29.435413478075191,0.145136915147305
1091.000000000000000,1475.515127738371802,1000-2000m,28.388676236141674,0.0348427920395049
1092.000000000000000,1710.293081681605827,1000-2000m,33.224423204108795,0
1093.000000000000000,1755.624097671206982,1000-2000m,33.275177568834899,0
1094.000000000000000,2112.321166279580666,2000-2500m,30.214835803111178,3.45454412940537
1095.000000000000000,1951.518554352235924,1000-2000m,22.985714005105752,4.39767599105835
1096.000000000000000,1746.402328266907944,1000-2000m,25.557129517944222,26.428901900515
1097.000000000000000,1140.159531730588242,1000-2000m,25.727012505920925,42.8238552518201
1098.000000000000000,1026.290783683405607,1000-2000m,24.786305138592780,46.1656876020202
1099.000000000000000,1200.594956462032997,1000-2000m,26.450616392689085,47.0003510320179
1100.000000000000000,1490.042589919025886,1000-2000m,26.118281073248983,51.3612632751465
1101.000000000000000,1737.376143066695704,1000-2000m,25.265408910065418,42.9326806497959
1102.000000000000000,1435.106644611591491,1000-2000m,25.745530432046891,30.0887896946203
1103.000000000000000,1624.543405938107981,1000-2000m,28.009559765765307,28.0935972046852
1104.000000000000000,1235.752192503354991,1000-2000m,27.973767736107469,24.031322479248
1105.000000000000000,819.823850691301800,"0-1000m",26.894589389173365,24.117929774618
1106.000000000000000,710.681438704412813,"0-1000m",23.107275592778564,23.1493860746467
1107.000000000000000,1238.896882119784095,1000-2000m,24.334267770445788,37.4562451612199
1108.000000000000000,1612.169501576105631,1000-2000m,24.941834680022865,39.2377470795371
1109.000000000000000,1226.957096227481088,1000-2000m,25.064078032552089,19.7110843658447
1110.000000000000000,1314.910208794981372,1000-2000m,24.408805129507765,5.94834261690011
1111.000000000000000,1088.552633230807942,1000-2000m,28.388942532231056,11.562669451836
1112.000000000000000,1092.665116569395423,1000-2000m,30.854072406276210,9.411512756871
1113.000000000000000,822.702287693892231,"0-1000m",32.054915656485221,0.11024908721447
1114.000000000000000,667.645910488983759,"0-1000m",32.559368227618855,1.96195639728502
1115.000000000000000,1027.568178271589431,1000-2000m,30.944210110223889,2.65261199214323
1116.000000000000000,1093.896320339564909,1000-2000m,23.667880846862925,8.18027545530935
1117.000000000000000,841.742891218379214,"0-1000m",19.460418331028315,11.1196991569737
1118.000000000000000,782.888673886582865,"0-1000m",19.653730597990005,10.9791264533997
1119.000000000000000,660.236447052214316,"0-1000m",19.585263915531236,8.78108767599508
1120.000000000000000,787.998587659280588,"0-1000m",21.521988228170407,4.34319030390889
1121.000000000000000,878.621016822196566,"0-1000m",22.862812283865871,3.25153034733656
1122.000000000000000,663.442932492743694,"0-1000m",24.460278455549609,1.56848685764032
1123.000000000000000,569.255037348565679,"0-1000m",26.246975831980890,0.594127297401428
1124.000000000000000,455.971037108704422,"0-1000m",26.301432219654341,1.0784789491409
1125.000000000000000,444.260447551574543,"0-1000m",24.697430181937140,29.7921874318157
1126.000000000000000,431.296622936413257,"0-1000m",23.881885772402640,54.3043564727662
1127.000000000000000,313.143909366124660,"0-1000m",21.113383055569411,81.4366645812988
1128.000000000000000,227.816442605997906,"0-1000m",9.439003134620219,110.536301168432
1132.000000000000000,136.897445295605309,"0-1000m",1.876684619253486,49.3111882909572
1133.000000000000000,142.402359476920196,"0-1000m",2.213956154920120,56.5584671625512
1134.000000000000000,147.986127675601011,"0-1000m",2.551209944716122,37.2769340538185
1135.000000000000000,156.191504634686794,"0-1000m",2.419267551310917,35.7925497690837
1136.000000000000000,168.012452794856586,"0-1000m",2.798129367249441,109.945007324219
1137.000000000000000,179.607180967924165,"0-1000m",2.864244663016192,109.945007324219
1138.000000000000000,192.701881963733939,"0-1000m",2.795271981335127,45.1440048217773
1139.000000000000000,215.194313535782271,"0-1000m",2.997879195366491,30.5792617797852
1140.000000000000000,253.291632665871560,"0-1000m",3.122557081989646,17.5890380482497
1141.000000000000000,293.861146655847222,"0-1000m",3.302840174868118,28.4962796142677
1142.000000000000000,456.875908991604490,"0-1000m",10.136755652107205,38.9072385453592
1143.000000000000000,1477.993252149896534,1000-2000m,30.532725040953096,16.2647773212627
1144.000000000000000,2040.014075715489525,2000-2500m,28.962148802012095,0.0290273828431964
1145.000000000000000,2091.971349208826268,2000-2500m,31.925716652375286,0.00548706918338408
1146.000000000000000,2343.984145313816498,2000-2500m,35.815818550418378,0.10967546040313
1147.000000000000000,2309.199767748415070,2000-2500m,32.721643002541597,0.226389683389757
1148.000000000000000,2387.502855716113572,2000-2500m,30.800177253309769,1.19595407174768
1149.000000000000000,1969.213601323304601,1000-2000m,27.579545266362715,2.06897077083393
1150.000000000000000,2309.430450065909099,2000-2500m,26.874535276750525,1.77451258398406
1151.000000000000000,2346.045316937673761,2000-2500m,25.831065054616850,1.33068287372589
1152.000000000000000,1896.206892222710167,1000-2000m,31.339571365105080,8.5227130398463
1153.000000000000000,1718.367591523360716,1000-2000m,30.598778628337719,48.7875360509358
1154.000000000000000,1979.891469462055056,1000-2000m,30.637111511662788,39.08988029258
1155.000000000000000,1694.424487375550143,1000-2000m,26.600627404601070,11.3194627761841
1156.000000000000000,1222.862956836553167,1000-2000m,28.842680228137301,17.3066565463623
1157.000000000000000,1145.366361182600031,1000-2000m,26.757805383947041,20.6396334603146
1158.000000000000000,1428.660435067569551,1000-2000m,28.780063326674373,16.8945144185087
1159.000000000000000,1860.604007365562893,1000-2000m,29.261179631897271,18.1307007836086
1160.000000000000000,1777.814292888079763,1000-2000m,28.506464688237362,33.4658432006836
1161.000000000000000,1911.859274055116884,1000-2000m,26.637397531829681,30.9971536921554
1162.000000000000000,2008.984800724072556,2000-2500m,27.559070437330117,10.4403867755254
1163.000000000000000,1750.158370472663364,1000-2000m,28.029207952661650,14.8454943902033
1164.000000000000000,1450.838831497144383,1000-2000m,31.219735075113491,28.4386444091797
1165.000000000000000,853.055491401641689,"0-1000m",29.615498913775458,25.1040733201778
1166.000000000000000,759.200238528654836,"0-1000m",29.026128762070435,21.295416608945
1167.000000000000000,1244.747136481383222,1000-2000m,26.419758439125246,16.5870798275109
1168.000000000000000,1799.012234324771498,1000-2000m,24.521676237127629,12.7438800062118
1169.000000000000000,1775.752212667126969,1000-2000m,27.587744231728504,8.10860526561737
1170.000000000000000,1810.795324740176738,1000-2000m,26.283434894477384,4.87131055816289
1171.000000000000000,1037.490678551252358,1000-2000m,24.828628913296889,21.3498496847736
1172.000000000000000,694.544115352205040,"0-1000m",27.406792489037315,18.9058170983023
1173.000000000000000,627.400705346275117,"0-1000m",31.319669305460227,6.22012424468994
1174.000000000000000,968.156989517293368,"0-1000m",31.079247622958221,4.64583121869431
1175.000000000000000,676.569613932149423,"0-1000m",30.685093941859552,2.16283356183568
1176.000000000000000,907.163321993695604,"0-1000m",29.959798328256891,3.64800852146309
1177.000000000000000,1222.876184796936741,1000-2000m,30.251365056359369,4.43263948261918
1178.000000000000000,1415.777815923348271,1000-2000m,29.629724431441652,4.60396313667297
1179.000000000000000,1203.141443775162770,1000-2000m,26.582434069040190,3.10144024699718
1180.000000000000000,1181.742326282091426,1000-2000m,27.944175065610168,1.93716583696791
1181.000000000000000,969.883524234574452,"0-1000m",27.420765421524933,3.47981451525277
1182.000000000000000,643.989919166068489,"0-1000m",25.119184549140599,8.99190243176407
1183.000000000000000,455.535057435189231,"0-1000m",19.335671511449849,5.84403240680695
1184.000000000000000,399.372460285259535,"0-1000m",21.158087917498843,2.77832106416949
1185.000000000000000,434.426172716207361,"0-1000m",25.657189965202942,13.7007145979729
1186.000000000000000,457.251710501537900,"0-1000m",24.075699746982469,22.656103024471
1187.000000000000000,379.104709590836762,"0-1000m",24.200134589473031,34.2282886505127
1188.000000000000000,413.290440022597465,"0-1000m",22.160556177176076,42.9320472373276
1189.000000000000000,282.744951780531210,"0-1000m",18.583537274944739,77.6003552573617
1190.000000000000000,186.336342027495817,"0-1000m",7.488619203505458,131.960238370747
1191.000000000000000,142.800037463707042,"0-1000m",1.934342677170555,319.862257993256
1194.000000000000000,125.615565908468071,"0-1000m",1.795242116782333,32.2572353778803
1198.000000000000000,145.439066808059380,"0-1000m",2.452941561229449,85.210302030477
1199.000000000000000,149.196880296277698,"0-1000m",2.243909096351024,52.1562700271606
1200.000000000000000,155.581536156799103,"0-1000m",2.606285550920872,32.3124164877902
1201.000000000000000,163.274804157173634,"0-1000m",2.607683526649604,73.6577150520027
1202.000000000000000,175.518548741447489,"0-1000m",2.665917109254723,89.5248530762016
1203.000000000000000,190.968321837645505,"0-1000m",2.824677742115739,108.548547302207
1204.000000000000000,210.609656377765987,"0-1000m",3.004744927180284,68.3840789794922
1205.000000000000000,234.297438955495579,"0-1000m",3.272267326620567,15.3587260246277
1206.000000000000000,265.424393745513555,"0-1000m",3.111575055332196,26.6535472869873
1207.000000000000000,491.845104709590828,"0-1000m",15.928390926243814,32.8780273773451
1208.000000000000000,1254.311436821291863,1000-2000m,33.335429602526411,13.6350764465838
1209.000000000000000,1646.223619737211720,1000-2000m,31.054229883547411,0
1210.000000000000000,1662.709216316594393,1000-2000m,32.378174596061399,0.048714115810431
1212.000000000000000,2461.598670453481645,2000-2500m,33.618324070436906,0.0163703898108413
1213.000000000000000,1898.900163203816419,1000-2000m,35.241471814514640,3.58793850512613
1214.000000000000000,1880.861084235822773,1000-2000m,34.696037115572629,0.0819219406304501
1215.000000000000000,2209.386005430541900,2000-2500m,35.347859104969075,1.35861089092092
1216.000000000000000,2316.822076454710896,2000-2500m,31.493337675855592,2.12882775068283
1217.000000000000000,1770.085626814796115,1000-2000m,24.427899732868362,3.55854594707489
1218.000000000000000,1773.089887640449433,1000-2000m,27.558511135498449,5.12986159324646
1219.000000000000000,1998.775469210972233,1000-2000m,26.558958283949480,7.60254269838333
1220.000000000000000,1930.180848377729944,1000-2000m,25.627341909553799,16.7120456695557
1221.000000000000000,1289.773303621869218,1000-2000m,28.730758111559261,53.1500587463379
1222.000000000000000,1317.415130665320021,1000-2000m,25.834321192383765,53.1500587463379
1223.000000000000000,1310.130563053166952,1000-2000m,25.306513591555611,12.7471895217896
1224.000000000000000,1427.085964471784337,1000-2000m,23.884451591152516,20.6022386550903
1225.000000000000000,1720.731946723898545,1000-2000m,26.753998487692908,22.5660009384155
1226.000000000000000,1793.417205448496588,1000-2000m,26.646883599245648,12.4600901603699
1227.000000000000000,1872.510671018768335,1000-2000m,26.784088734122328,5.72281616926193
1228.000000000000000,1455.744634515843927,1000-2000m,28.003810454563897,21.5355634689331
1229.000000000000000,1679.830487728328080,1000-2000m,29.920159277224926,26.4317488741573
1230.000000000000000,2146.181878099303049,2000-2500m,30.264442007702804,16.6628830049358
1231.000000000000000,2150.776827420780137,2000-2500m,31.479384908511463,19.5329697321103
1232.000000000000000,1359.325717155232041,1000-2000m,28.080084742437442,31.3768577575684
1233.000000000000000,1023.621398531165596,1000-2000m,31.437365481058116,22.6346918377372
1234.000000000000000,1428.189906577452348,1000-2000m,29.898473489012993,17.3073721050664
1235.000000000000000,1563.921316929257500,1000-2000m,25.471393961188795,6.03963476915602
1236.000000000000000,1840.553763103383289,1000-2000m,26.076540288593577,0.73887112762625
1237.000000000000000,1037.373847998989959,1000-2000m,21.629683962122389,0.373618975281715
1238.000000000000000,1204.256857698826252,1000-2000m,24.612537311995538,9.1542314757231
1239.000000000000000,1288.924914783486884,1000-2000m,21.964916631892606,54.0974364246084
1240.000000000000000,833.245653129119319,"0-1000m",23.791754858610897,45.9891395779997
1241.000000000000000,534.227889021404849,"0-1000m",25.013125893283146,10.2933740615845
1242.000000000000000,923.606741573033673,"0-1000m",28.121189181024704,10.5481870670269
1243.000000000000000,824.766587157115055,"0-1000m",28.768117101322300,6.29754415678761
1244.000000000000000,893.136934279078559,"0-1000m",29.925165806975883,3.98892803926082
1245.000000000000000,1132.292734503219208,1000-2000m,28.304885681500664,2.98333560652002
1246.000000000000000,1189.412121021906842,1000-2000m,27.306783540140938,0.353854036424309
1247.000000000000000,1115.396114493754339,1000-2000m,25.367922138032419,4.15066188475338
1248.000000000000000,992.454898371417698,"0-1000m",25.443237751658092,11.7135716488964
1249.000000000000000,724.640449438202268,"0-1000m",26.330551155674279,12.0346256060113
1250.000000000000000,877.847278890214056,"0-1000m",26.313270043163456,13.0520820617676
1251.000000000000000,894.642059083449112,"0-1000m",25.660688364112794,8.03612208279103
1252.000000000000000,649.780271169418143,"0-1000m",23.164315199629300,3.90923599334696
1253.000000000000000,343.373862281087213,"0-1000m",17.198600917925035,5.08738339758587
1254.000000000000000,475.112801413962870,"0-1000m",20.968075476643254,5.38682405410503
1255.000000000000000,379.769474609252427,"0-1000m",17.729834787016621,2.75603634119034
1256.000000000000000,361.761015023355640,"0-1000m",18.083176103713257,2.12613606019736
1257.000000000000000,409.320538572594330,"0-1000m",13.729087902692910,3.76874305220924
1258.000000000000000,284.139319565626749,"0-1000m",12.643822202295622,15.3598703662968
1259.000000000000000,201.523071581870965,"0-1000m",5.781726057942236,55.8693563236747
1260.000000000000000,150.504205636808734,"0-1000m",2.337725004234864,80.0524883270264
1261.000000000000000,141.166624819534235,"0-1000m",1.965829259745497,109.969931393866
1262.000000000000000,129.376688549425580,"0-1000m",1.901852819602685,46.454529476614
1263.000000000000000,130.819251773272242,"0-1000m",1.798458414059001,11.7997267259711
1264.000000000000000,130.918014427352688,"0-1000m",1.727161073167046,51.1053056716919
1267.000000000000000,157.599010666254458,"0-1000m",1.855157739051247,65.8228569030762
1268.000000000000000,166.588192831586213,"0-1000m",2.347048888959055,26.3867001587564
1269.000000000000000,170.239219132508936,"0-1000m",2.761253344665537,29.3461670398966
1270.000000000000000,180.160049236207556,"0-1000m",2.983782258652111,58.5557044562067
1271.000000000000000,194.227763480007525,"0-1000m",2.927594798896424,203.823892005476
1272.000000000000000,215.189818592680950,"0-1000m",3.325619040671159,143.557523727417
1273.000000000000000,234.810093422547652,"0-1000m",3.138120540497619,23.9554090902862
1274.000000000000000,263.565658150775221,"0-1000m",3.048046700815750,12.6838621355084
1275.000000000000000,421.708712572970853,"0-1000m",12.936911589029952,13.596072435379
1276.000000000000000,1063.940095947481268,1000-2000m,32.714525489924078,5.5872889260451
1277.000000000000000,1277.733977779172619,1000-2000m,33.587479930263285,0.160088516771793
1278.000000000000000,1418.866957504237007,1000-2000m,32.209421842748178,0.175864834137181
1279.000000000000000,1544.577988890291635,1000-2000m,32.265484555433346,0.153959098816469
1280.000000000000000,2092.099930952231716,2000-2500m,31.222803159537023,0.0688721990383497
1281.000000000000000,2436.804061264201664,2000-2500m,35.619026671724100,12.8373783003588
1282.000000000000000,1642.653515970205717,1000-2000m,32.603593244940768,23.3261429895679
1283.000000000000000,1629.792323143556587,1000-2000m,34.828951429289177,11.0420355557164
1284.000000000000000,1783.744680183290257,1000-2000m,33.940711699107752,2.16196376085281
1285.000000000000000,1884.856489079661742,1000-2000m,36.080412646159864,1.06383794471294
1286.000000000000000,2022.373768125039305,2000-2500m,34.889853318349715,0.599330672349526
1287.000000000000000,2470.287100901969552,2000-2500m,32.565627519534132,0.873539603292129
1288.000000000000000,1931.918104928060984,1000-2000m,28.113400474938182,1.85534620844015
1289.000000000000000,1715.344108969932904,1000-2000m,30.856516747839503,8.50972143144494
1290.000000000000000,1530.851003401891376,1000-2000m,27.055214366030754,19.1420655250549
1291.000000000000000,1452.066851846072268,1000-2000m,25.824251577441853,22.8904066304571
1292.000000000000000,1542.888236771075299,1000-2000m,26.679162533386936,25.2871135769268
1293.000000000000000,1962.878437002590545,1000-2000m,29.156548679978908,19.0162584841654
1294.000000000000000,2401.140070534627284,2000-2500m,28.972295335375254,0
1295.000000000000000,1885.017696076901530,1000-2000m,29.153038092525325,30.5385777069028
1296.000000000000000,1261.427876467264923,1000-2000m,30.006512605994818,50.5227142088945
1297.000000000000000,1153.142380075528081,1000-2000m,26.524986181708403,28.7022291122159
1298.000000000000000,1624.711432227458545,1000-2000m,31.146098263414505,18.4543641959362
1299.000000000000000,1998.876090640888833,1000-2000m,31.833918568632704,20.8059406280518
1300.000000000000000,1369.843575418994533,1000-2000m,31.019049981858402,30.4634704589844
1301.000000000000000,1168.682906276333370,1000-2000m,28.443975871811400,63.0070915222168
1302.000000000000000,1441.002322515849528,1000-2000m,28.345052027376482,63.0070915222168
1303.000000000000000,937.148185137792211,"0-1000m",28.538282111400857,20.7966051101685
1304.000000000000000,1431.339190412284324,1000-2000m,32.230548906924206,9.88762021064758
1305.000000000000000,2306.688406251962078,2000-2500m,29.274184218594499,7.1603741645813
1306.000000000000000,1921.043007396772964,1000-2000m,28.779329961303972,3.86503791809082
1307.000000000000000,1959.320776505102913,1000-2000m,26.236361509373207,1.66814720630646
1308.000000000000000,1395.062551001192560,1000-2000m,26.125390268999389,1.69787859916687
1309.000000000000000,686.431259948191382,"0-1000m",20.360265422192828,25.7238623033153
1310.000000000000000,686.162858577616021,"0-1000m",19.076511582432406,152.786284924429
1311.000000000000000,640.107705752005245,"0-1000m",20.645324467591433,125.740125475063
1312.000000000000000,426.274960207234471,"0-1000m",20.896353374104685,24.3045749664307
1313.000000000000000,804.195813194400898,"0-1000m",25.024615629532448,28.0540841837722
1314.000000000000000,690.077432040198346,"0-1000m",23.175484389477916,23.3979487081251
1315.000000000000000,631.343747074061412,"0-1000m",24.263886412017182,14.7375689187227
1316.000000000000000,815.911995480509745,"0-1000m",26.483774261525554,11.2915159194796
1317.000000000000000,767.156518211041998,"0-1000m",26.031758778914948,8.8147931098938
1318.000000000000000,838.348584625947979,"0-1000m",22.433920646564012,22.4326869486776
1319.000000000000000,857.090797815579663,"0-1000m",18.143362523206157,64.0169929870509
1320.000000000000000,907.925376860897018,"0-1000m",18.978570801550489,51.8282756538419
1321.000000000000000,1192.929465372491450,1000-2000m,21.993859014024103,9.62355422973633
1322.000000000000000,1339.947492310589496,1000-2000m,24.124240327222410,5.0784018225717
1323.000000000000000,1125.806185824412523,1000-2000m,27.071399382483449,2.29945537596722
1324.000000000000000,607.111513373490197,"0-1000m",22.803047065408357,7.16183968498785
1325.000000000000000,519.831209591362722,"0-1000m",18.376053239219456,8.90522464503427
1326.000000000000000,570.540151680659164,"0-1000m",20.894196359938459,4.56546032428741
1327.000000000000000,480.802994162325035,"0-1000m",17.809749598320817,3.90140387907414
1328.000000000000000,403.259511251209403,"0-1000m",13.193412562495951,7.39565669515836
1329.000000000000000,297.598077463250149,"0-1000m",8.472897426678490,16.8721378929418
1330.000000000000000,205.346839495323593,"0-1000m",3.124860625677438,48.3202018737793
1331.000000000000000,156.495802253362882,"0-1000m",1.737101608962769,58.9910960452962
1332.000000000000000,143.669610811148203,"0-1000m",1.938091374528109,72.3876093137269
1333.000000000000000,135.483679618354159,"0-1000m",2.142191432496758,29.7590945597694
1334.000000000000000,133.703598514403410,"0-1000m",1.813821799236208,9.76318862056145
1335.000000000000000,132.864267657064374,"0-1000m",1.882029279528088,40.8971309661865
1336.000000000000000,132.703710763756504,"0-1000m",1.681386527452921,52.8714116839474
1340.000000000000000,180.542336381511177,"0-1000m",2.530876501668452,18.7244549236012
1341.000000000000000,190.002278330888544,"0-1000m",2.366770493770014,13.1284955977171
1342.000000000000000,205.240600087878988,"0-1000m",2.752570462575000,41.1856384605706
1343.000000000000000,214.906401173496448,"0-1000m",2.690929707271584,174.172934975732
1344.000000000000000,235.926438001310828,"0-1000m",3.054953337191048,93.8326568603516
1345.000000000000000,360.572374615529498,"0-1000m",10.591278624783698,20.6882932799382
1346.000000000000000,669.364345682094836,"0-1000m",24.281936696977787,7.15576620047535
1347.000000000000000,1115.556474517024981,1000-2000m,29.662037300337246,3.82240123536791
1348.000000000000000,857.734071935220641,"0-1000m",30.410173867757351,2.46489536762238
1349.000000000000000,914.512093879716645,"0-1000m",31.458809281007198,1.00078716874123
1350.000000000000000,1166.036734184326406,1000-2000m,31.919876676614077,0.173921033740044
1351.000000000000000,1674.689912748728830,1000-2000m,33.664104228840408,0.173921033740044
1352.000000000000000,2238.826472332324101,2000-2500m,30.452623080520667,2.3081579090735
1353.000000000000000,2035.477887706376123,2000-2500m,32.316723920785613,0.130545448511839
1354.000000000000000,2332.857102504550767,2000-2500m,33.699326306034315,2.07999845095101
1355.000000000000000,2154.449455385287820,2000-2500m,30.957376194764215,17.2763688345967
1356.000000000000000,1403.044033645094487,1000-2000m,29.349922702401660,28.871420837924
1357.000000000000000,2138.352423457445184,2000-2500m,34.553082209993356,13.7015726777563
1358.000000000000000,1843.893885958615556,1000-2000m,34.985912620343925,3.60327303409576
1359.000000000000000,1717.428253091457009,1000-2000m,38.113065982032197,1.39635561825417
1360.000000000000000,2241.637277238537990,2000-2500m,23.246556463043859,15.3410177230835
1361.000000000000000,1937.467713242408081,1000-2000m,30.922433504069453,26.8526059562689
1362.000000000000000,2287.324650053355072,2000-2500m,31.741293620514124,27.4233415470103
1363.000000000000000,1989.135678865105774,1000-2000m,27.430527521873216,4.74115099701339
1364.000000000000000,1870.386348740676112,1000-2000m,27.221743885036950,1.90525889396667
1365.000000000000000,1502.926001061140369,1000-2000m,31.323773208647356,33.5557628087335
1366.000000000000000,927.491996735923635,"0-1000m",29.519954240256901,58.1476223307321
1367.000000000000000,859.608283137230387,"0-1000m",30.273205314407384,34.1448341542751
1368.000000000000000,1015.321619175431465,1000-2000m,31.573508536298448,21.3106661819472
1369.000000000000000,1216.039074759902178,1000-2000m,33.307053502360120,17.5045433044434
1370.000000000000000,1135.110826753222454,1000-2000m,29.582119293064682,26.8690750969173
1371.000000000000000,846.348803096033180,"0-1000m",26.576866052068038,77.7145966657712
1372.000000000000000,965.528843136024079,"0-1000m",29.379063858251254,60.4079999853799
1373.000000000000000,1138.292094503916815,1000-2000m,30.319301043050132,13.0097684860229
1374.000000000000000,2069.029087731344134,2000-2500m,27.203544722116430,7.92009460384677
1375.000000000000000,1799.840154415918960,1000-2000m,29.034495691574946,2.7115848821758
1376.000000000000000,1478.243781405074742,1000-2000m,30.066651823186973,5.69577195756859
1377.000000000000000,1359.987235105021682,1000-2000m,29.101547309270789,7.1675048149822
1378.000000000000000,1334.801989831146784,1000-2000m,28.450654319043696,10.8134894371033
1379.000000000000000,983.176586248868603,"0-1000m",20.739095741314852,46.5700798034668
1380.000000000000000,454.735452890590693,"0-1000m",17.108010969305891,207.03141784668
1381.000000000000000,544.295870915389628,"0-1000m",18.351398357835013,207.03141784668
1382.000000000000000,660.988733185605838,"0-1000m",21.180624155548063,43.6064300537109
1383.000000000000000,1305.207425773648538,1000-2000m,26.532347772969398,34.192967414856
1384.000000000000000,943.713866608408011,"0-1000m",23.637685853004150,31.8396024703979
1385.000000000000000,701.857932024593538,"0-1000m",22.270812844240535,23.3130884170532
1386.000000000000000,660.302805850229106,"0-1000m",23.390923128516459,18.3247124746195
1387.000000000000000,788.813832277394567,"0-1000m",22.377010033454425,21.5062017440796
1388.000000000000000,873.352454667457323,"0-1000m",23.974305902615541,34.7916274296445
1389.000000000000000,691.988701274245159,"0-1000m",13.001871992744997,98.2087976178874
1390.000000000000000,829.432851658812183,"0-1000m",16.319649375311744,77.2208765242717
1391.000000000000000,1234.039355825348821,1000-2000m,18.991862063901944,4.48076248168945
1392.000000000000000,1084.977214236394502,1000-2000m,23.248256528145308,3.78096022922042
1393.000000000000000,1070.331325489216852,1000-2000m,30.655841594595390,1.50471244800565
1394.000000000000000,784.902624762023606,"0-1000m",25.204310276298425,8.89891928578992
1395.000000000000000,564.771043876718295,"0-1000m",19.846063932966214,11.5350255470015
1396.000000000000000,817.935083174682404,"0-1000m",21.762393346261632,7.27959632873535
1397.000000000000000,830.205762350134933,"0-1000m",20.713651373465865,5.35752327103295
1398.000000000000000,637.225117817795990,"0-1000m",17.936673287212201,10.5924650952883
1399.000000000000000,417.539371430354834,"0-1000m",16.933597605598461,17.07844631701
1400.000000000000000,242.456060510953478,"0-1000m",6.147451990746726,35.8745040893555
1401.000000000000000,168.846197060016863,"0-1000m",1.917485094160118,36.9929774236283
1402.000000000000000,148.061702194063827,"0-1000m",2.173640644610105,38.5374858056276
1403.000000000000000,143.089981796497398,"0-1000m",2.368420242088685,14.988263891881
1404.000000000000000,137.696357791579544,"0-1000m",1.736540021595188,7.00009823135723
1405.000000000000000,140.467089042164730,"0-1000m",1.967905548713876,25.5848655700684
1406.000000000000000,142.290565563994733,"0-1000m",1.820000099793628,31.4186931553009
1407.000000000000000,145.585374988296252,"0-1000m",2.100711677328074,10.4959366617281
1408.000000000000000,146.743174033599757,"0-1000m",2.006593101700209,13.5177199596848
1409.000000000000000,152.177289789789796,"0-1000m",2.143198304886255,32.9908027648926
1410.000000000000000,156.885436723262728,"0-1000m",2.316805602644691,78.2102270746052
1411.000000000000000,154.881425017203981,"0-1000m",1.758101816155435,123.249849196387
1412.000000000000000,163.934085365853662,"0-1000m",2.426449862515844,66.9036967984752
1413.000000000000000,182.343550663279700,"0-1000m",2.663886453793611,28.1060634981189
1414.000000000000000,206.684955937893420,"0-1000m",3.067217994594791,10.5044810771942
1415.000000000000000,216.036665591744594,"0-1000m",2.829320722510639,6.81407753639623
1416.000000000000000,230.248057176742293,"0-1000m",2.739422694795752,4.49407396856236
1417.000000000000000,239.768909672964668,"0-1000m",2.847439604087747,13.7926257333167
1418.000000000000000,270.894104428700700,"0-1000m",2.876395598771740,53.3751246316234
1419.000000000000000,318.639243469304972,"0-1000m",3.311287822352344,19.2453508377075
1420.000000000000000,651.232126043562857,"0-1000m",19.266810867037968,13.3911197395344
1421.000000000000000,1338.469304953029223,1000-2000m,29.809851428816145,4.99466820357582
1422.000000000000000,1572.554102556099906,1000-2000m,29.593046052854501,1.41130246038004
1423.000000000000000,750.089950411148038,"0-1000m",27.946600636492025,3.46381026506424
1424.000000000000000,1445.545207702630933,1000-2000m,32.680301668342203,3.36348822374687
1425.000000000000000,2106.073343528603800,2000-2500m,30.981697606435052,0.590606994125132
1426.000000000000000,2309.215429037725244,2000-2500m,33.064748217440396,1.67304152442166
1427.000000000000000,2307.965138416403988,2000-2500m,33.311051002381809,8.77381896972656
1428.000000000000000,1235.933647514122640,1000-2000m,31.567201236090249,8.76976132392883
1429.000000000000000,1235.697413847216239,1000-2000m,31.740200926402984,8.48418755535369
1430.000000000000000,1434.459099279048814,1000-2000m,30.205441326242880,11.1619250099078
1431.000000000000000,1818.978375494319152,1000-2000m,32.804960906978174,12.9064265076805
1432.000000000000000,1659.813382712949533,1000-2000m,35.277743855058787,0.66396693327107
1433.000000000000000,2317.895878045701465,2000-2500m,30.094519882456652,11.9857016456969
1434.000000000000000,2000.994444793170487,2000-2500m,28.499629941900086,29.2087537424468
1435.000000000000000,1632.094842822875989,1000-2000m,28.789224015870481,22.5878905003394
1436.000000000000000,1160.480478312723562,1000-2000m,29.975548715721260,9.52629470825195
1437.000000000000000,991.348565689536144,"0-1000m",29.022072157993609,15.6396572214056
1438.000000000000000,1798.590013887135456,1000-2000m,31.601829375692002,22.0416812819559
1439.000000000000000,1595.894043060699232,1000-2000m,32.490029064880410,14.9889452064177
1440.000000000000000,1302.113112798945167,1000-2000m,29.367978967589437,10.9534806147293
1441.000000000000000,956.985955056179819,"0-1000m",33.069733216451752,5.54973459243774
1442.000000000000000,1371.909296340468245,1000-2000m,31.496251195909533,11.9011272288048
1443.000000000000000,1705.594689598895002,1000-2000m,31.250911699340033,30.5398085340099
1444.000000000000000,1309.232925135715277,1000-2000m,36.550773550564806,23.2868086316467
1445.000000000000000,1737.527587722051294,1000-2000m,33.563054243107111,0
1446.000000000000000,1695.570460109220903,1000-2000m,24.268262590464975,5.10688674185015
1447.000000000000000,1214.025880570635081,1000-2000m,25.785931529452377,6.20138568195733
1448.000000000000000,1047.586717720168281,1000-2000m,26.262122051862232,25.4884981787005
1449.000000000000000,905.156895361245347,"0-1000m",23.681662825533607,33.8331383215494
1450.000000000000000,836.352165130665298,"0-1000m",27.482663319085614,45.0057735443115
1451.000000000000000,625.578431987948079,"0-1000m",23.112552018746062,37.3692519162413
1452.000000000000000,792.300782729453317,"0-1000m",23.309209117596335,73.0521131265219
1453.000000000000000,1235.355031071495887,1000-2000m,22.162449504124979,64.136136429526
1454.000000000000000,728.343010482706632,"0-1000m",22.600883358090410,28.1719150543213
1455.000000000000000,1001.461557884105559,1000-2000m,21.988678589004273,23.546779182463
1456.000000000000000,1271.074571589981588,1000-2000m,25.153803284947539,15.313342973719
1457.000000000000000,847.866769192141078,"0-1000m",23.000720430364282,21.586456836657
1458.000000000000000,656.277584900896386,"0-1000m",22.060433309874774,24.2387866973877
1459.000000000000000,698.164113991588692,"0-1000m",21.728978158973039,20.1814494132996
1460.000000000000000,960.028560667880242,"0-1000m",21.662020645089100,24.9797763824463
1461.000000000000000,953.482072970584568,"0-1000m",20.383332162186267,51.1285190582275
1462.000000000000000,747.612642018705628,"0-1000m",19.728081667000364,51.1285190582275
1463.000000000000000,981.885663172431123,"0-1000m",19.420029383346193,15.7717310587565
1464.000000000000000,724.917655599040472,"0-1000m",22.121890894681894,11.3604463471541
1465.000000000000000,1016.739219132509106,1000-2000m,27.582740454656129,5.51187267525313
1466.000000000000000,1158.438453329985578,1000-2000m,28.803822320671820,6.95534353318317
1467.000000000000000,1161.486965029667999,1000-2000m,30.214514026911282,7.1852825072564
1468.000000000000000,1412.693867302743001,1000-2000m,29.320878780445820,6.04312574863434
1469.000000000000000,1566.967459916677171,1000-2000m,27.716351444189662,3.04518117261812
1470.000000000000000,1287.134674533927637,1000-2000m,27.131968804505956,6.38514446667549
1471.000000000000000,846.489611449375388,"0-1000m",25.258048025006701,10.6212070791791
1472.000000000000000,512.806558515339020,"0-1000m",17.474425637549746,29.4048557281494
1473.000000000000000,269.476680685456017,"0-1000m",9.329315202786388,83.0417065350627
1474.000000000000000,158.341441215240735,"0-1000m",2.590353289115266,134.344877141599
1475.000000000000000,151.481599545511926,"0-1000m",2.807234332941939,49.4306232264997
1476.000000000000000,142.917958696880305,"0-1000m",1.783919685372402,10.2209862024361
1477.000000000000000,149.684545853995360,"0-1000m",2.054047626306284,24.3386282920837
1478.000000000000000,158.490468375205154,"0-1000m",1.823352203074128,27.8104770576943
1479.000000000000000,161.585336764798200,"0-1000m",2.443121292787183,12.9638570257077
1480.000000000000000,160.305285292825317,"0-1000m",2.203125474891216,14.2855792033807
1481.000000000000000,160.460800403989396,"0-1000m",1.995153731258975,27.112606048584
1482.000000000000000,165.559067227418240,"0-1000m",2.089118321253197,63.6424479962852
1483.000000000000000,167.399943506371187,"0-1000m",1.870370669371833,101.933434130575
1484.000000000000000,186.181227117788154,"0-1000m",2.169241312410311,52.8090000628014
1485.000000000000000,214.134957002071445,"0-1000m",2.903492414708450,21.0810085610512
1486.000000000000000,247.446566090140124,"0-1000m",3.118223777074649,11.0761370658875
1487.000000000000000,273.838585148452694,"0-1000m",3.172637360825744,5.29264140918017
1488.000000000000000,301.519113677735220,"0-1000m",2.925655211849784,2.52840482447295
1489.000000000000000,325.129087236460123,"0-1000m",5.490775345803070,6.4588615656483
1490.000000000000000,364.867177201682239,"0-1000m",6.573480007918764,19.9138355255127
1491.000000000000000,586.469493440461974,"0-1000m",14.143048902358675,15.2202068285713
1492.000000000000000,1077.687160712031300,1000-2000m,27.960910043034637,9.61080949760098
1493.000000000000000,1373.768941058313885,1000-2000m,27.821379653025740,3.44766527596988
1494.000000000000000,971.298411901324471,"0-1000m",26.653355182208628,0.624291638997747
1495.000000000000000,1173.720994823885803,1000-2000m,31.567511304868468,3.55352389812469
1496.000000000000000,1105.943098361684861,1000-2000m,32.220557581126904,5.15638796804681
1497.000000000000000,2153.032640763291511,2000-2500m,34.479194408049167,5.61989678919232
1498.000000000000000,2110.999021588183496,2000-2500m,33.662155222700875,6.6787793341476
1499.000000000000000,1339.420500910175178,1000-2000m,31.817339713783365,11.567460222578
1500.000000000000000,1417.886196723369494,1000-2000m,33.208753234757140,10.5450730323792
1501.000000000000000,2439.135778310819205,2000-2500m,34.404288553137256,11.1949243545532
1502.000000000000000,1899.548270667252837,1000-2000m,33.656266391211979,5.60710954666138
1503.000000000000000,1653.338688296932105,1000-2000m,35.219234615665918,0.185863177253679
1504.000000000000000,2344.738152030632136,2000-2500m,37.395100560053237,0.189145085153969
1505.000000000000000,2079.585843138479049,2000-2500m,32.482513818552533,0.519400037523387
1506.000000000000000,1678.374081978532331,1000-2000m,30.053101532705998,6.54820742399444
1507.000000000000000,1271.585718298430038,1000-2000m,28.999356079659513,37.1113469129746
1508.000000000000000,1178.035057435189174,1000-2000m,28.165685601027224,28.9524508025105
1509.000000000000000,1165.095502637246000,1000-2000m,31.357063735658301,9.52629470825195
1510.000000000000000,1658.294747354951369,1000-2000m,31.330195769275988,8.91452411618191
1511.000000000000000,2114.895832025610616,2000-2500m,25.719320532061229,8.4091642389407
1512.000000000000000,1524.683093536406432,1000-2000m,25.203124695457326,7.64104763627343
1513.000000000000000,1103.061795824100273,1000-2000m,26.935715268197288,6.79852962493896
1514.000000000000000,1067.562362689096744,1000-2000m,28.823184388387013,5.40956726589689
1515.000000000000000,1588.625355013888566,1000-2000m,27.677048233467779,5.73661193297314
1516.000000000000000,1380.147155207390824,1000-2000m,31.130470634172251,10.6294409375538
1517.000000000000000,1480.205793735484349,1000-2000m,29.503201149339453,7.38606533052222
1518.000000000000000,1828.977903311382306,1000-2000m,26.876228292334638,0
1519.000000000000000,1947.982928123341935,1000-2000m,28.775353700372474,3.89871827228727
1520.000000000000000,1871.196723369531128,1000-2000m,27.839449439142886,8.0234096688665
1521.000000000000000,1632.058175462688496,1000-2000m,26.552683878451010,35.1980299907624
1522.000000000000000,1292.285571611372688,1000-2000m,20.818818565121447,47.1505484243366
1523.000000000000000,1187.626074948214182,1000-2000m,28.988794918663270,45.0057735443115
1524.000000000000000,588.713398458225356,"0-1000m",28.527483637633495,37.5530582565415
1525.000000000000000,943.114870378507362,"0-1000m",22.798418910444916,4.74752300969699
1526.000000000000000,1300.161168502855617,1000-2000m,24.186989484611217,10.9294622152264
1527.000000000000000,1326.569457882088500,1000-2000m,25.609059012568625,28.1719150543213
1528.000000000000000,1137.795304751741924,1000-2000m,24.647150030389668,14.7669753165053
1529.000000000000000,1333.504509846758765,1000-2000m,20.003429426322228,4.61067803968919
1530.000000000000000,819.658500046814993,"0-1000m",21.846023562239370,21.3231780386399
1531.000000000000000,806.647668068545613,"0-1000m",22.811451640504856,27.1978587898058
1532.000000000000000,757.232358540619884,"0-1000m",23.027302998398341,19.2982816696167
1533.000000000000000,1001.987266315033821,1000-2000m,23.723536798637621,14.2211967684735
1534.000000000000000,732.667911618856351,"0-1000m",21.392732767793142,10.5689920861772
1535.000000000000000,771.496145563496725,"0-1000m",21.591194823156439,15.9122929989191
1536.000000000000000,590.784245185855639,"0-1000m",15.958015226409218,28.6756954193115
1537.000000000000000,464.125980792166217,"0-1000m",12.341723118879507,12.640998840332
1538.000000000000000,826.867856808464126,"0-1000m",22.578951167162273,8.63232517242432
1539.000000000000000,1158.295465185231251,1000-2000m,26.451338698508021,5.35100650787354
1540.000000000000000,904.006433996610326,"0-1000m",25.954654189691745,3.16346073150635
1541.000000000000000,1171.094784806966118,1000-2000m,29.698256488646113,1.39241801202297
1542.000000000000000,1172.841252903144778,1000-2000m,30.373456729239333,0.37188628056233
1543.000000000000000,1145.128928560282247,1000-2000m,30.185272197495870,1.22033806809336
1544.000000000000000,1238.127773789831735,1000-2000m,25.541487058233628,1.93554695572659
1545.000000000000000,1207.776253844705252,1000-2000m,28.018260847211295,3.52625918388367
1546.000000000000000,367.732592615711098,"0-1000m",12.904687487635639,152.45559794292
1547.000000000000000,164.621391342342633,"0-1000m",2.591946376032634,276.696685838815
1548.000000000000000,158.117381206452819,"0-1000m",2.223630566641383,102.508932612997
1549.000000000000000,160.451296776005734,"0-1000m",2.155621903054202,15.2536508819948
1550.000000000000000,169.973065759495654,"0-1000m",2.238376205694648,19.3536777496338
1551.000000000000000,184.442690352143615,"0-1000m",1.979100462510066,21.1549960356803
1552.000000000000000,185.641490590181320,"0-1000m",2.191426386095139,18.8298026132034
1553.000000000000000,177.424112855404019,"0-1000m",2.205649370836031,14.4648822501667
1554.000000000000000,172.899943506371187,"0-1000m",1.959173950812745,3.59981751441956
1555.000000000000000,180.710932867263807,"0-1000m",1.923748242391962,31.2835323768111
1556.000000000000000,198.869292469024060,"0-1000m",1.835868171105072,55.8449773354379
1557.000000000000000,237.288117506747852,"0-1000m",2.509368033356594,36.7934370705156
1558.000000000000000,296.871289909803068,"0-1000m",3.242289862211599,23.7066573685322
1559.000000000000000,452.771483271608815,"0-1000m",13.110131275519379,13.3627586364746
1560.000000000000000,517.834930245622786,"0-1000m",12.710119020479295,6.66327805226061
1561.000000000000000,542.555787896757238,"0-1000m",8.663847161231850,0.685126131124202
1562.000000000000000,687.022879919653519,"0-1000m",16.656044919691858,0.389255549497904
1563.000000000000000,700.917667987890468,"0-1000m",21.723933368736606,0.00916353426873684
1564.000000000000000,1506.310258731000886,1000-2000m,33.614952758402772,1.48794709396806
1565.000000000000000,1587.023915636181073,1000-2000m,30.870052002447405,1.18989172203731
1566.000000000000000,1197.015542586061656,1000-2000m,27.482271695786650,0.485146075631355
1567.000000000000000,1899.057270372335552,1000-2000m,35.323091786423817,0.740546000188328
1568.000000000000000,2045.552727386855850,2000-2500m,35.378421165003395,3.91237854957581
1569.000000000000000,874.001716550669471,"0-1000m",30.056134505005637,9.58318559300252
1570.000000000000000,1302.895290409163181,1000-2000m,31.222147774131795,31.2546909043543
1571.000000000000000,1287.166028497897287,1000-2000m,32.125729217818964,26.8220136561995
1572.000000000000000,1255.126431759308389,1000-2000m,32.799262790343136,4.72705745697021
1573.000000000000000,1860.406916138697397,1000-2000m,35.965692588128590,5.34274621837309
1574.000000000000000,2264.558315907743236,2000-2500m,34.264202863756729,2.02666738642924
1575.000000000000000,1831.433682756889084,1000-2000m,35.866770436260168,0.748647152146457
1576.000000000000000,2382.934989544645759,2000-2500m,38.909254631669320,0.656955779976463
1577.000000000000000,2412.803532973377969,2000-2500m,27.571581756498585,0
1578.000000000000000,1899.702880684123556,1000-2000m,33.875876251738070,0.0672233377529886
1579.000000000000000,1593.573849726947401,1000-2000m,32.943936226577115,1.04239659845738
1580.000000000000000,1726.978902031771895,1000-2000m,30.383995542340948,6.07976550622387
1581.000000000000000,1597.602535936224967,1000-2000m,26.317816188450667,5.33407547395129
1582.000000000000000,1514.362160981242823,1000-2000m,30.951406353965378,2.24790120124817
1583.000000000000000,2089.944571018382703,2000-2500m,26.767269488456108,3.08193796219587
1584.000000000000000,1701.680654070679793,1000-2000m,27.501305187769884,2.96179003811157
1585.000000000000000,1257.825754502044219,1000-2000m,27.444876212415924,3.16806940221613
1586.000000000000000,1610.952155051340469,1000-2000m,24.983219512938557,7.20256328582764
1587.000000000000000,1106.207582700395506,1000-2000m,26.557866718428841,17.8587522260814
1588.000000000000000,1520.007521612933488,1000-2000m,26.469945030716094,20.8735704737701
1589.000000000000000,1420.368434193689382,1000-2000m,28.774914841850631,13.0990258374436
1590.000000000000000,1656.822861088443915,1000-2000m,27.235141388675380,8.63735340518992
1591.000000000000000,2123.624325083486838,2000-2500m,27.586325903052003,0
1592.000000000000000,2170.901126681439564,2000-2500m,29.809683237681607,3.92701843092605
1593.000000000000000,1799.066536940556261,1000-2000m,31.446587875034599,7.26917625028231
1594.000000000000000,1243.644611591398416,1000-2000m,29.274956752119092,14.8358217727106
1595.000000000000000,949.955556942667158,"0-1000m",27.114072452989831,20.5563545227051
1596.000000000000000,1168.259650994915546,1000-2000m,32.914511979040896,47.8368763606808
1597.000000000000000,636.884835055085659,"0-1000m",25.679896956134890,48.303336730758
1598.000000000000000,1345.212729897683857,1000-2000m,28.624655313377076,3.26394771408587
1599.000000000000000,2075.372054555101386,2000-2500m,28.399228967525783,3.34496845746094
1600.000000000000000,1572.405636528198329,1000-2000m,26.549356614674032,0
1601.000000000000000,1640.347278890214056,1000-2000m,27.811802712177126,5.18818730336679
1602.000000000000000,1518.754658094316710,1000-2000m,26.124474670166602,3.3643438099542
1603.000000000000000,1214.086451733716331,1000-2000m,23.584153949435358,8.1060331463793
1604.000000000000000,1135.793233318686816,1000-2000m,23.534609242140739,4.0333868265152
1605.000000000000000,827.181455010767309,"0-1000m",22.070888091473961,12.29603049238
1606.000000000000000,768.784057925782577,"0-1000m",23.088712859051618,12.6225612286766
1607.000000000000000,544.134988387420776,"0-1000m",19.401681759924749,11.9530418157562
1608.000000000000000,825.481851377921998,"0-1000m",23.287499990147356,69.3370729894752
1609.000000000000000,541.174963328235663,"0-1000m",15.908668034123972,287.456878662109
1610.000000000000000,440.069047768501605,"0-1000m",13.038240243109607,89.9557143817182
1611.000000000000000,759.809275615617480,"0-1000m",20.534089131349599,14.9037715529706
1612.000000000000000,1370.617115570674969,1000-2000m,26.253484750828168,10.0949732338191
1613.000000000000000,1170.893697821856676,1000-2000m,28.384382768504150,12.9946737289429
1614.000000000000000,803.491869791829231,"0-1000m",27.013106218867645,2.20673445612192
1615.000000000000000,877.997928566945006,"0-1000m",28.169527156096567,3.17964446544647
1616.000000000000000,535.192316095003321,"0-1000m",27.494317825789803,7.07128423452377
1617.000000000000000,1043.075746699541241,1000-2000m,26.103868677904114,7.07128423452377
1618.000000000000000,1161.817368652313007,1000-2000m,30.302578626080589,4.40542852878571
1619.000000000000000,310.630379825848138,"0-1000m",14.162427044709096,88.4889416468664
1620.000000000000000,241.857495084423078,"0-1000m",5.331721182228398,158.909137239366
1621.000000000000000,223.056493628774092,"0-1000m",2.318446138714463,66.8338358510287
1622.000000000000000,226.469180112980212,"0-1000m",2.063375233785115,17.7997096259915
1623.000000000000000,212.043725227052846,"0-1000m",2.018222885749276,19.3536777496338
1624.000000000000000,220.563115937480376,"0-1000m",1.999110885687074,14.9051928071171
1625.000000000000000,221.685153397209831,"0-1000m",2.246023315825566,12.7854966681089
1626.000000000000000,203.149464748291251,"0-1000m",2.380406959694201,10.2176564299425
1627.000000000000000,187.330048333437958,"0-1000m",2.035020182801456,3.59981751441956
1628.000000000000000,200.230361099840820,"0-1000m",2.023879224474526,31.4425385543717
1629.000000000000000,249.288723822602293,"0-1000m",2.383376584556029,54.9226601018676
1630.000000000000000,354.199485280271176,"0-1000m",6.952078833834074,56.373572633846
1631.000000000000000,721.312817951999023,"0-1000m",19.256626081290584,45.9717938393635
1632.000000000000000,942.120613897432690,"0-1000m",27.334919435714269,13.3627586364746
1633.000000000000000,970.176492618832071,"0-1000m",29.009483325219239,5.64710645298565
1634.000000000000000,1236.112480883867647,1000-2000m,25.940948584790146,0.422222510942554
1635.000000000000000,1409.915981419873106,1000-2000m,31.322328656193552,0.00266331237347095
1636.000000000000000,1191.782403795137498,1000-2000m,33.603381454374848,0.00916353426873684
1637.000000000000000,1772.754189944134168,1000-2000m,31.679046800162933,0.00421762073284444
1638.000000000000000,1765.841190132446172,1000-2000m,34.337365707130985,0.000312461677057842
1639.000000000000000,1728.037951374800969,1000-2000m,36.714277325252432,0
1640.000000000000000,2164.749293829640465,2000-2500m,37.375555085183571,3.91237854957581
1641.000000000000000,1455.613963359445734,1000-2000m,34.708488703024010,11.0744513659198
1642.000000000000000,1317.856746044130887,1000-2000m,33.000795204314350,40.5481437605871
1643.000000000000000,1029.257924800702995,1000-2000m,32.438441820658760,33.2162643306833
1644.000000000000000,1600.012359164820055,1000-2000m,34.538499255187752,4.72705745697021
1645.000000000000000,2343.396679254704850,2000-2500m,33.910233382321785,2.36898568037152
1646.000000000000000,2281.779486535685010,2000-2500m,38.232178356178323,1.41736209392548
1647.000000000000000,2120.174557598077627,2000-2500m,36.310254125601283,1.41736209392548
1648.000000000000000,2277.297407570146333,2000-2500m,30.411376153386126,0
1649.000000000000000,1872.389366643650646,1000-2000m,31.411652144885025,0
1650.000000000000000,2419.059777805832709,2000-2500m,29.389486194497081,0.206385348538099
1651.000000000000000,2263.282311217124061,2000-2500m,28.792009650134219,1.28269967286666
1652.000000000000000,1797.795806917330992,1000-2000m,30.668108366702359,2.24790120124817
1653.000000000000000,2454.813163015504415,2000-2500m,30.998903647056668,2.10013795217592
1654.000000000000000,1850.240815553591801,1000-2000m,33.841913177866886,2.02430754256973
1655.000000000000000,1933.630468897118817,1000-2000m,29.449707792214642,2.37166617646179
1656.000000000000000,1998.198951729332748,1000-2000m,27.796638390782803,7.20256328582764
1657.000000000000000,1240.941926524428709,1000-2000m,28.171336229056436,20.3239049896849
1658.000000000000000,2020.270290628334806,2000-2500m,29.345766310683036,23.8763591508797
1659.000000000000000,1676.565877848220453,1000-2000m,27.706388105437153,13.5516263145671
1660.000000000000000,1863.442242141143879,1000-2000m,29.201827435887910,8.83585345678047
1661.000000000000000,2142.147511141798987,2000-2500m,29.108914680524961,0
1662.000000000000000,1490.541052036909150,1000-2000m,28.501595554712186,3.96588252051099
1663.000000000000000,1187.154557505365574,1000-2000m,29.087810903840591,7.06793184226553
1664.000000000000000,1464.170077207959366,1000-2000m,32.638034978111484,9.44140111318575
1665.000000000000000,1676.903898060385472,1000-2000m,31.516205097481667,20.5563545227051
1666.000000000000000,1276.442810251230867,1000-2000m,28.443717748042626,49.021243342209
1667.000000000000000,707.242106584646308,"0-1000m",26.353788987570358,51.5247845371225
1668.000000000000000,1441.421537684635723,1000-2000m,29.417978653624100,2.42862319131628
1669.000000000000000,2223.107306509321461,2000-2500m,24.896983148192646,0.637521419556056
1670.000000000000000,2343.575889774653660,2000-2500m,24.944027865698494,0
1671.000000000000000,2375.434572654967724,2000-2500m,29.376464057280138,1.63011510604791
1672.000000000000000,1703.044504425334253,1000-2000m,26.596128314243202,2.82546298925305
1673.000000000000000,1958.051189504739114,1000-2000m,28.547277321277335,2.37324692141719
1674.000000000000000,1456.690316879181864,1000-2000m,26.222142002520723,4.0333868265152
1675.000000000000000,912.131849852488813,"0-1000m",23.970519745493235,9.38445447656584
1676.000000000000000,745.674031761973538,"0-1000m",24.042564787031417,11.8126744940305
1677.000000000000000,606.707581113495735,"0-1000m",22.914234789540291,12.7359604185679
1678.000000000000000,506.141736237524299,"0-1000m",18.865710131835527,103.92086012655
1679.000000000000000,393.755351202058876,"0-1000m",17.429501640042314,287.456878662109
1680.000000000000000,392.182047721247386,"0-1000m",13.052849419474033,133.902050257943
1681.000000000000000,720.246312221455014,"0-1000m",24.424267117519893,18.2384431992713
1682.000000000000000,1116.073473102755543,1000-2000m,28.235741703032957,14.0040175145376
1683.000000000000000,1005.213672516096494,1000-2000m,30.721772030730765,12.9946737289429
1684.000000000000000,478.175506873391498,"0-1000m",24.252058709022943,6.82310020969898
1685.000000000000000,939.749274081555313,"0-1000m",28.890175079317142,5.55970629876426
1686.000000000000000,950.688908417550692,"0-1000m",31.303962130145095,12.6227578225858
1687.000000000000000,508.683980917707629,"0-1000m",27.760913826013621,10.3769603449684
1688.000000000000000,517.400233556369130,"0-1000m",27.671891869251123,5.28459787368774
1689.000000000000000,773.440493377691269,"0-1000m",30.122129799289819,6.4026255607605
1690.000000000000000,862.956656832590511,"0-1000m",26.365870542226407,6.68213224411011
1691.000000000000000,357.866809746244144,"0-1000m",8.690491854788924,17.631175994873
1692.000000000000000,475.126263260310054,"0-1000m",12.174129151572822,24.9305381774902
1693.000000000000000,316.571841064591013,"0-1000m",5.694726149381696,10.2822799682617
1694.000000000000000,283.110749905315004,"0-1000m",2.491460604896333,3.46872485177486
1695.000000000000000,260.377000816019063,"0-1000m",2.549233599476989,0.673764704143394
1696.000000000000000,233.914914317996363,"0-1000m",2.385776895693577,1.58408143128125
1697.000000000000000,204.440253755838910,"0-1000m",2.146177448851057,3.75122284889221
1698.000000000000000,217.355752934530130,"0-1000m",2.239157756434930,30.0533046557458
1699.000000000000000,304.875337392505173,"0-1000m",3.687647940871461,53.5388356560341
1700.000000000000000,536.665888145436156,"0-1000m",13.508572147313833,128.00575959887
1701.000000000000000,1074.038917833155438,1000-2000m,28.982664255031658,135.82586277216
1702.000000000000000,1606.643763413710303,1000-2000m,30.823744686784426,48.6518058776855
1703.000000000000000,1649.441434938170914,1000-2000m,34.712997687004503,0
1704.000000000000000,1858.675444102692836,1000-2000m,29.982344377920775,0
1705.000000000000000,1956.099829566973767,1000-2000m,28.367392192098070,0
1706.000000000000000,1384.534869123093358,1000-2000m,31.715264315004987,0
1707.000000000000000,2290.695028560668106,2000-2500m,32.552785805106112,0
1708.000000000000000,2158.459222320414028,2000-2500m,32.427191187910303,0
1709.000000000000000,2381.959104889837363,2000-2500m,34.394671469586726,0
1711.000000000000000,2380.515818216056687,2000-2500m,35.703228660537128,2.46721169613176
1712.000000000000000,1578.203596761032031,1000-2000m,32.949696861132225,13.6615850124325
1713.000000000000000,1537.662384799898973,1000-2000m,35.658995920476102,14.4513216247145
1714.000000000000000,1644.937417613458138,1000-2000m,36.286329520699546,13.7514476776123
1715.000000000000000,1692.663643211348926,1000-2000m,34.917015661712959,6.08885388354831
1716.000000000000000,1703.827631661540408,1000-2000m,29.982331247347151,3.34887624403976
1717.000000000000000,2218.674408386165396,2000-2500m,32.441210983845593,1.1270231405895
1718.000000000000000,2171.717830279953887,2000-2500m,27.484608180584011,0
1719.000000000000000,1949.348054055741159,1000-2000m,34.450590294296646,1.6402245759964
1720.000000000000000,1508.711097859519214,1000-2000m,32.179738251049379,3.97947453613118
1721.000000000000000,2075.362504291376808,2000-2500m,32.231697196143507,4.80768205740176
1722.000000000000000,2402.547860553665487,2000-2500m,31.676856914427965,3.35002703728301
1723.000000000000000,2366.017165506694710,2000-2500m,30.908192119145554,0.901762257990722
1724.000000000000000,1954.822829703094612,1000-2000m,30.660307959885369,2.14634707925858
1725.000000000000000,2230.296307855559917,2000-2500m,30.619179664548010,10.7852922341681
1726.000000000000000,1459.094410286819993,1000-2000m,29.248786420854913,27.4284515380859
1727.000000000000000,871.061640826062444,"0-1000m",25.086892513525477,62.0676412577477
1728.000000000000000,656.302175337848325,"0-1000m",25.766235843942358,64.9566209390305
1729.000000000000000,1102.771294959512943,1000-2000m,27.778920166532082,6.86281830715292
1730.000000000000000,1713.666427389906630,1000-2000m,29.044822834511162,3.70578688441029
1731.000000000000000,2296.296120595487082,2000-2500m,27.029032634392902,0
1732.000000000000000,2308.512437189850516,2000-2500m,31.346552792261026,0.872195895601113
1733.000000000000000,2309.632658156736852,2000-2500m,25.653054242179099,0.760132653821428
1734.000000000000000,1601.525108279455253,1000-2000m,28.486289298623038,1.69220918416977
1735.000000000000000,898.748634561967492,"0-1000m",25.071665644190336,5.99513816344548
1736.000000000000000,505.557816547548441,"0-1000m",22.138782964264934,12.4260412219327
1737.000000000000000,507.758458351641480,"0-1000m",22.565155891286601,36.8288452089201
1738.000000000000000,591.224056677382123,"0-1000m",22.729682858833989,62.2353592668818
1739.000000000000000,543.083798882681549,"0-1000m",20.660461651671810,61.8768272399902
1740.000000000000000,395.958288870755155,"0-1000m",15.938013175175339,61.0113186871711
1741.000000000000000,437.594706781935656,"0-1000m",20.879438634182119,20.7116671948514
1742.000000000000000,823.705065384975455,"0-1000m",27.975206932116578,16.2824023133323
1743.000000000000000,617.967641704852213,"0-1000m",24.685244082022130,13.5948214530945
1744.000000000000000,742.493617552510841,"0-1000m",23.283119778049517,7.88867509757706
1745.000000000000000,1507.424518234887955,1000-2000m,26.125704965573977,5.73121594782252
1746.000000000000000,1537.592959021254046,1000-2000m,32.229213759044882,6.33338005930045
1747.000000000000000,1143.661308947910584,1000-2000m,33.777180641322865,6.76062155090086
1748.000000000000000,650.039200301299275,"0-1000m",27.575543758918354,8.24252033233643
1749.000000000000000,1488.851814862207902,1000-2000m,32.656466414170083,5.01485013324698
1750.000000000000000,1119.488811210636413,1000-2000m,33.344379464310506,4.03228145245038
1751.000000000000000,962.766398845019125,"0-1000m",29.378955265716652,10.657927284724
1752.000000000000000,723.757123685278202,"0-1000m",22.605204241336835,8.33477163314819
1753.000000000000000,657.027776910833040,"0-1000m",17.001455008797379,2.58527547121048
1754.000000000000000,406.391908856945577,"0-1000m",6.007620344175846,4.90489637851715
1755.000000000000000,309.169251896008234,"0-1000m",2.492716473311133,14.1833796799183
1756.000000000000000,272.765581598576830,"0-1000m",2.360992223148536,14.1833796799183
1757.000000000000000,223.086906032264153,"0-1000m",2.148014197153203,3.75122284889221
1758.000000000000000,250.319902624762022,"0-1000m",4.428728038345111,20.6980319889076
1759.000000000000000,715.078274710527126,"0-1000m",18.897459029582382,37.8173632970491
1760.000000000000000,1098.652030632100832,1000-2000m,26.996092233394151,90.7834948064002
1761.000000000000000,1494.849567741331384,1000-2000m,34.682078984601695,129.738147735596
1763.000000000000000,2310.252652062017660,2000-2500m,30.969830995587213,0.474288281179801
1764.000000000000000,2049.993477107455874,2000-2500m,34.549907262475450,0
1765.000000000000000,2166.398676695484028,2000-2500m,35.058027640528067,0
1766.000000000000000,2296.809213195593202,2000-2500m,32.881594827700390,1.5892251780019
1767.000000000000000,1375.330919759058588,1000-2000m,32.695966988213094,9.99263649498923
1768.000000000000000,1917.897903458665496,1000-2000m,35.231565199008905,11.5026939936588
1769.000000000000000,1776.288411722480532,1000-2000m,36.550390786827926,6.78114272517685
1770.000000000000000,1940.615929590212545,1000-2000m,30.516193984923895,4.9405611850379
1771.000000000000000,1960.490215661184038,1000-2000m,34.482149077008451,1.69053471088409
1772.000000000000000,2100.866392567949333,2000-2500m,32.865566266698565,0.205866141676936
1773.000000000000000,2319.169220685996152,2000-2500m,32.622382275445183,0.219664845008861
1774.000000000000000,2423.392403483037469,2000-2500m,36.382808054113369,0
1775.000000000000000,1855.116444555413409,1000-2000m,35.386401777049606,13.0581180203767
1776.000000000000000,1390.658968196997648,1000-2000m,26.483761798371301,29.1464757919312
1777.000000000000000,945.079561860523540,"0-1000m",29.816792571236512,64.2847482799484
1778.000000000000000,1275.524078524390688,1000-2000m,28.570608236407139,66.736580318365
1779.000000000000000,1663.900100433117586,1000-2000m,29.789678444486327,7.84967308188472
1780.000000000000000,1488.882275834087523,1000-2000m,32.328318680142772,4.68452780264957
1781.000000000000000,2072.867513498330482,2000-2500m,31.555856221282465,0
1782.000000000000000,2452.868481008707477,2000-2500m,26.098147699955874,0.0394510880060193
1783.000000000000000,1906.133079491901071,1000-2000m,27.845741597595140,0.0442582123492216
1784.000000000000000,1451.708179022032482,1000-2000m,25.265803177272900,1.10691477078944
1785.000000000000000,913.784619706001649,"0-1000m",23.685159794484079,4.3691691519363
1786.000000000000000,856.829406073468363,"0-1000m",26.478589222969916,12.8600273188426
1787.000000000000000,365.009541146192987,"0-1000m",14.260691929675689,49.8557911635521
1788.000000000000000,816.960363284541700,"0-1000m",25.518857843428346,36.7226689698392
1789.000000000000000,896.003370681314550,"0-1000m",23.687777273452884,5.48181343078613
1790.000000000000000,601.984338710689826,"0-1000m",20.513327790346636,19.7071380028275
1791.000000000000000,842.753066383695909,"0-1000m",26.045066912350467,22.668370524129
1792.000000000000000,751.502949346150217,"0-1000m",28.990860012889797,17.7049954111887
1793.000000000000000,563.621555457912223,"0-1000m",25.583439843668074,13.7448582649231
1794.000000000000000,892.225523547954140,"0-1000m",21.553195514532344,8.6469082433008
1795.000000000000000,1361.938767183478831,1000-2000m,25.617436880818321,5.80990175551757
1796.000000000000000,1274.656440186011650,1000-2000m,27.978654932108778,1.19512483646773
1797.000000000000000,797.963952435941451,"0-1000m",25.369100364888570,3.97810028250142
1798.000000000000000,969.440932772581732,"0-1000m",30.426812903451403,8.98200130462646
1799.000000000000000,1500.915920227208971,1000-2000m,29.615794335183473,3.89918465036629
1800.000000000000000,1759.944009238163517,1000-2000m,31.768533013078898,0.665549730467595
1801.000000000000000,1463.538603979662184,1000-2000m,34.226978456002627,1.40456555685334
1802.000000000000000,1221.890702537373954,1000-2000m,33.336885368459612,0.0913010612130165
1803.000000000000000,1325.682968696357875,1000-2000m,33.015779805660173,1.01023941541523
1804.000000000000000,714.408574477433945,"0-1000m",22.204416380572553,5.92691419105236
1805.000000000000000,448.697356511969019,"0-1000m",8.353512619630594,31.5750063889518
1806.000000000000000,330.939733466496079,"0-1000m",2.824351455470246,20.2553309428098
1807.000000000000000,253.679586968802965,"0-1000m",2.406140681486014,0.736372709274292
1808.000000000000000,494.862363846321898,"0-1000m",17.399521617056962,4.55396261811256
1809.000000000000000,1096.065197715427075,1000-2000m,30.481850272581450,5.50836001336575
1810.000000000000000,1432.477528089887528,1000-2000m,33.274306706154483,14.7630376464392
1811.000000000000000,2219.627165194594454,2000-2500m,33.061156816483788,26.2517614364624
1812.000000000000000,2300.272675914882711,2000-2500m,32.455407894562349,4.35337962965429
1813.000000000000000,2393.720888861146705,2000-2500m,34.743834297444522,0.517312067674764
1814.000000000000000,1809.100340189132567,1000-2000m,35.029742803231876,3.09797627578811
1815.000000000000000,1998.732565438453321,1000-2000m,33.331983833206671,1.97441330210661
1816.000000000000000,2438.806092194376106,2000-2500m,31.939521273412712,0
1817.000000000000000,2460.160325832527178,2000-2500m,33.875711676677334,0
1818.000000000000000,2153.177709809306634,2000-2500m,36.962972703104867,0.840326713475014
1819.000000000000000,1380.808932305483495,1000-2000m,34.865809119198389,5.17385935868619
1820.000000000000000,2108.870535434059548,2000-2500m,33.781400546558388,4.87012558533961
1821.000000000000000,2366.528717594626869,2000-2500m,37.643815807717587,0.362110551852377
1822.000000000000000,1908.212477762866229,1000-2000m,30.979178322860189,6.20363510264865
1823.000000000000000,2394.352363316803803,2000-2500m,33.027958208179541,1.20182180404663
1824.000000000000000,2231.035790935487967,2000-2500m,29.889874306914791,4.60207870947608
1825.000000000000000,1718.738999435063761,1000-2000m,29.217840466104107,11.0941667556763
1826.000000000000000,1796.059443851610013,1000-2000m,31.789191394968348,8.91237609228036
1827.000000000000000,2100.489395278374104,2000-2500m,34.556002188643973,8.18780593897974
1828.000000000000000,1787.653160504676407,1000-2000m,32.988325898662211,31.8332545083641
1829.000000000000000,919.432678425710833,"0-1000m",30.949859856923496,38.3395023345947
1830.000000000000000,2071.432994571392555,2000-2500m,28.318030720810906,30.9528064661033
1831.000000000000000,1681.152281714895253,1000-2000m,33.779307932179336,23.9869746572742
1832.000000000000000,1875.226865294785966,1000-2000m,32.967865914592771,3.15858697102755
1833.000000000000000,2410.869970497771646,2000-2500m,31.397773892113413,2.23152273549013
1834.000000000000000,2463.107526206766579,2000-2500m,32.174896339135756,0.599028885364532
1835.000000000000000,1921.999654761157444,1000-2000m,30.752048564493240,0.104653590884304
1836.000000000000000,1220.320287842444031,1000-2000m,26.135527760285044,0.571005557663739
1837.000000000000000,1394.649896428347347,1000-2000m,26.739872374645184,2.16804862121625
1838.000000000000000,780.907005209968020,"0-1000m",25.085364375079823,7.89763561863451
1839.000000000000000,466.955245549804260,"0-1000m",17.519211355671278,32.6660842495037
1840.000000000000000,785.707143305505042,"0-1000m",26.094233622526549,22.930243487292
1841.000000000000000,799.189536124537085,"0-1000m",21.702707478531707,6.10548973083496
1842.000000000000000,702.734881959348513,"0-1000m",21.403758761114368,13.7346574289957
1843.000000000000000,831.867459669826076,"0-1000m",23.810413951707606,19.8758589520913
1844.000000000000000,912.370284351264786,"0-1000m",29.504088126777880,29.9269298896672
1845.000000000000000,522.439054412321639,"0-1000m",22.376297880495368,32.6039505004883
1846.000000000000000,777.240474546481664,"0-1000m",21.353577268100423,18.4219573304273
1847.000000000000000,1151.297531877288293,1000-2000m,26.715599253806680,12.9392224207075
1848.000000000000000,1077.116376875274682,1000-2000m,25.293462287507456,6.71634818034645
1849.000000000000000,671.262726759148791,"0-1000m",21.841108910244451,8.15037308865471
1850.000000000000000,1651.753313975508036,1000-2000m,31.700933336023116,11.1177768707275
1851.000000000000000,1862.324398970560878,1000-2000m,29.711809936594531,4.26479566205067
1852.000000000000000,2295.588412529031302,2000-2500m,31.639014447866689,0.148750756251006
1853.000000000000000,2120.930659007701252,2000-2500m,35.385324318745063,0
1854.000000000000000,1783.980195844579839,1000-2000m,35.451689759144770,0.0365204252302647
1855.000000000000000,1268.021467578934107,1000-2000m,33.691519164518546,0.215322290901496
1856.000000000000000,856.689685645751752,"0-1000m",30.694133537284770,4.08615119889865
1857.000000000000000,970.207111920155626,"0-1000m",29.099686863548246,21.4142150621701
1858.000000000000000,542.605486159061002,"0-1000m",12.164518190535309,13.5116491726918
1859.000000000000000,376.378203509657851,"0-1000m",7.440764184995034,0.160555750131607
1860.000000000000000,770.950944699014485,"0-1000m",23.511407169333307,0.308453128064103
1861.000000000000000,1237.193302366455328,1000-2000m,35.573700457149435,0.419345713616678
1862.000000000000000,2134.342538820856134,2000-2500m,34.890705201982072,0.985187977552414
1863.000000000000000,2261.894199987445973,2000-2500m,33.242062055692841,1.96351738274097
1864.000000000000000,1458.259563186466266,1000-2000m,34.152288165870054,4.15518856048584
1865.000000000000000,1361.821166279580666,1000-2000m,28.247712029288259,3.50459741413112
1866.000000000000000,1181.621712384658849,1000-2000m,24.649101125816113,2.65998194763384
1867.000000000000000,1394.780930438075984,1000-2000m,24.379612722159806,1.66522665162933
1868.000000000000000,1983.158778482204525,1000-2000m,29.300343712914746,0
1869.000000000000000,2329.668005774904486,2000-2500m,35.008529221494946,0.648170855650297
1870.000000000000000,1927.088286987634092,1000-2000m,35.557296669012118,3.63067732873967
1871.000000000000000,1607.630381264991684,1000-2000m,36.605379783172332,3.15013823760473
1872.000000000000000,1767.999686146506747,1000-2000m,30.570399298500909,7.0429607369444
1873.000000000000000,2214.658936986985282,2000-2500m,33.150528665825981,1.85056366278439
1874.000000000000000,2071.555144058753285,2000-2500m,33.807946115583462,2.68838181455327
1875.000000000000000,1757.703223994257314,1000-2000m,34.604033307495968,2.02550286403577
1876.000000000000000,1664.805343154083857,1000-2000m,35.640543144895020,1.83660978078842
1877.000000000000000,2043.304751741886776,2000-2500m,30.020202943005369,1.46954086637572
1878.000000000000000,2080.599918853968575,2000-2500m,33.845488061968489,1.21861864768176
1879.000000000000000,2299.420773384101722,2000-2500m,32.901176103576432,0.281153402561111
1880.000000000000000,1910.972569204695219,1000-2000m,33.587873899402517,6.14942859737946
1881.000000000000000,1430.518242252114533,1000-2000m,31.058793484333357,18.4902782440186
1882.000000000000000,1091.508691988389955,1000-2000m,32.283103082652048,11.8578299476341
1883.000000000000000,1041.209559977402478,1000-2000m,34.146716655795196,10.8416675388475
1884.000000000000000,993.002996161168539,"0-1000m",33.495642087971547,38.3450321367045
1885.000000000000000,1373.644143441216102,1000-2000m,29.091903152337419,44.4681873321533
1886.000000000000000,2258.482298662984249,2000-2500m,29.019735844335990,11.1690728946413
1887.000000000000000,1984.422980352771219,1000-2000m,32.643696865526039,0.776128348905846
1888.000000000000000,2043.716800349552159,2000-2500m,32.791787774102310,0.248811938904759
1889.000000000000000,1876.113928818027716,1000-2000m,30.414244531692152,0.213732724078
1890.000000000000000,1270.748572141943214,1000-2000m,27.096954507517982,0.764522681917385
1891.000000000000000,870.136762273337240,"0-1000m",26.478648584136501,4.55426187234305
1892.000000000000000,508.625133387734593,"0-1000m",21.138174018373419,20.1357571621971
1893.000000000000000,1139.264816953278569,1000-2000m,28.026468563878748,14.7157330657589
1894.000000000000000,1243.375862176586224,1000-2000m,24.601113654932323,6.52127361297607
1895.000000000000000,1019.146004645031667,1000-2000m,24.979945025907710,11.5380638590042
1896.000000000000000,1244.772697481351997,1000-2000m,29.310012677340268,17.4483428656698
1897.000000000000000,852.585749508442291,"0-1000m",30.272025884560616,40.1167102017216
1898.000000000000000,765.693208210407420,"0-1000m",26.216821911663107,45.1766796112061
1899.000000000000000,600.058581192846646,"0-1000m",20.939683058437740,26.9847073131276
1900.000000000000000,913.136118259996238,"0-1000m",28.458382193738085,19.5349890503509
1901.000000000000000,1349.093442776442771,1000-2000m,25.606126767153341,12.6562610989255
1902.000000000000000,1127.624543553572039,1000-2000m,27.983852275861683,12.4858947258361
1903.000000000000000,1298.672493879856802,1000-2000m,29.661432149938605,12.5416269302368
1904.000000000000000,1302.306794419649805,1000-2000m,26.796549029128403,4.76579781610376
1905.000000000000000,1944.752847913610594,1000-2000m,26.359912198593623,0.126165407375369
1906.000000000000000,1997.590891971627570,1000-2000m,33.194479229247428,0
1907.000000000000000,1555.869261259011864,1000-2000m,34.318361075904839,0
1908.000000000000000,902.187697013201841,"0-1000m",29.980657692519330,0.0363425127761976
1909.000000000000000,1240.196440901387177,1000-2000m,32.438303903551365,0.784579789524209
1910.000000000000000,1299.066539745950422,1000-2000m,32.562395883475723,3.99399279950298
1911.000000000000000,1338.724571642582987,1000-2000m,33.098235505851534,0
1912.000000000000000,1221.002416671897663,1000-2000m,30.909598708582948,0.0533489489380253
1913.000000000000000,961.484036078774125,"0-1000m",34.016205523913690,0.216214593293971
1914.000000000000000,1150.330108298742289,1000-2000m,36.633413123213536,0.546648749233754
1915.000000000000000,2070.178362940179341,2000-2500m,34.130292827775484,2.3474646809942
1916.000000000000000,1459.236166162104837,1000-2000m,30.770193533233641,5.65800702571869
1917.000000000000000,1231.082669010105747,1000-2000m,27.192577189064359,9.78674765256829
1918.000000000000000,1461.605068505976760,1000-2000m,31.359203085604062,9.00726819038391
1919.000000000000000,1868.179395149964193,1000-2000m,33.982778188442552,0.714327216148376
1920.000000000000000,1566.153662670265703,1000-2000m,33.993996263084881,0.476218144098918
1921.000000000000000,2240.968228207609172,2000-2500m,30.617330634974252,0
1922.000000000000000,2083.565877848220225,2000-2500m,37.635090868258089,2.72560578804802
1923.000000000000000,1854.105240161043639,1000-2000m,36.943295450510696,4.44484853744507
1925.000000000000000,1691.657814059603652,1000-2000m,28.775205998194796,3.46200579823616
1926.000000000000000,1967.514676177250294,1000-2000m,28.817887334030409,0.955295690090915
1927.000000000000000,1406.798725754817724,1000-2000m,35.050650633965653,1.06800371999624
1928.000000000000000,1404.323112171238563,1000-2000m,34.853838492376376,1.46970062938417
1929.000000000000000,1134.329819467239076,1000-2000m,35.261578647112529,4.00223563611516
1930.000000000000000,1453.389837423890640,1000-2000m,33.948222098694522,11.9331197738647
1931.000000000000000,1493.787709497206606,1000-2000m,33.624901430473052,5.93020940650085
1932.000000000000000,2031.958370155283092,2000-2500m,34.800783794850325,5.51049466803878
1933.000000000000000,1944.925271483271672,1000-2000m,30.851029370134430,19.8983525505796
1934.000000000000000,1406.150335823237810,1000-2000m,31.598269989793138,28.7407608032227
1935.000000000000000,2204.344874384547438,2000-2500m,31.822896865500638,0.129540398716927
1936.000000000000000,1656.944291004958814,1000-2000m,29.367781948075233,0.393105058973713
1937.000000000000000,1063.840970435001054,1000-2000m,24.614327432303572,5.51272579199124
1938.000000000000000,579.039830829440689,"0-1000m",19.471278302749500,25.4375142467872
1939.000000000000000,1068.886730274307865,1000-2000m,31.425644131818864,16.4812651344356
1940.000000000000000,1621.102190697382412,1000-2000m,25.395617566562272,4.00402021408081
1941.000000000000000,1155.412668854942467,1000-2000m,28.637581126692069,7.31158423319116
1942.000000000000000,875.032703533990343,"0-1000m",28.958413054072000,11.1415289617314
1943.000000000000000,825.016916703282959,"0-1000m",29.196288492108842,22.5874916401323
1944.000000000000000,1598.224277237722617,1000-2000m,31.336224989858927,30.1832609176636
1945.000000000000000,1090.830801581821561,1000-2000m,20.381187345400367,28.9902805602038
1946.000000000000000,562.386472667592443,"0-1000m",23.004117299023427,25.2163049448605
1947.000000000000000,1288.443600527273929,1000-2000m,26.950107056273911,11.8404873994624
1948.000000000000000,1613.765143431046454,1000-2000m,26.888939530686891,17.3243312835693
1949.000000000000000,855.318867567226334,"0-1000m",21.532445188739658,22.1080294906388
1950.000000000000000,1364.082888707551319,1000-2000m,24.315558050185786,8.13753813032757
1951.000000000000000,1868.523601782687820,1000-2000m,22.549047025723429,0.138549022582298
1952.000000000000000,1484.293681353364491,1000-2000m,29.920717702844012,0
1953.000000000000000,1306.680685456029096,1000-2000m,32.350218501806921,0
1954.000000000000000,1231.426024731655161,1000-2000m,32.070021785465748,0
1955.000000000000000,1894.128045701300380,1000-2000m,34.981939529790409,0
1956.000000000000000,1640.334191199548059,1000-2000m,29.795954588987684,0
1957.000000000000000,1458.534241416106852,1000-2000m,31.899784423198206,0
1958.000000000000000,1207.463672516096494,1000-2000m,34.353111143406153,0
1959.000000000000000,1118.598989391751957,1000-2000m,36.034650315902041,0.460332515259589
1960.000000000000000,1203.700960391689250,1000-2000m,33.515410611156142,1.06610634432952
1961.000000000000000,1706.003219290493689,1000-2000m,29.751985697242898,3.42626020654382
1962.000000000000000,1080.322013684012290,1000-2000m,31.915253999175182,5.48526668548584
1963.000000000000000,1154.734471657618997,1000-2000m,34.181443688247420,9.32367487143898
1964.000000000000000,2195.482110350887979,2000-2500m,37.159071752614395,8.03706484817428
1965.000000000000000,2015.203816458477149,2000-2500m,36.105310852261390,0
1966.000000000000000,2289.381175067478580,2000-2500m,34.823816883328554,0
1967.000000000000000,2153.893635051158071,2000-2500m,35.836926001450173,5.47930550441095
1968.000000000000000,2462.577772895612270,2000-2500m,38.109387327373526,2.6538812467824
1970.000000000000000,2487.226116538185579,2000-2500m,29.939671946890581,5.32721400260925
1971.000000000000000,1907.627133984582315,1000-2000m,32.638147451516424,0.878327185197733
1972.000000000000000,2243.644049811179229,2000-2500m,35.080747606530359,2.16924366505778
1973.000000000000000,1960.557121335760485,1000-2000m,35.889557316278108,2.08041965240049
1974.000000000000000,2267.715770419150431,2000-2500m,32.240297936536564,1.20110128287422
1975.000000000000000,1784.190225024187839,1000-2000m,33.024182416947752,5.14961922168732
1976.000000000000000,2471.431579938484902,2000-2500m,26.248988632387515,4.33988348027977
1977.000000000000000,2327.890608907337537,2000-2500m,27.970327343402012,6.26176442804633
1978.000000000000000,2134.832901594831583,2000-2500m,32.414869651635058,1.98611507434972
1979.000000000000000,2374.875462933902327,2000-2500m,31.213218929163794,0.00325191509909928
1980.000000000000000,1568.995942698417593,1000-2000m,28.539843047536458,0.221019059747519
1981.000000000000000,1079.838238506913058,1000-2000m,28.424970745837580,6.49268526244775
1982.000000000000000,638.807858891469436,"0-1000m",26.302719426246554,29.6309184583882
1983.000000000000000,1510.201741518679228,1000-2000m,33.088696374910953,15.6148938164115
1984.000000000000000,1533.666645859991831,1000-2000m,31.627559913488561,0.233536824953321
1985.000000000000000,1036.563461176322789,1000-2000m,28.660049818933569,2.40765887082327
1986.000000000000000,800.366998533129390,"0-1000m",27.373777241504204,3.34580664598757
1987.000000000000000,1366.061327673917731,1000-2000m,32.225490509745768,0.987491790781968
1988.000000000000000,1999.539890778984272,1000-2000m,31.961610413948403,7.69313144683838
1989.000000000000000,1108.890109547142629,1000-2000m,23.613487770319129,30.8146250317705
1990.000000000000000,534.307545037976297,"0-1000m",21.612795443979962,31.5079730476226
1991.000000000000000,1338.422365094722409,1000-2000m,26.608480384688505,11.2497919028407
1992.000000000000000,1504.374051995880336,1000-2000m,25.051765915592764,23.9857420921326
1993.000000000000000,936.082135459167716,"0-1000m",18.542089082580461,37.7837048093537
1994.000000000000000,1526.862114166224274,1000-2000m,24.771957845823675,13.4565451719299
1995.000000000000000,1976.775069442277072,1000-2000m,32.241615806362489,0.0974312409283851
1996.000000000000000,1900.875965099491623,1000-2000m,34.300057028443511,0
1997.000000000000000,2220.130926001061198,2000-2500m,33.933774405565373,0
1998.000000000000000,1572.768827439842653,1000-2000m,33.581792478564758,0
1999.000000000000000,1714.120959136275133,1000-2000m,34.859807459086788,0
2000.000000000000000,1912.731469055273010,1000-2000m,33.666651003871586,0
2001.000000000000000,1799.430979058081903,1000-2000m,32.119739976276264,0
2002.000000000000000,1628.156926746594763,1000-2000m,32.852893414763621,0
2003.000000000000000,1379.770231890390505,1000-2000m,33.244803902184131,1.03009716146455
2004.000000000000000,909.520645423051747,"0-1000m",33.075780099665145,2.05816320494175
2005.000000000000000,937.749576297784188,"0-1000m",32.220611365716529,4.9394010665997
2006.000000000000000,1326.536000749040340,1000-2000m,32.409914016275671,5.22615623474121
2007.000000000000000,1915.059914631849779,1000-2000m,35.277523087395295,3.04254703522806
2008.000000000000000,1851.113011454074467,1000-2000m,35.526982433444815,1.99420164487484
2009.000000000000000,2310.263006772572680,2000-2500m,37.259509944280389,0
2010.000000000000000,2419.043154855313333,2000-2500m,34.059587179124705,1.91830253601074
2011.000000000000000,2491.119201556713506,2000-2500m,28.781642220418057,0.271879404783249
2012.000000000000000,2375.452919696638673,2000-2500m,32.712411233007529,0.414327158592641
2013.000000000000000,2403.355784319879604,2000-2500m,32.531492723421820,0.984118202701211
2014.000000000000000,2053.223181219007074,2000-2500m,27.126559006906408,9.95467897536037
2015.000000000000000,1687.641989950376001,1000-2000m,28.851584408118125,14.0861527362064
2016.000000000000000,1402.913891576417427,1000-2000m,31.094548933060548,5.08972615773145
2017.000000000000000,2016.718002636369420,2000-2500m,29.901273909923912,0.58355388045311
2018.000000000000000,1740.516026341250381,1000-2000m,31.538351325214393,1.79721347787847
2019.000000000000000,1064.070721887581612,1000-2000m,28.471175400755119,5.58374182978038
2020.000000000000000,870.984244554641919,"0-1000m",27.766566448224047,18.6168865612728
2021.000000000000000,1706.242782684685153,1000-2000m,34.466630783221483,12.9835748672485
2022.000000000000000,1548.108423582285241,1000-2000m,29.582047694299245,0.280290744308995
2023.000000000000000,1173.326627330362271,1000-2000m,30.899766883206429,1.49994185091563
2024.000000000000000,1307.872850410411729,1000-2000m,31.232148543865843,2.0032767725027
2025.000000000000000,1219.615118129896018,1000-2000m,32.631721107941530,0.591551299960039
2026.000000000000000,1777.494350637122579,1000-2000m,32.836118084061134,6.40342283248901
2027.000000000000000,1466.237757872725524,1000-2000m,27.244327793386283,21.7604085680611
2028.000000000000000,629.524260875023515,"0-1000m",23.575254361578359,28.0130986739105
2029.000000000000000,1295.596423332605127,1000-2000m,25.339978759989421,31.1878005186889
2030.000000000000000,1027.989076495739937,1000-2000m,20.352227839625233,27.95361328125
2031.000000000000000,1181.829954177389936,1000-2000m,18.818810646046742,31.4347695169771
2032.000000000000000,1787.521456883368273,1000-2000m,31.954753087297391,10.8137192615307
2033.000000000000000,2428.801801519050969,2000-2500m,30.627061163505079,0
2034.000000000000000,2173.243906245123526,2000-2500m,30.833674966525937,0
2035.000000000000000,1917.064479885147193,1000-2000m,33.907937091355016,0
2036.000000000000000,2280.885882869876241,2000-2500m,33.941630909627477,0.00409745716354944
2037.000000000000000,2477.837895196779300,2000-2500m,31.608798456020175,0.0137984456880124
2038.000000000000000,2105.816391498392477,2000-2500m,29.856251818946600,0.0192595329135656
2039.000000000000000,1802.620080346494206,1000-2000m,32.021219586589211,0.0221156635402553
2040.000000000000000,1813.772385381230379,1000-2000m,32.550771563110786,1.79693864273162
2041.000000000000000,1183.988608345557168,1000-2000m,30.758988802654017,3.01216037494564
2042.000000000000000,995.411650241667189,"0-1000m",30.550916106453055,5.0230383662746
2043.000000000000000,2119.400424456165638,2000-2500m,33.649240450846115,4.52118015289307
2044.000000000000000,2410.214456091896409,2000-2500m,20.928363261015388,0.643280804157257
2045.000000000000000,2059.486523166267034,2000-2500m,27.646908358204392,1.11283922195435
2046.000000000000000,2000.480635239470303,2000-2500m,30.276942165819175,1.14013749361038
2047.000000000000000,1761.322986629841125,1000-2000m,33.209771020395138,1.16743576526642
2048.000000000000000,1562.697765433657423,1000-2000m,30.987644859709437,19.7778377532959
2049.000000000000000,1824.937888393697904,1000-2000m,33.262088147480547,24.4304389953613
2050.000000000000000,1753.973447994475919,1000-2000m,32.359643904598485,11.3699102401733
2051.000000000000000,1247.949753818962336,1000-2000m,31.583021790176296,2.90476179122925
2052.000000000000000,1020.254503797627308,1000-2000m,30.624278849911303,3.66121679305945
2053.000000000000000,827.035873454271496,"0-1000m",27.581663166907489,4.04085087754044
2054.000000000000000,1212.925546016916996,1000-2000m,31.789629077667396,4.57140493392944
2055.000000000000000,1933.298474672023076,1000-2000m,33.235236724421853,2.45829981565475
2056.000000000000000,2028.226100056493578,2000-2500m,31.548801229575162,0.345194697380066
2057.000000000000000,1731.823791187981215,1000-2000m,32.020059296190510,0.119860454735235
2058.000000000000000,1819.754284100182076,1000-2000m,30.938613053283476,0.000139984589425807
2059.000000000000000,1567.290816646789381,1000-2000m,32.204554933379384,3.55791980942211e-14
2060.000000000000000,1785.574453983083004,1000-2000m,33.301804911809064,1.24458861351013
2061.000000000000000,1059.938861339526738,1000-2000m,27.662792564169049,5.24027788775367
2062.000000000000000,668.124542355763197,"0-1000m",22.847421761199687,23.368096221456
2063.000000000000000,1318.556211160630255,1000-2000m,19.687732019954822,70.1173782348633
2064.000000000000000,959.359487791099127,"0-1000m",20.716292257726167,43.8250970840454
2065.000000000000000,1499.550751167781527,1000-2000m,29.366982793633682,17.5328159332275
2066.000000000000000,2377.712070805348048,2000-2500m,31.413601539435039,5.63961305031602
2067.000000000000000,2485.754503797627422,2000-2500m,32.587324815728593,0
2068.000000000000000,1925.461176322892470,1000-2000m,33.404696180187820,0.0690543204545975
2069.000000000000000,1461.291130500282407,1000-2000m,31.239795829317973,0.0962976664304733
2070.000000000000000,1192.770736018179605,1000-2000m,30.819951416096920,0.120658998369472
2071.000000000000000,1034.898625321699910,1000-2000m,30.915246854988165,4.69790494969669
2072.000000000000000,911.640888833092731,"0-1000m",29.345602113354509,5.98825300393534
2073.000000000000000,1246.559840929175607,1000-2000m,33.930620835774498,3.07251346111298
2074.000000000000000,1769.326062394074370,1000-2000m,30.963590087543206,1.94438377692125
2075.000000000000000,2458.127555319746534,2000-2500m,18.584528036442514,9.54551529884338
2076.000000000000000,2176.662670265519864,2000-2500m,14.053281945248868,17.1238422036445
2077.000000000000000,2138.345806934864868,2000-2500m,18.047616901427308,15.8171145119892
2078.000000000000000,2216.792166216810074,2000-2500m,29.699787948126016,8.94743479821922
2079.000000000000000,2126.639056209231967,2000-2500m,27.478769456523644,11.1138929036547
2080.000000000000000,2165.955903584206681,2000-2500m,35.401453616974408,1.69343926757574
2081.000000000000000,1656.825754502044219,1000-2000m,33.232510121719173,2.51820546388626
2082.000000000000000,1113.355513248650141,1000-2000m,27.691404949594467,2.71502834558487
2083.000000000000000,1058.453078902768084,1000-2000m,30.377760004515892,3.50231957435608
2084.000000000000000,2127.836740426328561,2000-2500m,31.023961877204489,1.83745846152306
2085.000000000000000,1945.314721762741556,1000-2000m,29.858849801265695,0.186536252974183
2086.000000000000000,1957.466480446927335,1000-2000m,30.848955354878903,0.0640823391952175
2087.000000000000000,1882.628850535251786,1000-2000m,32.005738586342886,0.0806428764287627
2088.000000000000000,2111.577447645204757,2000-2500m,33.386510894362488,0.484048836810292
2089.000000000000000,1856.005178582637654,1000-2000m,32.127201860447457,1.2445886135102
2090.000000000000000,859.349770606410516,"0-1000m",23.247969706924707,12.926420812086
2091.000000000000000,852.606113866047281,"0-1000m",19.599470311489046,23.3661962786418
2092.000000000000000,1218.022596048812375,1000-2000m,20.615545901085284,46.6921853409449
2093.000000000000000,1520.974407790019086,1000-2000m,26.230472243251594,43.8250970840454
2094.000000000000000,1437.420249827380530,1000-2000m,34.209037343855201,12.1269818571871
2095.000000000000000,1773.877094972066971,1000-2000m,33.566741373567190,3.78728035270285
2096.000000000000000,2263.780687244468027,2000-2500m,30.133630099920563,0.0277752826869708
2097.000000000000000,1701.954334316740869,1000-2000m,31.338816117226614,0.0372061928309823
2098.000000000000000,1728.147873037670479,1000-2000m,31.195913360097151,0.0575424064828614
2099.000000000000000,1614.490215661184038,1000-2000m,31.016173767120701,0.0962976664304733
2100.000000000000000,1928.262977841943439,1000-2000m,34.787175634605596,0.108420157992278
2101.000000000000000,1944.876439561811367,1000-2000m,34.809252864318253,4.50840848080922
2102.000000000000000,1478.119627976655011,1000-2000m,34.149983011410264,5.7165879513162
2103.000000000000000,1238.832716088130155,1000-2000m,33.946086983026476,3.07251346111298
2104.000000000000000,2421.534721138541045,2000-2500m,34.514662734383769,1.65547758238212
2105.000000000000000,2336.235417121812588,2000-2500m,21.498920917684394,3.15751361556296
2106.000000000000000,2108.166255734839524,2000-2500m,15.381972765040620,9.54551529884338
2107.000000000000000,2287.595285920532206,2000-2500m,17.599113125604500,27.6444642339577
2108.000000000000000,2468.479573047033682,2000-2500m,23.074695012598195,25.3342668617562
2109.000000000000000,1770.409924047454751,1000-2000m,30.310970472683518,3.49330043722321
2110.000000000000000,1854.352704347554663,1000-2000m,34.143456696994527,1.02878006575483
2111.000000000000000,1168.410973440279577,1000-2000m,29.983184635033137,1.50500122879027
2112.000000000000000,1141.105078149519841,1000-2000m,29.593037028190906,2.43323421478271
2113.000000000000000,1939.515683031116396,1000-2000m,28.163534823788272,1.21661710739136
2114.000000000000000,1664.360132330451506,1000-2000m,31.088781037342113,0
2115.000000000000000,1573.901983554076878,1000-2000m,29.721726097965536,0
2116.000000000000000,1256.383414999531851,1000-2000m,30.966383259425729,0
2117.000000000000000,1524.246777566243281,1000-2000m,32.976092792691496,1.13999549547831
2118.000000000000000,984.202435503107154,"0-1000m",26.899330949402323,9.00272262096405
2119.000000000000000,567.198776567522827,"0-1000m",17.234672242312875,25.6415072015257
2120.000000000000000,1328.682631347686993,1000-2000m,26.103478261210036,21.2085745730871
2121.000000000000000,1624.679410754970149,1000-2000m,32.604084402764570,2.20645451545715
2122.000000000000000,2292.821603570425395,2000-2500m,33.620084304931474,1.10322725772858
2123.000000000000000,1606.340562425459893,1000-2000m,31.436739144632067,0
2124.000000000000000,1955.127212009612776,1000-2000m,34.552907141420498,0
2125.000000000000000,2335.688461658500273,2000-2500m,32.022461713084759,0.0377547417442375
2126.000000000000000,1963.684560406978562,1000-2000m,28.300414852215233,0.134612864075661
2127.000000000000000,2439.339683635678739,2000-2500m,27.802265369697562,0.101529109433128
2128.000000000000000,2034.899409955432702,2000-2500m,33.819869615369583,0
2129.000000000000000,1467.069005336912142,1000-2000m,33.872745357499234,0.0154506509867552
2130.000000000000000,1460.211884772635131,1000-2000m,34.088445628672289,0.708515119461752
2131.000000000000000,1182.985468583265174,1000-2000m,34.369803174931420,3.31500864028931
2132.000000000000000,1426.856964514216088,1000-2000m,34.611011021361271,3.59421757319205
2133.000000000000000,1937.246877157742802,1000-2000m,33.762421293216661,2.23940752676178
2134.000000000000000,2199.124028588370948,2000-2500m,34.914401803259658,1.32124038557872
2135.000000000000000,2371.400382901261764,2000-2500m,28.890414366722943,6.34680178016424
2136.000000000000000,1955.763605548929718,1000-2000m,30.173525012368277,10.6983661313354
2137.000000000000000,1877.839307011487335,1000-2000m,31.111730945224465,0.495903419240728
2138.000000000000000,1498.111135521938422,1000-2000m,27.586438913770326,0.723544077085255
2139.000000000000000,1171.808041913899842,1000-2000m,30.308762932439350,1.18485635036422
2140.000000000000000,1927.426150273052599,1000-2000m,30.147889366807998,0.324362143874168
2141.000000000000000,1381.278544975205477,1000-2000m,29.504542970998305,0.0992398290023637
2142.000000000000000,1663.594716576189967,1000-2000m,33.074196602696283,0.208907314981849
2143.000000000000000,1465.282781997363600,1000-2000m,31.591375704263179,0.469486377256419
2144.000000000000000,1026.604952608122630,1000-2000m,33.931388383225269,1.70404720306396
2145.000000000000000,507.533960358540583,"0-1000m",18.315251350654083,5.37987056873376
2146.000000000000000,1046.296528780365406,1000-2000m,26.281734616757316,17.7750611305237
2147.000000000000000,1806.703225602827843,1000-2000m,31.967497906049669,14.4848232269287
2148.000000000000000,2098.839966103822917,2000-2500m,34.773631537643894,1.32387271523476
2149.000000000000000,2451.789059067227299,2000-2500m,36.045411694928845,0.661936357617378
2150.000000000000000,2160.492519883853220,2000-2500m,36.034417400244017,0
2151.000000000000000,2309.456970686083878,2000-2500m,33.859075481398484,0.00508614750877046
2152.000000000000000,2354.578055363755993,2000-2500m,28.813119733454840,0.027085057205789
2153.000000000000000,2031.194306697633465,2000-2500m,33.527937994840677,0
2154.000000000000000,1638.073538694609169,1000-2000m,32.926063678021073,0
2156.000000000000000,2157.314041805285342,2000-2500m,32.247041181181778,0.642458422575714
2157.000000000000000,1408.654462820351000,1000-2000m,34.607624505968772,3.31500864028931
2158.000000000000000,1857.195059946017182,1000-2000m,32.969594691003977,3.10581146926412
2159.000000000000000,1559.728538063375936,1000-2000m,31.691543083996983,1.93331503212558
2160.000000000000000,1468.841629527336636,1000-2000m,30.990990812884181,1.17047665216287
2161.000000000000000,1966.227481011863574,1000-2000m,34.084878553056782,0.120420344173908
2162.000000000000000,2173.971846989016740,2000-2500m,34.597300146141869,0.681467507528282
2163.000000000000000,2238.702937668696450,2000-2500m,34.185934527070629,1.02487919412664
2164.000000000000000,2301.577019647228553,2000-2500m,32.946926136226161,0.195418274260402
2165.000000000000000,2335.861614806030047,2000-2500m,26.507308667461899,7.24492445215583
2166.000000000000000,2027.233856621204040,2000-2500m,27.308943937865095,14.0575439350539
2167.000000000000000,2286.868699478792678,2000-2500m,33.961093292332592,0.0773422043474523
2168.000000000000000,1431.145313816672342,1000-2000m,29.184271984425354,0.0824998307509726
2169.000000000000000,1693.157742765677085,1000-2000m,32.264858514788315,0.137384372700999
2170.000000000000000,1585.012889735027102,1000-2000m,30.672177123168240,0.10129841417076
2171.000000000000000,1121.380918198557993,1000-2000m,31.054373862531957,0.189980122582752
2172.000000000000000,1363.632697256920210,1000-2000m,32.172766799356495,0.413057894942534
2173.000000000000000,1317.895321619175320,1000-2000m,30.961528422373121,0.738651135374204
2174.000000000000000,1033.744764520458148,1000-2000m,29.532495640067516,1.8191511631012
2175.000000000000000,934.823582951478215,"0-1000m",28.251978421866191,2.17189600951906
2176.000000000000000,1464.210979682282186,1000-2000m,33.540715399617255,2.45208922527323
2177.000000000000000,2277.795022283597973,2000-2500m,31.834365395115206,1.78927770602841
2178.000000000000000,2414.218095565057411,2000-2500m,29.360848163279915,0.0279733397324496
2179.000000000000000,1946.929465372491450,1000-2000m,30.915765096818674,0.0127318799495697
2180.000000000000000,1867.474360975000764,1000-2000m,34.737268504727261,0.189545494651972
2181.000000000000000,1507.312001757579537,1000-2000m,32.383671020022476,0.94679120182991
2183.000000000000000,2327.433257388970560,2000-2500m,31.631644158465026,0.201462922893487
2184.000000000000000,2127.730782435005040,2000-2500m,35.525865627110953,0.0240840688347816
2185.000000000000000,2306.683070742577456,2000-2500m,36.174187301168445,1.88798271496314
2186.000000000000000,2112.943572297993342,2000-2500m,33.702830076847157,3.02152817434494
2187.000000000000000,2063.024250179457795,2000-2500m,25.518188341598975,8.44425344467163
2188.000000000000000,2105.285665241409333,2000-2500m,32.651555306467245,0.024119668488407
2189.000000000000000,1715.113760494366488,1000-2000m,28.589790677912731,0
2190.000000000000000,2207.092712321888030,2000-2500m,33.561091027616115,1.79285572562868e-13
2191.000000000000000,1409.668892980868350,1000-2000m,31.765248963575878,1.83884167671237
2192.000000000000000,963.425486095939618,"0-1000m",30.162674955783384,2.86084120342902
2193.000000000000000,1254.058313979034665,1000-2000m,31.946746762376435,2.49528089466808
2194.000000000000000,647.554757966355623,"0-1000m",26.607297066648194,2.16039321103445
2195.000000000000000,922.753909054024575,"0-1000m",29.900864769295051,1.28356319665909
2196.000000000000000,1537.049902705417026,1000-2000m,32.834714930735146,0.954714463364244
2197.000000000000000,2444.058612402858671,2000-2500m,27.312424210964533,0.183785984039406
2198.000000000000000,2120.063210093528141,2000-2500m,31.758684348260054,0.0056180024985224
2199.000000000000000,2283.125370618894522,2000-2500m,28.668520202300130,0.0254637598991394
2200.000000000000000,1577.789090452576829,1000-2000m,31.206537098927733,0.354736849665642
2201.000000000000000,2408.984332573889333,2000-2500m,31.288206888142817,5.40792546014087
2202.000000000000000,2260.270262593106963,2000-2500m,30.238118015322151,5.9751821382354
2203.000000000000000,2149.670108593308669,2000-2500m,25.350674292338621,9.24380588531494
2204.000000000000000,2166.349099240474516,2000-2500m,29.181597175303605,0.0227304762727489
2205.000000000000000,1917.249858765928138,1000-2000m,30.345331938916804,0
2206.000000000000000,1765.696566090140095,1000-2000m,34.289607545297947,3.59537074294777e-13
2207.000000000000000,1254.355313539639610,1000-2000m,30.709463999353598,2.99720382690484
2208.000000000000000,791.669951666562042,"0-1000m",31.194265852640054,5.62663426315402
2209.000000000000000,753.290619871228387,"0-1000m",26.720967038964503,4.66559500259845
2210.000000000000000,767.598047831272311,"0-1000m",32.149228717196259,3.62468712265118
2211.000000000000000,928.536563931956607,"0-1000m",33.333989253373026,0.926504492759705
2212.000000000000000,2017.706413331650083,2000-2500m,32.997477381386140,0.145294710354644
2213.000000000000000,2271.011204393384560,2000-2500m,32.089622827874798,1.93364805898307
2214.000000000000000,2324.261094720984147,2000-2500m,31.957723235618399,5.16234342650283
2215.000000000000000,1936.384533299855548,1000-2000m,27.171945235673295,3.18727716803551
2216.000000000000000,2143.424693851786287,2000-2500m,26.178452238721817,0.504030575230662
2217.000000000000000,2317.413784445420333,2000-2500m,29.298988129755827,0.00378177101304467
2218.000000000000000,2441.208969827041983,2000-2500m,24.153802420789756,0.00460713066798368
2219.000000000000000,2268.010890716213453,2000-2500m,26.225077409262603,6.21717867587048
2220.000000000000000,1510.733935109203458,1000-2000m,23.710843155969108,17.1379837989807
2221.000000000000000,1587.284382650178713,1000-2000m,23.302804622101739,19.6279539876436
2222.000000000000000,2426.022691607557590,2000-2500m,31.293393078108355,3.29695691293071
2223.000000000000000,2216.416247932336773,2000-2500m,34.507758944318930,0.0779667908434897
2224.000000000000000,1302.122249617677198,1000-2000m,33.394824432003283,0.0468145285980041
2225.000000000000000,1163.234166091268662,1000-2000m,33.229607035923394,0.00166806204660754
2226.000000000000000,860.063418744733326,"0-1000m",30.222386341381657,2.45189578726422
2227.000000000000000,739.900720951281187,"0-1000m",30.078890953994691,4.99204597191079
2228.000000000000000,1135.304186805599102,1000-2000m,31.970534805360511,3.53265669848966
2229.000000000000000,1316.680284635310954,1000-2000m,31.725039778809961,2.54453217795024
2230.000000000000000,1706.392372273025103,1000-2000m,30.432264411826377,0.586432796902955
2231.000000000000000,2219.599114933149394,2000-2500m,28.271391073225789,0.465139524973464
2232.000000000000000,1944.623607253206728,1000-2000m,29.580834330520087,1.56167674729377
2233.000000000000000,1619.061201431171867,1000-2000m,29.297602700083910,2.69399533307347
2234.000000000000000,1723.767735089416647,1000-2000m,24.531804055716066,4.0596170425415
2235.000000000000000,2152.088854904653545,2000-2500m,28.997827682229545,2.0026809015749
2236.000000000000000,2449.346587185169028,2000-2500m,25.144204626130605,0.00346158013639339
2237.000000000000000,2372.503667176430099,2000-2500m,25.088428439548363,4.52647413810094
2238.000000000000000,1766.537097482895206,1000-2000m,28.615855035276358,26.0002759297689
2239.000000000000000,2113.363378171717613,2000-2500m,27.420910836665495,17.9257683753967
2240.000000000000000,1800.529251145565240,1000-2000m,26.305879721833687,2.96207189341082
2241.000000000000000,1972.439959826752784,1000-2000m,33.271640910425070,0.0788538422292662
2242.000000000000000,1507.146343747074070,1000-2000m,33.849856013491554,0.157639072537403
2243.000000000000000,2013.690708779376337,2000-2500m,34.692796250565998,0.112787321220259
2244.000000000000000,2318.816113238340222,2000-2500m,36.393964150579414,0.00416444442257456
2245.000000000000000,1208.935988265035348,1000-2000m,31.027738288264548,1.6339338470716
2246.000000000000000,840.724290752473394,"0-1000m",24.380190060321432,3.22829868608467
2247.000000000000000,1418.831115435314587,1000-2000m,26.841780701661303,1.27723223433984
2248.000000000000000,1851.910801785212698,1000-2000m,26.700035285262214,0.53302040488704
2249.000000000000000,1758.770387940451428,1000-2000m,24.057635046684862,0.0763252610340714
2250.000000000000000,1735.969650367208487,1000-2000m,26.465074540379089,1.34049070777871
2251.000000000000000,1260.690365469242579,1000-2000m,25.763619331135772,4.37043707718524
2252.000000000000000,1605.632226476680671,1000-2000m,25.550462899543575,3.53175666131473
2253.000000000000000,2162.445928653912233,2000-2500m,29.749212082721357,1.45080089569092
2254.000000000000000,2178.523329484098667,2000-2500m,23.653203021991420,0.906926646036347
2255.000000000000000,1814.881589213820007,1000-2000m,24.671505214136655,1.04044362902641
2256.000000000000000,2047.902391563618039,2000-2500m,31.030776019147904,7.80479653442649
2257.000000000000000,2043.919496578996814,2000-2500m,24.902169001731330,1.34692496061325
2258.000000000000000,2389.211697512561841,2000-2500m,34.597736086160644,1.07753998041153
2259.000000000000000,2349.650116125792465,2000-2500m,34.674672846115861,0.0729562509804964
2260.000000000000000,1837.488195934856776,1000-2000m,33.798465860198093,0.0837458686406306
2261.000000000000000,2117.815108907162085,2000-2500m,31.540657066849228,0.16128952420541
2262.000000000000000,2082.824738038126725,2000-2500m,37.954116923738269,0.00280146865888921
2263.000000000000000,1531.186303433557214,1000-2000m,35.855696870487996,1.3092035332229
2264.000000000000000,951.504770573096494,"0-1000m",26.036627238275020,2.23500670947033
2265.000000000000000,773.961652569120020,"0-1000m",22.908162233540263,8.51585631371712
2266.000000000000000,1123.480070303182401,1000-2000m,25.347006966205644,8.09181546624625
2267.000000000000000,1115.056776096917929,1000-2000m,24.141508573475633,2.0451263487339
2268.000000000000000,1059.903547531877393,1000-2000m,23.551467345498619,1.86511416060851
2269.000000000000000,1439.437700081601861,1000-2000m,23.897487150475246,3.55997501222603
2270.000000000000000,2357.774618103774628,2000-2500m,30.835480729179078,2.73024470229757
2271.000000000000000,2493.668005774904486,2000-2500m,28.262881282501656,1.16303718090057
2272.000000000000000,2424.636589040236231,2000-2500m,21.368618835087688,0
2273.000000000000000,2438.461652569119906,2000-2500m,22.953537239456914,0.102649755679595
2274.000000000000000,2339.650116125792465,2000-2500m,24.555231387630290,1.25284769856495
2275.000000000000000,1772.304720356537700,1000-2000m,24.981533687621468,1.1153861284256
2276.000000000000000,2196.440758742583057,2000-2500m,28.171137849956089,0.682335703846376
2277.000000000000000,2295.663517669951489,2000-2500m,31.696270909129840,0.0920811234164167
2278.000000000000000,1693.168752535813383,1000-2000m,35.253009888000769,0.0205650944262743
2279.000000000000000,954.254346870880681,"0-1000m",27.339797461516415,26.3097698224132
2280.000000000000000,625.227957928903606,"0-1000m",17.308467605434799,26.7919689215711
2281.000000000000000,1141.107424861895652,1000-2000m,25.941936262657517,9.920330286026
2282.000000000000000,1300.784162952733595,1000-2000m,28.878538948135155,3.02313737604978
2283.000000000000000,1653.772447801254657,1000-2000m,27.166940702782828,0.251701302503062
2284.000000000000000,2012.405655639947327,2000-2500m,29.743469719724711,0.0142755200661904
2285.000000000000000,2080.178021909428480,2000-2500m,25.185788252317501,1.65092657852158
2286.000000000000000,1960.579289035922784,1000-2000m,27.403908767368687,1.41515606641769
2287.000000000000000,2294.594469901449884,2000-2500m,28.394978964222716,0.2050502510118
2288.000000000000000,2426.838956337192940,2000-2500m,34.257778973702841,0.0542340632528067
2289.000000000000000,1767.855404013607313,1000-2000m,36.305701985817777,0.0593789702511715
2290.000000000000000,2073.453173058815992,2000-2500m,35.757049466493882,19.4058014031846
2291.000000000000000,909.076027589650721,"0-1000m",27.741850294976938,19.7984730324276
2292.000000000000000,1409.887675166193048,1000-2000m,29.444886848234194,9.920330286026
2293.000000000000000,2086.931046387546303,2000-2500m,31.944361420301149,2.85034508602877
2294.000000000000000,1790.118660466277561,1000-2000m,26.081568009119874,0.317973345113865
2295.000000000000000,1914.953989077898541,1000-2000m,28.299042263554853,0.079670543628221
2296.000000000000000,2316.160294622514812,2000-2500m,28.957729248895426,0.0119821419939399
2297.000000000000000,2355.579844328667605,2000-2500m,31.030528869122701,0.31770407141355
2298.000000000000000,2178.204113479604075,2000-2500m,30.219516400474827,1.41515606641769
2299.000000000000000,2433.987665557717719,2000-2500m,30.562072891249553,0.0146794677708554
2300.000000000000000,1936.517073630029472,1000-2000m,33.810666481985010,1.47054040719056
2301.000000000000000,1015.366549494695846,1000-2000m,30.448604102301985,2.69391584396362
2302.000000000000000,1807.803055169801837,1000-2000m,30.278645952156189,2.36328206571246
2303.000000000000000,2085.339212855439200,2000-2500m,23.089640376257258,0.680237733038931
2304.000000000000000,2402.700637545764494,2000-2500m,25.060490396832009,0.363251077247342
2305.000000000000000,2212.610748728191993,2000-2500m,32.306477505235087,1.09552068889208
2306.000000000000000,1259.070815517618030,1000-2000m,31.141781246597851,2.69391584396362
2307.000000000000000,1051.580213129004278,1000-2000m,30.596625686375383,2.34718510778767
2308.000000000000000,1422.590930370462956,1000-2000m,29.827537693229687,0.656380480273888
2311.000000000000000,2479.290126169104042,2000-2500m,31.839119420606739,0.00188492593651557
